,pp_upper_001,pp_upper_002,pp_upper_003,pp_upper_004,pp_upper_005,pp_upper_006,pp_upper_007,pp_upper_008,pp_upper_009,pp_upper_010,pp_upper_011,pp_upper_012,pp_upper_013,pp_upper_014,pp_upper_015,pp_main_001,pp_main_002,pp_main_003,pp_main_004,pp_main_005,pp_main_006,pp_main_007,pp_main_008,pp_main_009,pp_main_010,pp_main_011,pp_main_012,pp_main_013,pp_main_014,pp_main_015,pp_main_016,pp_main_017,pp_main_018,pp_main_019,pp_main_020,pp_main_021,pp_main_022,pp_main_023,pp_main_024,pp_main_025,pp_main_026,pp_main_027,pp_main_028,pp_main_029,pp_main_030,pp_main_031,pp_main_032,pp_main_033,pp_main_034,pp_main_035,pp_lower_001,pp_lower_002,pp_lower_003,pp_lower_004,pp_lower_005,pp_lower_006,pp_lower_007,pp_lower_008,pp_lower_009,pp_lower_010,pp_lower_011,pp_lower_012,pp_lower_013,pp_lower_014,pp_lower_015,rch_mult,ghbcond_mult,riverbedk_mult,channel_mult,backfill_mult
base,0.0,0.0,0.0,0.0,0.0,0.0,0.0,0.0,0.0,0.0,0.0,0.0,0.0,0.0,0.0,0.0,0.0,0.0,0.0,0.0,0.0,0.0,0.0,0.0,0.0,0.0,0.0,0.0,0.0,0.0,0.0,0.0,0.0,0.0,0.0,0.0,0.0,0.0,0.0,0.0,0.0,0.0,0.0,0.0,0.0,0.0,0.0,0.0,0.0,0.0,0.0,0.0,0.0,0.0,0.0,0.0,0.0,0.0,0.0,0.0,0.0,0.0,0.0,0.0,0.0,1.0,1.0,1.0,1.0,1.0
real_0001,0.036657374642754884,0.016158733293648406,-0.19683986067099424,-0.11435438002222514,0.3593387089401186,0.014237085528873247,0.18555077492328306,-0.10866834296639129,-0.5391925050356903,-0.46939354225437874,0.38103168050644115,0.7245964047659283,0.42082810174436835,-0.03617334476078059,-0.25866375179653883,0.6329006259524327,1.0535205140269526,0.582004448163552,-0.5261855262146249,-0.11064127799843462,-0.07495943319771457,-0.08006102050146724,0.4855620556664318,0.5248397973439919,0.536620974688663,-0.039479950356649224,-0.21292226536160724,-0.6620289701200035,0.3403528259943419,-0.6222097500987122,-0.08796996125137393,-0.23274036407344098,0.2428086797183007,-0.28213730617041477,-0.4219703060539592,-0.016581576178371915,-0.21684927929956993,-0.43861712961484534,-0.8983081642512672,-0.1965090386402049,-0.07178718279129347,-0.07783639192617475,0.6963983661751159,-0.6797775270064367,-0.6653250883653443,0.33355452361471943,-0.3094786119536688,0.15195371948825204,0.20388128753173015,0.9976960547900874,0.6409485949447,-0.08236512682111473,0.4658727112802269,0.3239414259698279,0.07098218591659664,-0.18335040133396832,-0.1115165467530229,-0.11582069014692854,0.5699504562716972,0.4294623734559793,0.1526582147893795,-0.3803817572647902,-0.014127582901860388,0.1731105928859515,-0.3464514500525571,1.0457075619631646,1.2591025321246279,1.1030820805801622,1.0779383410640004,0.6693647166770802
real_0002,0.07007193555620128,-0.20967113682277666,0.8993406474163759,0.5693160992930205,-0.20014510693245063,-0.0523915065672878,0.13827172349143482,0.3872614760086309,0.19382409844138712,-0.0974808698253831,0.7570298106042702,0.11519545222826402,-0.11379385488469163,0.31577097090955597,-0.23350034883261248,-0.15883477620293662,0.7843904931398001,-0.2813245823482189,0.10797613767663232,0.10184863095754579,0.6255787258267529,0.27816444211613334,0.17400530263543373,0.13812760371723934,0.27500149127061874,0.19220823190663916,0.07976228045618483,0.12803911729048048,0.4023882905322289,-0.38383068886176186,-0.27962215528398954,-0.05189567206356044,0.32126118917140317,0.18813457054212718,-0.03802984411966886,0.8096761473410701,-0.3701743488290544,-0.2450639930648856,0.5374151496643607,0.8448796630425962,0.24930881303731103,-0.4995561847684527,-0.038616161241684016,-0.5777219072719026,0.3780499305933379,0.4282515665999463,0.21499323009387417,-0.3013109635446602,-0.5539749157620653,-0.33182171620427586,0.3279250615318452,-0.09399865298249685,0.48237167870137476,0.4266628844430477,-0.6050613036494853,0.04013279172941318,-0.4327288606455085,0.027874384856829887,0.004835006846837723,0.14899227686645158,-0.20895809269016577,-0.8955055303697804,-0.21411803228082862,0.3447063012537139,0.03573939310315868,0.8440023840639257,0.7699207892625793,0.8844922225288698,1.0205106367452534,0.8784514673252383
real_0003,-0.4417768387205233,-0.048656695605928085,-0.36638573307278854,-0.22944063742796897,0.4791253431749429,-0.350093399117694,-0.018418642840706066,-0.49317225427979233,0.21848974515332187,0.5421057927338866,-0.10467191728373693,-0.08449680467944734,-0.04397132399343498,-0.3857512366040076,-0.5479781614347381,-0.9476952413172631,-0.344231885899695,0.5651777780390621,-0.44761771982399534,0.11253657857299891,0.8774320312476062,-0.025280106385027208,-0.9646647429763164,0.2431244980624768,0.7503910896382456,0.5513433292114466,0.6404903942540119,0.6427422483356129,0.1928590924059991,0.21677862941618908,0.31456132551699345,0.6317869855943963,0.5843610608888479,0.3371905084969964,0.5823922957463339,0.3013315629768346,0.3865089471914682,0.5720205141460812,-0.4163632504096378,-0.3028706086521756,0.29354432279564,0.5656931325135593,0.1670843839170387,-0.27688224444979037,-0.4041943224142853,-0.6700978635099524,-0.6721030686955521,-0.4303520546293593,0.9110334135590485,0.7839564025836903,-0.6916582455855136,0.19988409795241127,0.3951027189954246,0.29350124388839316,0.20088118146553607,-0.1461836545531945,-0.1380305690385764,-0.1418873496723387,-0.5833361140500337,-0.31526117522219815,0.10623552525375228,0.09640037652274987,-0.19915409495109448,-0.14548278015790983,-0.5732449489323334,1.1125676793709687,1.1295742020547284,1.2548894433882478,0.9705115020163665,1.1050566773686463
real_0004,0.5339926758688646,-0.17260743951540916,-0.041077677809593455,0.013389143162119,0.08530901810086657,0.6145919774290158,0.24290842846490396,-0.3289056100002406,-0.7633566468067626,-0.3743652960508692,0.2967381185105629,-0.08246578101437499,-0.5127949693016756,-0.2868643123676557,-0.1633016609493886,0.8295959424086402,0.32458608529113026,0.8945564285106216,0.6330658788716147,0.49487258397395983,-0.013966916146137449,0.3528679786340597,0.0557945001889669,0.11884167668645598,-0.010989968257661336,0.010019170510346967,-0.09004559853441234,0.497233631286299,-0.026015778733829792,0.582884463052314,-0.08630803477446705,-0.0035714589108945508,-0.706276911622287,0.36790100829316813,0.34666789997111136,0.2743241364629687,-0.3621356738078838,-0.14518582835567018,-0.179476106575202,-1.2,-0.48807491030070815,0.25503136095261875,0.23522594123553514,-0.6690216482160136,-0.21965221220326814,-0.5351952859442627,-0.6251845139247492,-0.3804457889658333,-0.06672241150355068,-0.5470529061434446,-0.31777253091830093,-0.48387409744218923,0.07405403818576109,0.3697491542285142,0.14356004498647187,-0.20206403594479194,-0.33307119430870763,-0.10409255534793772,0.4309219363060311,0.14693280768708508,0.03081964805058377,0.1865321883597966,-0.19553429053927812,0.3332479589364551,0.7261741486114824,1.141084707458682,0.9507212165315659,0.874482492712616,1.3176552214298525,0.9744008233472259
real_0005,-0.5516283352945098,-0.9383802979493606,-0.48721165374446274,-0.3790456832106004,0.12658131753752586,-0.7083033735997942,-1.0,-0.27973720942330166,-0.5175572203400587,0.23724096380686605,-0.5856682590546495,-0.9188547041811372,-0.4808076664522341,-0.04803102600903685,0.04093496257933264,0.4984422669305823,0.40427720113779597,-0.1721420180767999,0.5033145238861172,0.5236803635726984,-0.25223356811065445,-0.15929810774950398,-0.12940019159772503,-0.46146387986429116,-0.33062110182600146,0.15551432302138865,-0.3250712651091983,-0.06738225432657552,0.04818316626086876,-0.6963857270293591,-0.46680336355405444,-0.2188085932963391,-0.8905916802767486,-0.29474015126096065,-0.5522774046245672,0.41207907604518346,-1.150438695890138,0.20485906128669204,-0.05259175175181113,-0.7460763739746439,-0.7557972996179697,-0.1611913801171633,-1.1134383405552766,0.41552049642350597,0.0611896265012233,-0.5654977116713055,-0.6990667530474265,-1.2,-0.5451667862571027,-0.4509114723120771,0.23130722351388447,-0.21321164427907918,0.2523045828620538,-0.05409891754696738,-0.5677385288358664,-0.1239361594461912,0.06833490323614072,0.1766639265752354,0.4172402222543481,-0.21583883846572385,0.004719797946413478,0.15159533516941565,0.2957859898976824,0.13196837231218086,0.22626546580607212,0.7073447217019245,0.9908013481256729,0.8726769433795528,0.8755585109410564,0.8373590948986019
real_0006,-0.3019799252224442,-0.08777920272158134,-0.2454211545937417,0.2671505420686439,0.25327440420551484,0.017516160070316096,0.11550979581735923,0.04164940431866237,0.0184788136511251,-0.5454221365408501,-0.053938640802603,-0.205310281860005,-0.26322751433711106,-0.3746462171076864,-0.6723166813524303,-0.10485577264223625,-0.2974546445561216,0.1251644141637243,-0.0915718156190613,-0.472055673708479,0.19717229089719446,-0.21707084538241758,-0.6337395625854009,0.14458281583059204,0.0056650821565086325,0.722898060313106,0.08066456415107964,-0.7325179318148912,-0.32198998759468567,-1.1777019072310173,-0.004478158676882035,0.2887752516852974,0.7169319738709821,0.30101349719539233,-0.21187791968123745,-0.25952306055067187,-1.1348495792305848,-0.7286115775159583,0.1692441835707802,0.35483764229531545,0.15955772871224305,-0.10914431119407193,0.6900106881410494,-0.6401819404022424,-0.15915227576599542,0.03326784558477518,0.05289985138922027,-0.22944079501382367,-0.20812266242146926,0.08496910466898885,0.27640307626821203,0.21484787640566097,0.32765091410056757,0.5281264450440869,0.30449905027203045,-0.3776830281063268,0.7174604204506171,0.7028298033776978,0.45079959363368066,-0.40597791430099445,-0.21054312325815136,0.20404890364241338,0.10111425026632886,0.3140189109948388,-0.32954479732515185,0.8046730739706522,0.8420652233944077,1.1082263221609063,1.4120596341048157,0.8314468845688727
real_0007,0.35795441936709876,0.330660473477004,0.4277268933379737,0.44046091024765416,0.6338118998924676,-0.06227924503963418,0.02541049037906755,0.045178351574539845,0.017893119751292673,0.03596338043422431,0.5505607131454908,-0.03486918832880905,0.10819922209046993,0.06966952415635154,0.03064940791868268,-0.304841282892497,-0.09795415143095529,0.6625132415991728,0.18830666662514992,0.555284147987091,0.16444882355219398,0.21759375223225916,0.32392632246240693,0.40236152235500705,0.6236902245811236,0.2926670250324189,-0.12395816824637809,0.07490537387437282,0.09858630864483847,0.7520010177869783,0.3349400432806082,0.7117127964089096,-0.40681974871008586,-0.07586191559883652,-0.012950396469483191,-0.20016022630106628,0.024838912281580666,0.5026465103891883,0.3267122329492831,-0.31797213128190904,-0.1939946851077911,-0.3071282482341573,-0.026870432492259705,0.4682415139074909,-0.297152629425002,0.1779341848481338,0.024784919764829084,-0.04290564008492086,-0.45367822127200674,-0.3854992191739495,0.08368065057715496,-0.16912777067461413,0.4786202590906463,0.3825021397078582,0.1554698211387378,-0.3297875684042914,0.16777130253870143,0.32311052945283225,0.5584604366483297,0.8036664305104787,-0.16253757677507408,0.39021487080096806,0.39907327237961304,0.3609325387204707,0.05261930125661844,1.0191760604750928,0.9498315741466185,1.1525852964673873,0.9549137101543801,0.8219157338968228
real_0008,-0.18457008115983567,0.6797517907691956,-0.319133296872993,-0.7422161836898433,0.21708009643242965,0.011463701370115908,0.00719445550606376,-0.13384963935585786,-0.08075169533638471,0.3669979660419987,0.44396265981285177,0.6057536814075857,0.20232202029431692,-0.18040123582611198,-0.035925284736468166,-0.36394072715292863,0.05527180372358584,-0.4399660850650804,-0.16511470295456396,-0.9484516993628497,0.06765775845830643,-0.2047322188212313,-0.06783698655751354,-0.5150508017015261,-1.1692415976613042,-0.9404665605530995,0.3787744487918112,0.18353837162584394,-0.06820631043858275,-0.1467209932838751,0.276693309623057,-0.44316759280825957,-0.5720595893744251,-0.3189314085332786,0.6650833062554631,0.22512011277379448,0.44310652910407494,-0.1996568643663489,-0.7484430382190704,-0.8547594186604327,0.14841924099469828,-0.07861593074568998,0.17896112262138783,-0.1011400874105147,-0.31288428439689003,0.13807163667378933,-0.4829942911095447,-0.16295980773916177,-0.13843943809396056,0.18575486531513258,-0.18003069843820546,-0.1022312301990247,-0.1328982845367817,-0.18750049121503712,-0.5603656500590921,0.17256054175791982,-0.2982408597928333,-0.5908985596268862,-0.3239133307207326,-0.09493915569201457,-0.35574654158279495,-0.3989997953342012,0.21817661940707758,-0.5687943380412891,-0.3096657849717424,0.9525636111484627,1.1950066892048437,1.0896198727872408,0.7445967110059544,0.7801225928352644
real_0009,0.3658486770085878,0.337600177774143,-0.6035556731147953,-0.563271111656329,-0.16908136259387835,-0.15038166827900531,0.35907339452164305,0.22309126482179206,-0.2800726861826447,-0.055125927109460696,0.48938105971952806,0.3198129238610973,0.3161846740040819,-0.07283477433167992,0.2604246293376688,-0.4868824756738667,0.009778790922823171,0.6843822556808895,-0.149587767724475,-0.6296389847588943,-0.2845253529896151,-0.7743346824508436,0.013045040626975486,0.505579148878571,0.37924460250952385,0.8932477193362595,-0.5680492898516535,-0.33918251975729735,-0.4978267756947528,0.1682349042017095,0.43752244859638845,0.20086392286817797,0.3010396660470197,-0.5016407218579793,-0.9384292394549759,-0.4169768144999983,0.6021969753647762,0.28201659549865526,0.0018931442742991537,0.6250399525410412,-0.32217448666307685,-1.1755458477193685,-0.6134731049383904,0.4960491181368529,-0.39874322237661275,0.2509675893380944,-0.8152057900338787,-0.8853277168111873,-0.6629447469733726,0.013462430197582729,0.28703449375061735,-0.13012621368560728,-0.5283130049456879,0.033721442329352085,0.13716437728566735,0.22421297632849102,-0.1867633989824307,-0.1587772754793628,0.3913256182945355,-0.10072318141654119,0.08429368375287487,-0.4592665029724664,-0.5283539921089042,0.029360531143941052,-0.518883900320969,0.9974798263743567,1.0873982862981562,0.6628805365230384,1.013983916198965,1.5704082193190154
real_0010,0.19089793547569345,0.06308595625429193,0.38267575368917245,0.09303981633348747,0.14380289022208684,-0.40043752582445624,0.27068809711088315,0.3153713226181538,0.266079860798794,-0.40526363508440677,-0.38575958745340494,0.10714496548000628,-0.06348742525725802,0.11104120453717282,0.10752311311817701,-0.5588798779907201,-1.1811292198087364,-0.23421765088236934,0.5047740101604014,0.1821384261670569,-0.5863240920535973,-0.3618019112005632,-0.4959450551091031,-0.8954248649390213,-0.3826848430542619,-0.38247770839430134,-0.7210492166665953,-0.6832266704861195,-0.7336958664511491,-0.3198290863929992,-0.2756169583878337,-0.4373750897370528,-0.7624653521321532,-0.11698613069133905,0.26620438013134773,-0.1693289116098729,-0.3890049037604598,0.05087890410376593,-0.3204574645840566,-0.8517517839850667,-0.25368097571596965,-0.7788555239128426,-0.021737300941946366,-0.0689233780929879,-0.0294196590252282,0.2213009073109001,-0.18482063916796745,0.09478546532038985,-0.6782781607545952,-0.527294855370335,-0.16293905486724275,-0.290035131385049,0.4409564737394524,0.2371537128035333,0.05615246501062661,-0.8278951139280071,-0.6894437181250089,-0.5833994542344221,-0.19101772307616138,0.08274008285198707,-0.40165791344415624,-0.18134100681497184,-0.4552710767902471,-0.13229713577545799,0.411319177064363,0.872043410863963,1.2598467408114917,1.1076068879856502,0.7847509599362463,1.0743777677963888
real_0011,0.004604875218915196,-0.2946699829206366,-0.762312479183636,-0.12359909174088343,-0.05998629005138076,0.319619433252699,-0.03896247262178824,0.12579580005076157,-0.12596918755998662,-0.41761540973824723,0.1440484074306159,0.5923620985021589,0.3804903039063384,-0.4125783766141511,0.08213321632079967,-0.6889857883797342,-0.2945962945195547,-0.18006684627552452,0.7582039080216154,0.2553897809209047,0.3499779579375639,0.987229861209021,-0.21836189134718334,-0.05246058335607629,-0.31074302868739,0.6157183025668365,0.798340532654076,0.30178129777776136,0.022021572476276542,0.06391703335739055,-0.10651942923971523,-0.3711168579397148,0.11441409703836478,0.3049562741666669,-0.32970873880668466,0.19969351719303174,0.33311153869471444,-0.3821122758302468,-0.19247297953422882,-0.3395838938917634,-0.5036305938777005,-0.28143450579084267,-0.04114605076284132,-0.11733564237155707,-1.0995130141566385,-0.5793710696431559,-0.2764831135018512,-0.038262558461019704,-0.9838558442035706,-0.6413627118065479,0.21559350936803484,0.5925351989025818,0.5620108059370476,-0.14748857102695268,-0.07471570311141698,0.1997099295029133,-0.3348025350487791,0.45496102424823387,-0.3628017466581545,-0.3406628471307063,0.44368319449008514,0.30013180695090086,0.030058033073290417,-0.28286467327751613,0.23872404653357573,1.1319096962294242,1.176611783346654,0.7931383896651202,0.8496488304373,1.2216897636011845
real_0012,-0.13683878112997336,0.23011880545044572,-0.3203160695656833,-0.3759017979794802,-0.04985353615743356,-0.5107053776755757,-0.4310485998971595,0.07888267343005008,0.5588344072974731,0.09096833832965397,-0.21447583503047538,0.35598123979554813,0.06896939146810985,-0.2920339759258119,-0.4655432679047199,0.593175723739802,-0.8094098326224028,-0.259336326992254,-0.12314776806454576,-0.24882435201228115,-0.45875816098102884,-0.9201531331512682,0.07460681588217044,-0.5520696085312635,-1.2,-0.3620031624269098,-0.7509919228105375,-1.1455715213900302,-0.25568680978015024,-0.5067324672340192,-0.19980924126033556,-0.6880889886534121,-0.4895274327382908,-1.0276183226873,-0.7511755777074395,-1.057651487660775,0.02824635961470145,0.4587693961930648,0.2791681852209501,0.14705221882480055,-0.5134119473724814,-0.6704281703773727,-0.41687832296897726,0.2769472516345172,-0.06506705785202883,0.3684992252960997,0.05167673419004072,-0.3390198859683037,-0.18142266169251764,-0.0024280575958644623,0.3370340434194849,0.11779232940523418,0.11321829892643026,0.23513248512006435,-0.2998059645003773,0.26388104715947236,0.1829363203855025,-0.16047034667850543,0.4341208244416328,0.12181922589400232,0.10340933385695189,0.05859701996695646,0.020343604790378576,0.4074452340458785,-0.0840357355128623,1.1166687903143422,1.0658630018394364,1.0470552223176528,1.0794066600030983,0.8777306329702691
real_0013,-0.4624484262065895,0.19142537045390792,-0.005020554555877488,-0.08665786602935571,0.06445812923510584,-0.025335519113316503,0.39357816073477064,-0.8301324016120422,-0.5426975652316239,-0.1924527596072336,-0.013523985795342709,0.4139519558516449,0.2428338456043591,-0.08924182467434384,0.43755333001373753,-0.13134070961008992,-0.4314016627161486,-0.7601685953061799,-1.1381628466149174,-0.7878801982398996,-0.06737855725473417,0.21039280126131368,0.04297968930948436,-0.09802708985508111,0.0018686993774187832,-0.49474661968804273,-0.6253412877062452,-0.5674085254483475,-0.01661416119870503,0.2884319250629745,0.37130496752043435,0.6051378520239455,0.11567215486907985,-0.2143860141698096,-0.6072524413934609,-0.13300220426620826,0.016738356455092578,0.18682320599881685,0.5922093140984256,0.7434562879987502,0.21983995756126712,0.5926976975634217,0.3667748807284548,0.195528043757208,0.13039866425361796,0.511940616652987,0.6940514919171596,-0.17229369859682658,0.7861559460945031,-0.4544994621589732,0.32475549849873114,0.1831147212814386,-0.22532320426909608,0.2817479818202801,0.5013226015674878,0.019287748734350945,0.32484157653672896,0.18644641723992994,0.6360891099131532,0.3703601521758987,0.3626248845338702,-0.1824955425315481,0.3705971766845113,0.5418362474335775,0.5995577955781168,1.0099046046341824,1.261590178925169,0.715253112920188,1.111116417730025,0.9535108307034877
real_0014,-0.7607138009440788,-0.5600180366996265,-0.2891887980753386,-0.14644205018706707,-0.14731332172011588,-0.5889380786823164,-0.6517864556249532,-0.043653749760559905,-0.11254707520959872,-0.6017407854601784,-0.7267857984824371,-0.6626247441453904,-0.26327104746663826,0.1951695052652215,-0.46192525730410017,0.18898544347868634,-0.5272284817294822,-0.6426472668105424,0.10074349449039356,0.047912876506490155,0.8665867619998606,0.6696234207074361,0.7269852211507003,0.24072235911911746,0.3175662134493008,0.28720382930241445,-0.2563204008972169,-0.12085652525252946,-0.16239239769767283,-0.456106327056885,0.19497131607383897,0.7168840220363677,0.682796399792135,0.16066004865755673,0.22094649531051275,0.3449900381555434,-0.003078296553503363,0.009692362131505584,0.1292551235117554,0.13487114737064024,0.2732064849124071,-0.1729097164241867,-0.3042571924686536,0.021275809725629487,0.2994875047911439,-0.14500968932828318,0.2500082093128014,0.011092372059947776,-0.5346359871971457,-0.1345468935303184,-0.3248795068734942,-0.02417617197788482,0.7665929257876158,0.3300999746616867,0.22976881375184569,-0.011869902210719482,-0.17945499078835317,0.41714856336836853,-0.17407833806694709,-0.5601075908732359,-0.45838611162886267,-0.6986988250768866,-0.32183603389729937,-0.3466266209962221,-0.09007489618838795,1.169086181045205,1.0658489738107448,1.0892644295086127,0.8755664599491484,0.8216115046574113
real_0015,0.22268731784225929,-0.26259313358791797,-0.056032942838762985,0.44157190634227855,0.4232155843961376,0.25533347471199663,0.18628216692459212,-0.3703232261845271,-0.25520421179566183,-0.3277172299331031,0.002641622035793688,-0.08036482951174123,0.2431439752027108,-0.4484573164921532,-0.4158143240862215,-0.6981969594606733,-0.807443558203441,-1.1635206287566937,0.2927101621040363,0.14920092773283208,-0.756823794385874,-0.8867363859078212,0.4149924510454796,-0.5169905823664103,-0.6006266631372077,0.25476276065184794,0.07667646972971408,-0.24838622309737413,-0.11056503539419521,0.07022783479131026,-0.4432616771554371,-0.072878038743478,-0.16438896338686873,-0.23958275065914264,-0.023036437530963072,-0.2870269458632082,-0.06442535526112861,-0.21021525244420908,-0.7014002350926537,-0.7248516152521617,-0.44691953051332345,-0.04518331682729853,0.3634733088670025,0.10810762660030471,0.08305995927669875,0.5910402716069636,0.18816894608784726,0.10537692057862283,0.06839143127486337,0.5912316295965564,0.09948752400871258,0.08586760853049305,0.10111688937914608,0.46784187773056357,0.3566530523596866,-0.3122088618789277,-0.7090504200127984,0.44870718421339556,0.5329135972509371,0.274034774717979,-0.4931460754919837,-0.179419774984552,0.05355193225543683,0.15204003751741332,0.7428288484080275,1.070126401337807,1.124198226519559,0.8386802191385254,1.19748102900928,0.33707291627019953
real_0016,-0.7089736098797773,-0.21346604354689938,-0.11057837881078234,-0.5494964779859248,0.03155546033163881,0.4355237998963631,-0.06729048270961481,0.11778712228361865,-0.1742758933600374,0.05711971732868386,-0.25673563103503727,-0.20531325801694128,-0.9018182121427127,-0.7298412585208269,-0.47352520163027345,-0.112606205667478,0.7483560899469114,0.4222993550245149,-0.13414080800951206,-0.3767707871731976,0.025944458717405344,-0.705751357151601,0.21033301555632516,0.4592795707231141,-0.3152581901701243,-0.39696657594939005,-0.98819075370032,0.00864785207696264,-0.6130257006127493,0.6285701586089192,0.6860095308524264,-0.5592085056427205,-0.3706786589676825,-0.903220196574581,-0.28483542904642195,-0.749522004521628,0.41350477157977744,-0.22578100186159727,-0.9131415536680626,-0.41532989493605904,-0.06601984563526832,0.46827272284828,0.12739474425737046,-0.38519358019499905,-0.723443371280503,-0.7970872562956947,-0.24730482206513404,0.23269278209438976,0.19031447727934078,-0.10530664072061527,-0.1063468311034542,-0.421700704127623,-0.14072167458864215,0.18091313052050825,0.19584259314595778,-0.21323349086479845,-0.06347645484476551,0.18586200248203702,-0.17361458846254957,-0.03482938900555089,-0.03834164538029367,-0.19433117959405374,0.04460838989799064,0.193497540564922,0.41133860832891334,0.8711061305675143,0.9555143569697937,0.7434730699478956,1.231501551604227,0.6554976807880335
real_0017,-0.22481887468445455,0.1392272144117402,-0.4395429724532386,-0.41228575228692194,-1.0,-0.20125575622571412,-0.2394148454242403,-0.6680795833293725,-0.4382027601688495,-0.6650360396696721,0.165391202011804,0.3785433357666504,-0.5828481352327475,0.045935396585659455,0.2712866157012604,-0.3613086241929809,-0.2500614030269869,-0.32307168364040917,-0.10698571722735291,-0.13302888746779148,-0.050930931880251974,0.8316362718628615,-0.7923452154017999,-0.5737711508717267,-0.042834077365199986,0.1502265839753642,0.500704188732038,0.0606659296133085,1.2,-0.5442118630406885,-0.026984288848310084,0.22977181530615712,0.3975668524264926,0.7338475202440694,0.6142533856512201,0.26251053222167603,-0.2457236174539093,-0.3371493870158833,-0.6269307537529409,0.051802321214007914,-0.22959390397768503,-0.6782249747659318,0.20268517786045517,-0.08591430172618389,-0.2874688883973094,-0.12890196630123169,0.22020348276173948,0.009243260154157837,-0.1722343820863181,0.02345332959061211,-0.08682322915226853,0.399299111979275,0.15006225584356284,0.23984627320954888,-0.2933704207497454,0.1857307265920934,0.3843504713959199,0.3976618353164593,-0.10923579248696039,-0.47996602774214064,0.3735263275737914,0.1068823355095826,-0.07336686887647023,-0.016888611421671675,-0.4836619996920159,1.0553126176123748,1.0099818723788807,1.1427640272964799,1.2872603513126581,0.5473453300049014
real_0018,0.3398285878904682,0.10179762389454955,-0.18997845713240805,-0.0535917079539014,0.6755956775857846,0.2124059920080235,0.5803019701073955,-0.6316428742554417,0.00377581544634843,-0.009982904338615626,0.5974228612663904,0.7462573640639921,0.19107214132894573,0.26105424424328866,0.5376362303546343,-0.36208545729742797,0.08609734536366628,-0.2600755052792549,-0.15738773630213265,0.49443127776829937,0.4031252175037413,0.3221168375323135,-0.08994549150826325,0.31669530476618446,-0.1919184733157645,-0.2841146246464433,0.6015978857255045,0.46332837410908323,-0.10058830459895178,-0.34712712864784834,-0.17301106899133697,0.048251126508909024,0.38860999443965477,0.3886336928159026,-0.13648031937019853,-0.47589490308058147,0.32533052137744056,-0.6000340982882058,0.6176874200862938,0.6560774002013282,0.299439198957829,-0.3800646762875197,-0.06231475605419441,0.33758926190654176,0.01332676475659562,0.5612442546645726,0.07152136101332321,-0.05539428278882132,-0.2153029916754355,0.06373976179054472,0.3137330394089742,0.29311216399326856,0.357722288770119,0.45173861432642126,-0.4365212431187912,0.12289566289028589,-0.030663590594959437,0.28569931152415734,-0.7091841577223906,-0.7258156599760275,-0.07937306049293225,-0.04038963497754044,-0.8207304050161256,-0.3164439538992945,-0.5260343654108193,0.8561676098756501,0.8953864265049585,1.0483289043353503,1.1058826814251443,0.43755405551209814
real_0019,-0.3149779384638299,-0.503499176827056,0.010164301989828766,-0.08446795386047357,-0.1195203228479241,-0.38291479069088213,-0.5272201265850184,-0.3327139430878544,-0.0883065076304828,0.18137844357017777,-0.1141935997241128,0.09019208895587431,-0.16939168529379844,0.6739615250847477,0.38576278236070505,-0.25277300127278557,-0.6171518571977359,0.2656195515874636,-0.06999868078589329,0.29515783774491244,-0.12174032415516389,-0.28878342611650615,0.01570541963042674,-0.5574800959178934,-0.341202858845718,0.4710344164517377,-0.3850087443121137,0.26604865062454325,-0.415580910522173,-0.7571633267142804,0.3150347544928574,-0.4420879975326648,-0.09778214946940038,-0.1658869738880083,0.2088945221961209,-0.505578348650071,-0.038794627845746284,0.10997577031018878,0.14887935444110828,0.3256711977518262,0.5678367492190473,-0.6944736533974517,-0.08915688855215795,-0.4649071672344725,-0.33942855434624203,0.11462431758422137,0.17772706810859495,-0.15264893193076826,0.354833984387756,0.18998461631934044,-0.13268079457137233,-0.17838527425574302,-0.5766010721204743,0.24127004881670036,0.2368835748729801,0.5572533918256457,-0.0015091112285839114,0.02051982196652762,-0.08701410322676321,0.22846126932616442,0.7901623592054573,-0.21760067276966813,0.3847427979833872,0.2513152321746724,0.08325618521331428,1.131767545196091,1.1484375901892279,0.8772046397214206,1.2726857424171398,0.7011602564254743
real_0020,0.012230466407941214,-0.015938569712829653,-0.027500219487299568,0.20746229782619796,0.5506866813248149,-0.28993461477846405,-0.20495078270990738,0.01579945564383432,0.4915553164528383,0.7415615382433803,-0.1505934466450053,-0.15285606540929028,0.33616343416834427,0.6842833594993057,-0.04229123859596361,0.6057585972291533,0.1862920369912465,0.33055678472483585,0.012480692792430345,0.5269196766735803,-0.17123202091149323,-0.24611635710105162,0.26288109693776524,0.14897048587895356,-0.10121642709613349,0.12044601020308913,0.20556083374152506,-0.438943901663651,-0.08008906149491302,-0.577790642846112,-0.0014652022318451252,0.4881315549208125,0.05326200245313743,0.3748170020956226,0.38590666843895055,1.0849116670138654,-1.0759640614740336,-0.25850497132148087,0.32726627250867285,-0.10356730082688664,-0.153280994820206,-0.10855902599860923,0.0855572031757415,0.018725557430346332,0.21547981375386763,-0.2666345142753922,-0.45856860655558046,-0.15973204420719997,-0.2875094072867183,0.5115497177580338,-0.28129332716520417,-0.6530340527187163,-0.3875239322758587,-0.23489917925258283,-0.6734385615442162,0.00011732779810315572,0.06041929983848887,-0.3475283693472794,-0.41699044538762564,-0.39344635634546593,0.40915521642248687,0.3257980983615203,-0.24679404251304976,-0.42791852049781937,0.07234132320301885,0.9925111133520621,0.8232544565327702,1.2902357698042128,0.6238403144051885,1.3312389198454078
real_0021,0.2403734141786733,-0.28886349915745774,-0.44593504981114823,0.0682080310197754,-0.19149999426464212,-0.20351085838687163,-0.6465511094027149,-0.06276415296100335,0.23904733269266254,-0.09342635891814056,0.01753807718483113,-0.4068308466081226,-0.7021332881541213,0.1335734345830055,0.659375253405315,0.09293275731340221,0.3657843957075158,0.1721838497560274,-0.3068718837740314,-0.058704666744842,-0.918484063044164,0.065333715850329,1.0653882806386277,0.6148643604305284,-0.00423652925597879,-0.24016423103353776,-0.15577293624421984,0.21859732124766826,-0.7359992895499303,0.5563396202604152,0.9034285417421859,0.0900085585495858,-0.4908393346117913,-0.8342121965870297,0.29673696190760607,-0.14512451233172702,0.5761736679138445,0.9060068854925799,0.5203099706572941,0.5344850042341412,-0.2457079127684164,0.24727228741996687,0.1795963342375461,0.07029615475407239,0.2643772403293637,0.3040879415496145,0.6341386864361352,0.1980785910151486,0.028289422017208594,1.0577051113926066,-0.28016731051171145,0.28178622778661006,-0.024930887807035125,-0.06914615751617781,-0.17725248672120933,-0.2785957533819434,0.3079898143916477,0.06171318051491358,0.0748651559962499,-0.35705335993239107,0.39086326599860627,0.2007335375650071,-0.44441837053810135,0.17538392451142698,0.13227544393819818,0.972270645468211,1.1173525513626492,0.9118695156860515,0.9364186902743075,0.9888909580739114
real_0022,0.18472751590771433,0.37486718592017504,0.05393445540441251,0.1250093324070583,-0.5665525268891431,-0.3109016187544725,-0.0564750612488219,0.28844205232721776,-0.19427283599198003,0.5492980829232212,0.3970540512572027,0.022811985549241815,0.30487491951338325,0.5563291531584219,0.4404489625177638,-0.20573200505537947,-0.19936164316084679,0.25941561077163244,-0.11428055261477378,-0.2569151852535332,-0.23890414322695527,-0.65664542083361,0.35258056545076044,0.47435447459427116,0.5996476268989366,0.49659206502613645,0.24749803353745586,-1.2,-0.465358026466319,0.18387044346170658,0.6584471690843954,0.4863050715653442,-0.2427855481847315,-0.42525332116441283,-0.3415702502919729,-0.31757933104773706,0.10960522512628953,0.0475366974226302,0.06480018655824633,-0.5036468107685245,-0.1284720875859383,-0.9723851259152858,-0.3152833743942949,-0.553966947917543,-0.37114032443639144,-0.22077448271914893,-0.9383317430258259,-0.538612072440926,0.020330217419162196,0.0884898978400988,0.19156232750677193,0.060302947230718086,0.6287070796869949,-0.0941208294585607,-0.2896053627306533,0.2532887019978217,0.37022001163224755,0.14955642637133326,-0.03280216361555037,0.4006708176766241,0.16334206349510022,0.09732587232395223,-0.4836213758335672,-0.2748338866508564,0.1079172472342213,0.8978605683394087,0.9714023413742261,1.006421534794187,0.8265989487353147,1.3226409405802935
real_0023,-0.38032530886520466,0.3071844496988897,-0.42843204152790454,-0.11502885374270122,-0.24859806709052645,0.8831227387445497,-0.03885300309536138,-0.31999948693956526,-0.04255915343370834,-0.5777269009682615,0.18053629677961083,0.02831467483904872,-0.07833596557731819,0.3816603555022596,-0.05488530950036738,0.7187305128605427,0.3102876837223437,0.2890915062253952,0.44283163554441907,-0.29291251191222534,-0.18514667574882354,-0.983545959047723,0.5614232494274959,0.8916454302938044,-0.05225652437143884,-0.3891734631371917,-0.7904511669595558,-0.5819958365470216,-0.4341091161701808,0.10387265953177209,0.4206496711365177,-0.25237776200377016,-0.7832432197866768,-0.02941382417055856,-0.5417274675522197,-0.5605647514256559,-0.4513891763732318,-0.077890171034247,0.253785841990012,0.6142221004054748,-0.11744360604770658,-0.45910267211967465,0.07185905893053993,0.047670449110194316,0.11616618637666411,0.33553750778240815,0.351664105371198,-0.6918665202704956,-0.5815888562886156,-0.3023698856385628,0.061918125068732455,-0.5184089368249627,-0.24577680433106983,-0.270796231033544,-0.24730967739729076,-0.4299788968695303,-0.022714471825480458,-0.4542213628679983,-0.07662393181938988,0.12502309157865407,0.20095984155751634,0.2554371088046963,-0.03470594329842771,-0.10548609061980672,-0.12695783560055698,1.1833812008011044,1.1756870640200978,1.05378268953572,1.0238451722254784,1.1027456442252188
real_0024,0.03252092769842122,-0.3878311373817425,0.08274429044285732,-0.05694640197305136,0.028579172873520325,-0.08457732103299023,-0.6036946447380773,-0.08506336197790496,-0.21731595406506923,-0.9226929627515629,-0.32536094304872804,0.08872053771499068,-0.13468594713823068,-0.48079291625257464,-0.9892783642706671,0.3593324143603818,0.14732365156627492,0.05575640356561586,-0.11446002857124299,-0.12635450840936738,-0.09205315684558776,-0.5276032609711602,0.47485120304575024,0.7885773475743769,0.48078143946839375,-0.34968985069065384,-0.7081650544899817,-0.0035302873904177043,0.10003058781898364,0.2960111787415897,-0.622499419561381,-0.10245843589257123,-0.06498838463390363,-0.09105791433673217,0.49218861792504903,-0.3046216014988819,0.7139287013741016,0.41783302869338945,0.5069802829088136,0.28015762467761657,-0.0469948220105048,0.07548166734355019,-0.09465389566933234,0.029519902449667377,0.41896973972721785,0.6050063808962443,0.08475660993405336,-0.27001488172203447,0.48491654895138164,-0.059497746464269065,0.009499935598558273,0.18633808785022601,0.4977197346195147,0.07694879789809146,0.2446305997364183,0.09902148868434699,0.5282802523852697,0.32440897683823616,0.6534671825673966,0.20284422936821192,0.552594425228773,0.723522569744569,0.5007550318196913,0.4944344939447859,0.2779747044672053,0.9768205776896797,1.1126303483096889,0.8760668131742773,0.8857101561606525,1.1956397064287898
real_0025,0.485141138827956,0.565259914095583,0.037449397981601365,0.6959601234908529,-0.0413784732445606,0.4918555711951606,0.20209755242612865,-0.1521451761199621,0.20664166120467256,-0.08643512932601838,0.09982420060403903,0.01765560902103957,0.0193987188981807,-0.6055760672992143,-0.48327567240088115,0.04287091276972253,0.4382986676405744,0.23690085982132236,0.09606573427005609,-0.5282178131150355,-0.4167921831513321,-0.8643038097612008,-0.4426729212086947,-0.80197239135497,-0.19712334371278392,-0.2461722477031604,-0.6640249443437393,0.08294292883069437,0.9934374705344214,-0.3885544854367068,-1.023205641598511,-0.5820380364243565,-0.2919096388966917,-0.6615432648890748,-0.15678486984596599,0.6132039520736976,-0.6769027339524266,-1.1680438464877465,0.10325263761015088,-0.24472737032027547,-0.8593628273717515,-0.4783167833015188,0.42636891561894597,-0.8242440641290713,-0.14920168369225215,0.37652420730951514,-0.27471812277944213,-1.045916261687919,-0.331219821760441,-0.3588120549433163,0.05351220053334517,-0.28723404141108455,-0.0587523678462891,0.20773683183116426,0.3990499008265589,-0.2286248288892108,-0.13476395738679248,-0.17545263204737604,-0.032925927658091284,0.2551493589522543,-0.09760490361572398,-0.7718987503491287,-0.35657245254198383,-0.31893711355222554,0.015638789734176727,0.9357508266755339,1.2730969236470202,1.094227258679986,0.9667684316100535,0.7747757511738562
real_0026,0.09599103419332065,-0.05008207848792146,0.18450643218628987,0.00803366682838472,0.05381299074732838,0.41065651094815514,0.224309069703824,-0.26557229859708553,0.30748481585895715,0.21795886813949414,0.29550927213877715,0.1191587493696314,0.022033123934384283,-0.1942650218378918,0.03604085893704607,-0.6214090685176956,-0.1839630824986177,-0.006478048712178189,-0.15157993092093144,0.7214527955976885,-0.3178609399672267,-0.3775540789836577,-0.4409261456056425,-0.2107075355293972,-0.6703443466674649,-0.37560963790788937,-0.25084025681736666,-0.08084502604627296,-0.390082855226357,-0.4039280503889372,-0.6754264985581552,-0.34529038022691755,0.1253611150948134,0.08643723471148816,-0.012234408645244721,0.32865154894968973,0.031129830126466407,0.4862541159508494,-0.8107003050846167,-0.025336573855185944,-0.18618088712437583,0.2887948941863673,0.12396949696599345,0.2826979942177768,-0.00945983734133479,-0.5199030363794038,-0.16706600507509878,0.16038410196970387,-0.009596094516871377,0.21837761207600695,1.0,0.7001921424428214,0.37323408639581795,0.47007980087845525,0.27314390304326547,0.2706454572283659,0.6531253142846701,0.3547438374831332,-0.12933585023491317,0.49577972025608696,-0.06732544579835599,0.24153742191612917,-0.0731418422777843,-0.01565820282860859,0.49044719599329534,0.9471799674267656,1.1096162036707966,0.8933095305670551,1.3764349760408099,1.1309877385481677
real_0027,0.19475614022796028,-0.6341123264965178,0.3334124256852875,-0.10321693174012249,0.2836080865982441,-0.014451714071006054,-0.34471091259460096,-0.44302790076724724,-0.04636070624517227,0.20436069087585232,0.10176302849345376,-0.2540327551964303,-0.7000263700553018,-0.38064127813367704,0.09032220246909838,-0.19476766439882362,0.289795443671874,0.5395658662603907,0.145889814648558,-0.1539524109633942,-0.08300554630911812,-0.003425231621206353,-0.1621923482398465,0.6798968096061239,-0.10758127238532118,-0.7072191252514273,-0.4581165019535236,-0.02469663146695435,-0.09374064000988254,0.4340047570438195,0.19857012101234267,-0.3580485731090911,-0.812489220457036,-0.3087810452563944,0.5718573223469097,0.7260607356933493,-0.5380751032557858,-0.5375059846412956,-0.5343190715733713,-0.9304800991331078,0.008755872022198708,0.44785109635874193,0.22591268119682967,0.34333628977587777,-0.2608107975746061,-0.7417533380561949,-0.3789911932679494,0.030556636866395277,0.06494699392002472,0.5132354300494912,-0.5698556789886629,-0.6417148253620527,-0.051090409735345496,0.012012124048267105,-0.7421769749616042,-0.3017685949542365,-0.37360285281972666,0.01769167733565142,0.10586447464698046,-0.33621991898818737,-0.5025148006533567,-0.08424202721284368,0.05785209066965175,0.2792470117294358,-0.18243827917382358,1.0798463778330023,0.7641939616520139,0.9176723355567582,0.9660560407159243,1.1821785585185864
real_0028,0.04532656563598525,-0.046017717971162685,0.37715711585527034,0.5624963850330995,0.6751421277343218,-0.11332698891677537,-0.18179098652144135,0.8200911400949256,0.48122875147939864,0.36084780786898496,0.22298131395996226,-0.06640342208934438,0.18587488646413292,0.45406483456045904,0.2690903229858525,0.10988734368548952,0.3285946533640597,-0.28866306431445216,-1.2,-0.6458387550123545,0.4000123535924181,-0.03917524870371973,0.44565830675232543,0.5149737376434268,0.007764652016853426,-0.8057380044793152,0.6461506866145121,-0.841815835802287,-0.01763827653349983,0.9278612069096482,0.23548470279691824,0.1366944394992474,-0.6694843520114441,-0.144669977901513,-0.19273914697698682,-0.3123377891808447,0.6459855773575855,0.07213803016989573,0.21350371202109322,-0.4654856111585542,-0.817262718486011,-1.0312328953947747,-0.5683660366593366,0.12465859536383736,-0.5248711790076184,-0.7289098813413873,-0.02397302237886126,-0.6307573626828342,-0.7383390589229243,-0.7866298732314841,-0.314490148588511,0.172890391868339,0.2909381248052875,0.3353981033322118,0.3728977348821528,0.16458274138316392,1.0,0.0016281405621519386,0.3507177180374219,-0.3184231643578397,0.06706144929371814,0.1483227957578746,-0.14394858814357847,0.5678445783213274,0.13399217695950882,1.0548166096546117,0.9899570240652699,1.2725285279606682,1.0827584634380427,0.8558381769415768
real_0029,-0.04068722814944165,0.05628653212209789,0.08174986786040545,0.15885058281246106,-0.16659907534108473,0.25275118133028085,-0.07718325655309186,-0.2610905563242992,0.07381749647089261,0.1741905578086073,0.3051201318633204,0.05272017001890876,-0.5140914943795323,-0.07972177824146577,0.3823768974370816,0.08181275106671004,0.004772566529591521,-0.09702391510184474,0.040226914367137614,-0.23980546034370692,-0.22910024298230322,-0.41486952499792623,-0.4554712152181355,-0.23679169626199606,-0.7262387417255627,-0.14074723323682753,-0.8084434394095924,-0.8877615704480625,-0.041154290951743264,-0.8072542204968184,-0.7005014735719383,-0.6779587712200351,0.05494936925601785,0.09532347065716919,-0.501371843877054,-0.18325222660586513,-0.49787121849739124,-0.6783747024791305,-0.4236506523418435,-0.5710914121290999,0.22535813453221637,0.027335798665480703,-0.7158174032841758,-0.0731846943098419,-0.3499767726442704,-0.2506871059758568,0.08838081453930258,0.536343096051153,-0.00793788932693485,-0.08765066567436755,0.0867344071410634,0.3675869996268637,-0.15457141050193768,-0.1866081492941534,-0.1768287152141507,0.3588665092189506,0.2587770355698441,-0.2960402052790337,0.45799068212333865,-0.1469886119917334,0.9225934934790095,0.5988925308312104,0.3435898082457207,0.35013222730055055,0.45090151657388106,1.0619098917393983,0.8241989211107776,0.7918827894975133,0.953546134015153,1.1398850926540416
real_0030,-0.5204857446990457,-0.8824937790726018,-0.30617133042876865,-0.04918096684841611,0.314892426527245,0.25138157698673597,0.0812404654879071,-0.0580131723919607,-0.040918607088529665,-0.23044362825293876,0.5927318014892422,0.13079602345756747,0.09295316458751032,0.006084101503596766,-0.25652759235661915,-0.1431763426733099,-0.09287274403618527,0.537920311209768,-0.0379676776794844,0.15602256529872063,-0.12127418630910552,-0.17404936717518096,0.706406068883873,-0.001195950050083472,0.4145225286204584,0.44533817207082116,0.18591739170576108,-0.5738255606272239,-0.1751057200040294,0.2640914631321671,0.524400812392704,1.1381109023570466,0.43755827793067853,0.054527893344999384,-0.18464025597004638,0.22603564609454907,0.4369704606748362,0.6558502245150922,0.002548318030109404,-0.004391865293664613,-0.3644781566881271,-0.30260729117891183,-0.2548470924505823,-0.22043056195674868,-0.551742387851496,0.16677636677864022,0.5696966229354534,0.04560098913105646,-0.6874010254509396,-0.2985340537245343,-0.5732124630147228,-0.18374479610553934,-0.5846336179103465,0.05514944911678104,-0.6537594868389452,-0.348108756953354,-0.18053978494873577,-0.3708778362798576,-0.7301659989540897,-0.6357738983902481,-0.2461039488312472,-0.1395650054657463,-0.34226086318892396,0.31949806307061107,0.2275014375389148,1.0646231504511825,0.9222580236450588,0.5174439338141019,1.0151426575913667,1.1415469396437081
real_0031,0.2710715789424988,-0.3636826832266783,0.21579446450280906,0.20974026578337676,-0.30390248970260275,0.16487666627487235,0.4160581519527305,-0.052591080199459336,-0.10622530932679593,-0.5494063661728216,-0.01719962363391886,0.6667906296369366,0.3275119150261214,-0.053221339907863964,-0.5213846999479004,-0.49322023559755507,-0.03868653222783953,-0.7604956882795164,-0.5057360457944516,0.19075481770013145,-0.6279146328655487,-0.05990719434306347,0.11033070365488576,0.41634906957756684,0.14955153776438485,0.25705498009809225,0.012018581788313174,-0.4399507790689342,-0.053659012351940746,0.9330267385529141,1.084227825649057,0.6565616211497832,-0.6395609522387672,-0.4653876294992301,0.05909409440697211,0.16916598574913772,0.43298666291173116,1.1342270358766728,-0.16465651236312426,-0.6897226857990374,-0.8550365274906025,-0.6176079216529797,0.298322766185871,0.2751845271904041,0.1947028097024141,-0.9370187452562214,-0.8731537598917166,-0.36821249867713624,-0.42535929909400333,-0.3320315171049151,-0.28597450592509155,-0.20419300471752444,-0.026236005349348536,-0.1890000490648751,-0.26640027184181947,-0.2898360059405476,0.11073475554467135,-0.03996058798926874,-0.2578606314536018,-0.2545532540521761,0.2922602139226483,0.40019193913483886,0.3509947448024493,0.09293138181918939,0.3863336918715341,1.3212471401305692,1.2266842649915082,1.322187399002379,1.0012033360872143,0.8626118447174793
real_0032,0.2653690327020457,0.6161428903428584,0.5480200449974308,0.16660529323648712,-0.007069495122581094,0.2193759045082685,-0.07164509701802914,-0.4730715854120733,0.041599753072739276,-0.3470310904490055,-0.004828074861543823,-0.22785598782019137,-0.23616737379990305,0.12442208061930668,0.3847937143753596,-0.03690884841592624,-0.2171678927846197,0.3607579659299728,0.17563669629328174,0.5943148159016381,-0.29048491552034483,-0.19194083901859893,0.053390574482270206,-0.3491512690273145,-0.24458236691245636,-0.4569218968310078,0.2173795822702214,0.2701142586219919,-0.07433452624026492,0.04961653067755705,-0.10493745030858243,-0.6023149440210427,-0.43373455662504495,-0.432437234641904,0.551266056650688,0.16422515821347325,0.04384530240144743,-0.1352938615581566,0.08913226635922272,-0.3309708434818086,0.276195133040332,0.35802940589518056,0.16782201656769816,0.03929294255577212,0.845701582313637,0.17065316661279126,-0.2081787867982052,0.5149918940941932,0.7270055213328644,0.04998208962931865,0.06577247304311007,-0.1671504307442231,-0.12637614737289335,-0.11491547683215345,-0.09606349959089137,-0.26155717174531584,-0.45282369086173696,0.27391163122952217,0.11538999126025012,-0.29643660162438235,0.11778825702065031,0.3257870461398989,-0.19694865083967258,-0.49811858857000596,-0.03714306632286263,0.9390377475423076,1.0956300716346543,1.5098655905214007,1.0896648131946318,0.7193078919322513
real_0033,0.11335382004471624,0.4444805784391474,-0.2808706709579674,-0.7897392913582921,-0.2230583674523203,-0.034966443160015306,-0.513473884715322,-1.0,-0.844283218346409,0.09073119592999694,0.08460644395820302,0.06750338100941926,-0.6041931732711273,-0.19411209525776826,-0.3442847285464231,-0.3261999711375332,-0.051812154662454535,0.11620796087300428,-0.5107719719545977,-0.49923277129843385,-0.5137951721045607,0.05978194932393563,0.16468447035403386,-0.38941506191238495,-0.5533968704237138,-0.6191548301687395,-0.465905805974853,-0.7900051099902863,0.21468667676792091,0.039626093093359335,-0.5917731494218473,0.10277060037956717,-0.0963112319372185,-0.016594492219366694,-0.3555023139160527,0.5945895853168622,-0.13498284060633847,0.3821201853178205,-0.04688703435594144,0.23207887553920925,-0.31709500469739305,0.10393634493650056,-0.25354523240013394,-0.3815177620029907,0.8389652497097075,0.5144307527622276,-0.37407309263406874,0.5440615053305276,0.6169713701226064,-0.35344926821191985,-0.04902356531521769,-0.09629058818897025,0.17295731851050744,0.0753319774448244,-0.0861285739507144,-0.003009783278200077,-0.22717248309638102,-0.09357073562616475,-0.08680725961913142,-0.07690884155162381,-0.43776152024693343,0.005937692730066138,0.04796255361649521,0.01531790589728405,0.3891731862118421,0.9231635906392694,0.895160435713188,0.9189461469101337,1.2330615071094355,0.7039679170254319
real_0034,-0.2075742661017702,-0.08257886684580554,-0.10545831800076441,-0.3503448433081319,-0.289632610809135,0.43294355244726085,-0.10694049733885092,0.06048869235654963,0.04404085402336482,-0.35902204747285027,0.02720984003831804,0.2106159501792866,0.2473607438964887,0.39383884000374,0.292573167486055,0.06908389674810973,0.28424968583909077,-0.27380456094941114,0.008820641620867967,-0.09926393998257463,-0.7679082398469981,-0.3645658221221965,0.15361924335724889,-0.03124473985747681,0.12986681482436124,-0.18127499304740022,0.10184076409729094,-0.289972889808518,-0.006599763384445989,-0.21444844413872333,-0.02654101803647116,-0.08776484782734757,-0.4106173504678304,-0.6169833683873258,-0.4540666861211857,0.28497593568476914,-0.08325652226055597,-0.17614557111684243,0.07631292273737193,-0.17740954192208086,-0.3256870022443786,-0.03447719526858489,-0.051450135793590104,-0.09219058549701772,-0.8466820656989583,-0.6119945153729746,-0.05169654346660111,0.0840619952090488,0.09923543165656215,-0.01994122665898962,-0.34903474249250604,-0.36758575190480025,-0.08072810023729585,0.27721054608981693,-0.07438919119165623,0.1272041066625582,-0.3223212838955873,0.22504635895343872,-0.017157085133220694,-0.23089747865832097,0.23265944636701463,0.23907346631784532,0.05472633357171207,-0.6632533372341038,-0.22690597570491722,0.8779340907628184,0.8479423950339402,0.6126323918759629,1.3294787995206658,1.0216263854803656
real_0035,-0.04231713384710313,-0.04236740461712623,0.12263029361174312,-0.4877560868909271,0.5433512821263053,0.26599995069245547,0.22371242124236762,-0.42589491781451716,-0.4303912028600687,0.2792173684344189,-0.1585090683725894,0.7077411958478634,0.5333250861615217,-0.07346803769069384,0.025069369419393053,0.23904976552866172,0.6303562301469077,0.03020081691354408,0.43890776213238064,0.3294822366227679,0.1295481415197324,0.07546890476452643,0.024215458356663385,-0.03194449499455768,0.27957393745773795,0.4021603272109909,0.18862493176678644,0.4938974650259321,0.21749891772218993,-0.3046504067855635,-0.44664334966533653,-0.11686490834544387,0.4265059343013329,0.08652029738630444,0.6245725991066765,0.008595882371548577,-0.34364612285710305,-0.6459746753078598,-0.16232147688725582,-0.028071264860567453,0.16472969163633103,0.10036281605813324,0.2402293960801574,-0.6577825369660596,-0.6448215867453094,0.518963377572183,0.5982507231577093,0.20622716413549083,-0.567642130583299,0.14266137289059003,0.433961816271055,0.3911128234827216,0.43071572330525093,0.17644303158032013,0.30958061836925743,0.29087599858040764,0.5311303204507831,0.18678485784774204,0.1010753810783876,-0.2518707648304148,0.7600081630827453,0.49700338306811775,0.23174229866142887,-0.26028161560923707,-0.373897883965024,1.0923969133863243,1.0049173139314391,0.9379032047608112,1.0619240163818333,1.0817524671973286
real_0036,-0.5793477410977729,-0.29182887775664856,-0.006100918662005808,0.40945555559210417,0.3456027656281881,-0.17767201136624106,0.03601721665569905,-0.43385094629438714,0.8332388840476591,0.9208240715423724,0.18923107269100242,-0.10855222304834539,0.30394444799433695,0.08961581797831039,0.4021353487603125,-0.4164259047370118,-1.0233983594172193,-0.18850190213717433,0.5933441529058409,0.2305313624066752,-0.08842351591444197,0.07207875129322183,-0.05397613664050144,-0.5062715483988773,0.14964135068450526,0.5559239693477758,-0.03090810599901512,-0.13482739326658683,0.85274823042631,-0.42648603859039147,-0.3300081817453085,0.3066194630705545,-0.06628913080874461,0.09388631225284366,0.6964874279816332,0.04722155970013814,-0.45391513685698376,-0.5500176098356211,-0.04938546435960771,-0.07236661003908636,0.4456679753763356,-0.14367674873052014,0.40280903676166996,-0.28349948437764017,-0.0766000907228133,0.061929188824527026,0.11212672743140041,-0.6357549116283986,-0.8644652457540256,0.05464402456552465,0.37947561185965617,-0.26735572500724053,-0.25251062162794913,-0.2960503409469016,-0.024788980471879055,0.40913725999519523,0.45251552824590424,0.5506750897768441,0.1564607392965163,0.18749295272192917,0.39691933372797644,0.5533013750601063,0.7093411430107971,0.7861097174138963,0.212723887323845,1.1693458439081337,0.8175159775928309,0.9427554100318661,1.1179093772071205,0.8018685423855214
real_0037,-0.025496461091510943,0.2613498496501444,0.1179293454559819,0.05977965140077097,0.21112232118960853,-0.21241918641788088,-0.3834316718738625,-0.16512820654200985,0.01584426100938642,-0.6598889106462374,-0.3254541480480648,0.2776252335405179,0.14748458366817058,-0.14597248993152268,0.10293026955397065,0.19883178656683223,0.3316173594224006,-0.10673100631127116,0.7365269088441765,0.4929335995346383,0.3119506962561652,0.5580162081099712,-0.07775691320145392,0.12725351547949704,0.021684295651376594,-0.20056942294357924,0.04490937035164715,-0.11418201076845301,-0.4704007935114738,0.6786200384821096,0.44854686050605547,0.16650441893576579,0.18768839576046703,-0.0346951831164145,-0.7893182950691757,-0.8284600085273651,0.4793196650373829,0.09869012359853897,-0.12705770456070964,-0.28030267872896225,-0.16454254606121418,-0.4417067015766521,0.16212264029627368,-0.3141039468644213,-0.6187258980358769,0.20984277829480252,0.3570507080724013,-0.5432754193309767,-0.2799038803901114,-0.6409685972869618,0.17684458679010154,0.3279624396155481,0.35512930926975533,-0.3709563558644835,-0.2120284250771294,-0.02298845973366549,-0.28934249438599347,0.18756631387587244,-0.13395995502439575,-0.5875327078240592,-0.6162175488415866,-0.16405949845294973,-0.727540742750102,-0.6639653993600091,0.10078341098328851,0.9829078813517688,0.8993289583905129,0.9620152317955486,0.7698270981628866,1.0066463353315247
real_0038,-0.2265231565404565,0.07631606344908662,0.5072492736335302,0.6508885483189905,0.24585756534413078,-0.35442397311715457,-0.6374378433107828,0.19989335499919544,0.3640684405565445,0.24745522335115672,0.25229062165470534,-0.3946721403413211,-0.5373283821608618,-0.5024604651768585,-0.9829679664086,-0.024781776215815097,0.7169747116607649,-0.3290220425891697,0.1319162227500972,0.0915613935810669,-0.020764397986829723,0.4099028960589516,-0.49564717498360505,-0.3515430687814674,-0.2725164906273065,-0.021309126613385382,-0.6692130491347451,0.2765829781930084,-0.3631592067073369,-0.20514684254147614,-0.4525541594014332,0.19017958243107302,-0.20377497991758178,-0.19363855851984121,-0.0500195978711821,-0.009099013714345213,0.5620613406417813,0.11688838029593786,-0.15510715094391256,0.3054347801325266,0.08330841080958898,-0.08873920194406255,0.3195163476885589,-0.5543091526422428,0.09563893529526402,-0.04632935194466415,0.05567447453246675,-0.044104804428478424,-0.2208671195250981,0.19788266952403386,-0.592711467630443,-0.12439583456675699,-0.12148790785380355,-0.5791283141728487,-0.5444996629907117,-0.3070997675981328,-0.02185906746693425,-0.1492055063155659,-0.10506625925385919,0.15933866991220016,-0.23432604345725935,0.16625126829043194,0.11824861178161312,0.09152808103718625,0.5016784056673337,0.8739765284556208,1.0468014207326866,0.7773223916156303,0.9824246515168759,1.1426342590346215
real_0039,0.17518218591131782,0.13173945101350273,0.2221461766701213,0.12238230559127196,-0.13369539127397323,0.3365122063643786,0.053072742829094674,-0.2997320516778733,0.22858298041906278,-0.3733443883327878,-0.07848968269029484,-0.012413680899276141,0.20198747890881263,0.7268769889695015,-0.1889929261967463,0.49720248249964577,0.7141325498800102,-0.345448846296956,-1.183310830985426,-0.8115708716532007,-0.1860288431569619,0.12268227914580121,0.380510781131041,1.2,0.534803134154557,-0.3464373820084378,-0.7200028310525203,-0.6526489047563099,0.1503212648496433,0.7393807921341052,0.12933982839890434,0.3468051382984555,-0.017455448283454217,-0.3917903685251583,-0.1293252953294312,0.12236588243706048,0.8871667725191742,0.7453183958984012,0.5774847529349824,0.15876774859648748,-0.44545777767296235,-0.536669246369237,0.09829965937512417,0.511425460233858,0.06104935883692255,-0.4456383474914852,0.01187008764989897,-0.4389895062453043,-0.6030491578303528,-0.2674174540690333,-0.7048051234280728,-0.46878297531306967,-0.1866202635081545,0.30255890080707615,-0.13325784238981153,0.09208850471995488,-0.06368343273505925,0.22628980273504076,0.0027555449358070603,0.14481940293269063,-0.04958407145509904,0.06960568050451112,0.3632837151703864,0.46495571921264334,0.7886464925557894,0.8763278176463141,1.1732968054160045,1.1159122284952954,1.1880578929767178,1.1545476786663251
real_0040,0.039635721841316224,0.5168321094075466,0.4669609191995722,-0.1841124416640576,-0.1649201770112838,0.14615512747304804,0.12013832471943231,0.358540851355506,-0.10252691810048019,-0.17394797970726097,0.33784693865470006,0.7720478611523595,0.29066413053027385,0.5970811420180716,0.4114878364065127,-0.0919416452686484,0.6723603618302004,0.15114922545763598,-0.18861136389918054,-0.08970133800892964,0.026535724359160014,0.6093895046244705,-0.08618691345440628,-0.14675862781382093,-0.5111641686523061,-0.46002998170173276,-0.22597666999104765,0.42637262225710154,0.6735150697077892,-0.40114489180126217,0.26379583326854655,-0.015224604385966272,-0.0028480991461352616,-0.28562566797108,0.6389940115231851,0.2454364251403513,-0.06710147300215531,0.32572757184202344,0.3147616667969185,0.11179091550549437,-0.4318141700505515,0.31777221070923833,-0.04451975327864968,0.03579425334703063,-0.1050362238647851,-0.23626922050065496,-0.6465496722249289,-0.37781656739583913,-0.34357449571291704,0.15274703480349586,-0.29521083082568733,-0.17064427006456873,-0.24842584670023712,-0.05522135525595821,-0.3227987191053559,-0.31744229261485485,-0.19875071266919705,0.06378990071139033,-0.4701941097166159,0.2747142261656707,-0.04197802071006808,-0.07267341724377037,0.10546366795600352,-0.13433869375311572,-0.35174623423167567,1.097588918173705,1.091314220833666,1.1049014750572173,1.1731937276834308,1.3879700300306221
real_0041,-0.7106496249455675,-0.38557272652811464,0.14189376638329468,0.3268600772525561,-0.020144669923939148,0.18756184048828278,0.22068742970083904,-0.06720079764311283,-0.029977723733310497,0.08307228416946996,-0.033858819102035136,-0.12363100386086566,-0.010231392402379028,-0.171273942076976,-0.09825497783947709,-0.6656848036215834,0.21835982397492354,0.2343829345926819,0.16169481198407568,-0.22642543835198248,0.0966439894722122,-0.37738978313147054,-0.5125422332764551,-0.420459474496096,-0.04633417657926375,-0.5216551654136146,0.010396480975522173,-0.4207181483271732,-0.1288264039301129,-0.218205558632329,-0.1973840207585239,-0.1972974979139027,-0.5836073435817777,-0.1649718111752649,0.01540963299119903,-0.6398044337447426,0.29365080754323186,0.7216524724450408,0.44987680670126806,0.5053700914293696,-0.09771254063658655,-0.6168829588514789,-0.24836424523724673,0.6676121622137128,1.2,1.2,0.7168682115275691,-0.37948498179771795,-1.2,-0.3603003165976034,-0.4309367181085725,-0.24416257593169258,0.0035131484209706665,-0.08889866708551983,0.36178619929469713,-0.2576852992370461,-0.3035187177170735,-0.2579392837186891,-0.21812250075122847,0.42357978887980224,-0.2835517475931348,-0.006411815530257007,-0.06682553350919004,0.35726468789146837,0.590893828661561,1.1114881256805162,0.656306573710285,0.7011188760361386,1.0423219465590101,1.319245208049511
real_0042,0.41823065741830123,0.3585251000185333,0.6145945556380087,-0.12810418784483235,0.31137420576243796,0.18372136457893004,0.09108189178359348,0.6344746264646934,-0.03659126874253258,0.13706027316716551,-0.13406186395381484,0.10224329811170954,0.38925919324440234,-0.06641296686512674,0.16286722289903477,-0.23437927529685398,-0.023453402550892465,0.5263146046356816,0.8825950113402045,0.31861888573856484,0.17471560045905232,-0.22120635966569446,0.306075508262743,0.8114865650395231,0.8262158563844809,0.49229493173492206,0.6057121170366817,0.7353971951793375,-0.3683520503692568,0.3844965155982239,0.38621584915601065,0.4050064351662341,0.3396445592803165,0.5757897199020849,0.5142203889412511,-0.023362742749514512,0.3930113837599698,0.4016342665816738,0.46726665549848523,0.8992423292054857,-0.10683166923207096,-0.16933899161491306,0.15988400118326374,1.2,0.5442604124878145,0.6626613833910283,0.7590232155736619,0.19339557366571616,-0.39468106474539083,-0.1561593904062456,-0.12969437024029332,0.13830165831738608,0.08678760801194722,0.24203037432973995,0.09489006385812829,0.3310886007091237,-0.18159497698726723,-0.16079279961537254,-0.1268157569070017,0.262849937894105,-0.03612640604841169,0.21788629513575847,0.2878702550597572,-0.04132744055487199,-0.21772393172217563,1.0814731402457793,1.045655009354539,1.1398393463389775,1.1772787919135905,0.749677141810864
real_0043,-0.413749332200186,0.216195814463784,0.1296566242829769,-0.04300742829706961,0.09945438723857841,0.041442000243345586,0.1192367731849546,-0.2378876462141201,-0.6085900996015785,-0.23578384318902162,-0.41481852059248253,-0.04873233394144208,0.474463141369095,-0.14149752759294965,0.43119946784789676,0.3425651368745466,0.027306165683779398,0.5180974843892133,0.17616397283079674,-0.3160391158548787,-0.4418699505240347,-0.22272361206379504,-0.6107492777507785,-0.38734451022999716,-0.3917081952947194,-0.22658845920913379,-0.42713844808155893,0.6050664341167947,-0.02785818623606711,-0.3163101277873928,-0.3472895778445527,-0.7304639855844628,0.49161704416638113,0.0193360520836438,0.3240926395623528,0.12653466676451444,0.25337920835322075,0.7368580560589363,0.2579773759867731,-0.14900778195357367,-0.4532820172043396,-0.4379980342571927,-0.7978524622665537,0.2893921466717494,-0.022735544124411713,0.7827976343343009,0.6390712382442059,0.15665443322298586,-0.0805875461446659,-0.5817600221582234,0.40715716018617093,0.17678958381974477,0.1403194793891589,-0.9335310007719486,-0.28914443494593595,0.4364053129721578,0.44029038799223036,-0.01709745822788771,-0.1878363262349567,-0.39871000339382767,0.33533030436290406,0.295405131586469,-0.34677096569450444,0.031163868740054702,-0.34028890962796327,0.9001735439066959,1.0108050359848866,1.4105369963891783,1.098153341798764,1.4208965523845056
real_0044,-0.320924910742299,-0.910751292384153,-0.7652184316468139,0.02096672283268368,0.12071948542500271,-0.5725992523806329,-0.6148165697243987,-0.2331099606829784,-0.4542840938534729,-0.7274917369068515,0.18464228716005238,0.13244027383299492,-0.5686334495490768,-0.08435853943695008,-0.4956176582160861,-0.4623228985212497,0.4955396960628398,0.03501687255427245,-0.4652717327292881,0.20143125258095074,0.7281592880686952,-0.009730124828075903,0.22656075636948014,-0.6525117196189429,-0.08540651972035111,0.43266737698906943,0.3641605939733464,0.27972422470369723,-0.030990923528099474,-0.4231639947248874,-0.3373689609908381,-0.31118751103004433,-0.3647293809111197,0.2956652081702509,0.28240041502590385,0.13140880325904697,-0.0705644863917047,-0.8626792474055387,0.060516048526172726,1.10275821464441,0.8979363587579597,0.30463183883703954,0.5558510313530247,-0.4481692004961037,-0.28570778097186944,0.4895618176478148,0.744284578380375,0.32544939870441997,0.1876303971922252,0.9582806672155727,-0.1717935338528017,0.23756296393804135,0.43480341202591943,0.38432309898960504,0.4864584265888808,-0.045888288929390224,0.055739357627202196,0.0901620116826092,0.09305909608837787,0.10153237227710904,-0.20638558862352713,-0.18153216369202246,0.27443660580034573,-0.0069973005352536935,0.3105952712428333,1.034824198460008,1.062083542805904,1.034392066487412,1.2400612516518643,0.8672558738610713
real_0045,-0.22685419436649437,-0.04126534586777628,-0.10337197751098481,0.12036262954854936,-0.5087214121526006,-0.26943094282424657,0.2837158091368687,0.016986409731644482,-0.025246012779741683,-0.946875797182622,0.22355559720369364,-0.03639581700815229,0.6303999872184022,-0.05686062993943456,-0.4942487222438842,0.36075578851083606,-0.10677465591854948,-0.16391605545622018,0.11004962526816964,-0.09698871989008488,0.1770477806365132,-0.02276573796618191,0.5061542593539392,0.6348146096800471,0.009036455564177448,0.2847756499578687,-0.030745769282158438,-0.11735251068650522,0.14140876802939903,-0.06042213012355322,-0.2125143655944611,0.7457184361489078,0.3162081617273586,-0.11335196308789774,0.5026375175401887,0.07490617294613688,0.07762670689527432,-0.624389220054808,0.4696397892771402,0.6182120143183123,0.4174169143559074,0.5639994203700274,-0.028116379707443122,-0.7298507022697343,-0.2016011601961462,0.006858244804734136,0.6080370817529268,0.561619340619898,0.1572830601706861,0.3102010181105869,0.15341854090103735,0.33087813714459297,0.0280820737521094,0.5829115846896826,0.8503853955623518,-0.4989953021160924,0.3209228149084004,-0.12535388440074527,-0.3687707912890579,0.3589123888388943,-0.31134161196437166,0.19401439265388778,-0.031583930052744576,-0.06560385369185529,0.2604254869530728,1.0175028713711092,1.2424314522476811,0.9325349675862988,1.0578718313914222,1.2612182031136068
real_0046,0.14119119535002184,0.33981600049005084,0.01703025177428794,-0.2955638171361449,0.38728981580727784,0.2927333478750002,0.2523069311735564,0.5994943678490071,0.31998663667196386,0.169865165929698,0.10739741637442575,0.1492903438625914,0.353844566561342,0.38374520444580396,0.07566844093857077,1.166648659577806,0.4239193593715836,-0.37493875932877474,-0.3760455529558282,-0.06311114629317409,0.09484249108951058,-0.1281220126327024,-0.012929384270450539,0.10518091082179856,-0.6693182205848506,-0.15772006003593547,-0.16168508446167473,0.24465201205197715,-0.08185063550782562,0.10143739109790056,-0.12167098234523627,0.0664432630882384,0.1995961321994461,0.07524919646047123,0.8984751738598966,0.777522163645359,0.3053432331806586,0.1552395973325244,0.143638846563772,-0.0020882371193113453,0.06279147551947042,-0.5153602464758889,0.4476009477437522,0.352268502422707,-0.35053912923204283,-0.05757298717118686,-0.052846236429024473,-0.12572260668407628,-0.18146347687229972,-0.24312992019100288,0.4931073709346013,0.21162977784717316,-0.20631455168673007,0.19845756965632316,0.3188687559881973,0.2948183867165671,-0.24596296273509138,-0.2533303925955252,-0.28245421716705005,-0.36951505399713996,-0.451697486114126,0.29248195170908714,0.23378300679666647,-0.2165639222574748,0.139762690330342,1.032803289509352,0.6905142584792886,0.9715993571184958,0.9288603368857931,1.0169966565127722
real_0047,-0.42233549052220076,-0.31159747874014754,-0.08817881611530187,0.46984230278160094,0.0901762938589035,-0.33392947622648184,-0.646558280605401,-0.3521107161795685,0.24807351568099714,0.3014550185447021,0.31995234263176037,-0.6806613092917227,-0.5974313234150526,0.2537603593315935,0.20580178448381037,0.3555279867781753,0.025618110694299628,0.06066963773840894,0.021327563642659978,0.5368137566115806,-0.4746594627030026,-0.4839608036309076,0.001426313390933072,0.39791809759572544,0.35744096307691847,0.5480741359090693,0.39100248905148527,-0.12822973235706062,-0.29382951310899513,-0.015080147361688102,0.2819422920118326,-0.3936007990692945,-0.11950942833503407,0.6517925940028835,0.2244384239473543,0.08671892504084347,-0.19350742587540898,-0.2672978219263194,-0.49978628014925564,0.21143698209649314,0.20140144350339062,0.18317324200185045,0.18959762453557877,-1.047969538691583,-0.17376933402873676,-0.6123263183895541,-0.25331632886582073,-0.6335634594091342,-0.06438518864856776,0.2201289990692755,-0.5771369896840054,-0.3744125530875798,-0.19699310414308402,0.03247909170908974,-0.3121605527804587,-0.19326322813111896,-0.3839726786789499,-0.12293501110578112,-0.0028163421216712307,-0.011336531988257539,-0.03492303554777605,0.07553735161849044,-0.34149895425603155,0.09225264036323627,0.401083493991997,1.1307143166922284,0.9113344862213342,1.1230513533937123,1.0671682513866048,0.8969626553857581
real_0048,0.02864617251113959,-0.203743237709997,-0.4508414552521446,-0.29646675294073327,-0.015621563309267714,0.062892129000982,-0.055348654778755425,-0.5341944165363144,-0.4054424147560865,-0.4698359094801452,-0.0018053468546464662,-0.12854420628994584,-0.6103567289304206,-0.44541891318064447,-0.18559537531761486,0.16110970671746577,-0.13745122769953907,0.4347927795810145,0.3572480850413675,0.551350457941388,0.1196249724657036,-0.21181662253050942,-1.0420543579380999,-0.35024033344356,0.3549847576678563,0.10621268923636132,0.5935077020723689,-0.28786044142005085,-0.6962780490776155,-0.9036073163579508,-0.6925702539160182,-1.0091226115577947,-0.9583009165800784,-0.09410480866255333,0.15444535134828483,0.1443721512117178,-0.5586536178601657,-0.9097382809329206,-0.719332992572621,-0.6843716471526634,-0.15300119882077362,0.3568393947249621,0.7166024770810504,-0.41544387773650365,-0.3596846248401452,-1.160518633357441,-0.6836941750453379,-0.16909479390133586,0.536087901447357,0.9989654440382081,0.3642690388899623,0.006026952212001481,-0.04468468911750394,-0.11371465555381119,0.09935576561771518,-0.24291339727122283,0.23540628453873563,-0.00495056572360235,0.3602746445359071,0.5610449256543131,-0.15794264347548756,-0.048919699940807714,0.024413094736848103,-0.3022908920635097,0.09178927988930317,1.0335393323162023,1.0886359484190031,0.6538656788985564,0.5,0.5480757850562668
real_0049,-0.21683697125456053,0.190706108803122,-0.06813327140752272,0.5655193299209136,-0.09263581806668272,0.20199363037774928,0.2536159607182785,0.721143426000835,-0.23599499563874168,-0.7985714993910056,0.30156156765255276,0.6579387778188686,0.7561111258782143,-0.025392598176852344,0.05444129599182474,-0.3328635599844347,-0.21572823476436878,0.31596093410075626,0.4958773455020653,0.48712528875114497,-0.2744280846030581,-0.5168041622363571,0.1404996007687372,-0.2078942067668809,0.736318607862753,0.23225599436539,-0.15358993824657385,-1.0472184744712503,-0.5476814373166421,-0.38923829487636064,0.03559267578113983,0.18847666844249406,0.4255443772660284,0.22644313098591629,0.4482747856384565,-0.4693368891615038,0.0735041963524366,0.15519409391076558,0.24222957182498203,0.40471930450450644,-0.0967193558472176,0.4847444098490795,-0.6264859449204494,0.12793042850826036,-0.11669642311247637,-0.33237677251335185,-0.11995079554031829,0.2487256561756792,0.22427769226168262,-0.14668030168270843,0.01687889684929469,0.28482102061916126,-0.09163800821941893,-0.2945865638107112,-0.07799298822294749,-0.48029340731408604,-0.3263903651371548,0.23847929549037764,0.5276067630093952,0.04006717330645687,-0.20154727145657717,-0.2477128268336852,0.18665684042502123,-0.21963621207902084,0.20468991839783884,1.1018370344607842,0.7627608400819087,1.0328781405954603,1.0765771472770098,0.9571088724459129
real_0050,0.04535457277994276,0.3958055329542798,0.47806242354418566,0.49839036299189376,0.25649444085715256,-0.3890455978613732,-0.23516907323680827,-0.19727733241262518,0.23129948477661508,-0.07998422243455007,0.17593768944704807,0.6279119730634614,0.20928507206594774,-0.012170953508531378,-0.003976886118012712,-0.10492571522504669,0.9216449148183034,1.1119173823351445,0.35208422621810836,0.24835945335542295,-0.8923543633232528,-0.43842300043193894,0.8375751860760773,0.6742591031404183,0.7311803136038588,0.6732013857116483,0.6171676157932552,-0.5300492267148604,-0.2480916776589816,0.18243911943367702,0.9032070958683138,-0.2162061830140988,0.2998702148941405,0.35945296412335737,0.7651629349715716,0.14056333318554737,0.07783692191401004,-0.10354522710340991,-0.10161881744465431,-0.33187657535567744,-0.23893443095411407,0.22372034824278503,-0.1598777438621299,0.5151121169089828,0.11129734471035033,0.2704181066150412,0.1608801544480953,0.0699604522971571,-0.48189080953007785,0.093023459234824,0.35534569929656,0.4885764167308937,-0.04892395088122143,0.3593414041864729,0.13797502063785153,-0.23342489423244575,-0.09394162645336562,0.4139362027112158,0.2589570406364142,-0.14808747639082687,0.1422050781916898,0.26215069596555196,0.42172907066543625,0.46037067098721596,-0.07102952803019025,1.0101368604233336,1.2213923572080263,0.9219072101074379,0.5,0.6101541911735977
real_0051,0.20044228648771528,-0.3045466659122451,0.5088796363407506,0.2336577676795277,0.291656328588445,0.28750699044692224,0.08348147438181572,0.11547774092661679,-0.1602493924613426,0.21310663498579835,-0.12868199220784948,-0.10264570273613761,-0.24291921585234375,-0.12285759084691494,0.1785233087763468,-0.3813749909730486,-0.07256696523304262,-0.2409987167594364,-0.6962033207439249,0.055246568976278644,-0.5055812456598936,-0.11645786985584763,-0.2784536835297911,-0.14551838881685836,0.48595214974250145,-0.4218801606265268,0.0718022533672463,-0.4944676383334539,0.18662036540775176,-0.1692092390533196,0.16328029832193544,0.21642228513484382,0.008663179086644152,0.13557203354704783,0.1284694788447625,0.22684378244373343,0.4645730903422133,0.8191989907682273,0.26960486327114824,0.4009251793077396,0.9261777592361552,0.5980882710044242,0.051644372555571826,0.5101239361157689,0.7261510867803004,-0.25895479569894153,0.6028292380783608,0.4623598541724289,0.15199247868443885,-0.3015118791892174,-0.38607646222860864,0.5017239286787344,0.4709899740534206,0.4918582139952146,-0.09840991947115073,-0.4694185834950812,0.42819250936688263,0.48675456447525417,0.5403426295296304,-0.127373446854412,0.11434234523676329,0.4274209941272825,-0.05934028247371018,0.1570752206061827,-0.3325321462427341,1.0433679098034976,1.0552534919050987,1.3695650025912092,0.6553073185189164,1.2418248089606931
real_0052,0.09466356233615093,0.12456010469336382,-0.12901318209480683,-0.28228523912122044,-0.2389486414995974,-0.18781933140842788,-0.39698969134119605,-0.3251521697800619,0.11964719121292901,-0.8368954376201339,0.014385540554718267,-0.23925081385779948,-0.010998160123182284,-0.1151719651991687,-0.5860654263339278,0.5186533887850406,-0.43615045734566044,0.18631937989299063,-0.18549694974971265,-0.09077661002865267,0.35864765076415905,-0.10952964140157677,-0.4584040974971294,-0.1905538660380633,-0.6613267509765218,0.13360934543491898,-0.5091927913611138,-0.7134492693170845,-0.4916444153793214,-0.861058794648465,-0.6480555309302358,-0.6358639635798106,-0.9932387549992638,-0.5067328768160733,-0.5609788941301783,-0.7317772645648409,-0.46422441555346344,-0.5733279910789257,-0.5416042450138817,-0.7106218586593119,-0.18325260230630072,0.061579532416896544,-0.19317467343698624,-0.4265297363906428,0.023827705937532282,-0.06691085738217684,-0.4855923301105231,-0.5922484973001331,-0.7763824342549327,0.49241516170397276,0.10472440716236386,-0.1777798342831458,-0.08485427224065605,-0.3224715078293186,-0.49643948748792005,-0.5985598569249141,0.2983332111616735,-0.23472315341236596,0.43337203157001514,-0.734535357133648,-0.20550306904572352,0.07524846642916408,-0.28056510150489467,0.18677583471670856,-0.6030057771552887,1.094693233875781,1.1269875978765107,0.9651654532390084,1.0903537201881968,1.3791981642848121
real_0053,-0.3462244582711335,-0.22931715862141397,-0.4168598334504734,-0.10816816083709777,0.6960776417304569,-0.26516011739982104,-0.6100716465012812,-1.0,0.07706989873250779,-0.3525032138890834,-0.23227703371400835,-0.2553861685741822,-1.0,-0.23062821011887982,-0.3845473809873261,0.14129679270374898,0.010144592487893705,-0.4000656017927436,0.26084879801521393,0.012199083236511856,-0.05517705928115613,-0.7310563323981281,0.7102767506641771,0.1758447079887468,0.8772224840368238,-0.27120073947687234,-0.8761190445479293,-0.20042847201751077,0.3975498934117176,0.9824344286056951,0.7913865367175131,-0.12245726299635665,-0.33293601605718076,-0.4587339902510343,-0.12953789820619174,0.531761450431887,0.6086371047098074,-0.37826991968811047,-0.395870465179245,0.554589183210301,-0.47390488046416723,-0.03283180643242563,0.10327640426200693,0.09522208019914566,-0.4896498307416625,-0.1988157902409969,-0.023663905172407226,-0.11593807209678815,0.12333807754292507,0.11618671760737291,-0.010505714247101613,-0.3922179794147732,-0.1530709952467376,-0.16881024066462244,-0.21432783437985495,-0.01255965611222789,-0.1469709468432228,-0.03164080898341938,-0.20565900947043586,0.36570186242927527,-0.545883718436915,-0.0993700765656796,-0.6544231138824816,-0.6898530234313418,-0.48321891878186635,0.78142662702165,0.9143584507717308,1.333577522223904,1.095505867453359,0.8007722526758274
real_0054,0.358360123816443,0.22823657138005446,0.48929722195689446,-0.12424499170745736,-0.8680104765094581,0.3504455112469517,-0.03645600726830805,0.23176591839961197,0.2702891382577835,0.21740837785621747,0.32823344752304295,-0.03616483688397667,-0.28031844441317655,0.41420938559338283,0.8457613896208015,-0.15849040431178826,-0.27685777530302447,0.6903829941196338,0.40858663121838656,0.38753860177418026,-0.052879637311054606,0.6330974634138674,-0.4061834771562217,0.06092077943982267,0.192973075002597,0.5103450410384269,-0.04104338436826012,0.047271956305669154,0.04938139199912703,-0.31074739310021904,0.2632741937177278,0.11355921739862364,0.05027016137214558,-0.40683184896617286,-0.047088316216727155,0.24368514882792505,0.3450890026758246,0.20888237744221277,0.2528943272758809,0.184928124896031,0.2038061800184857,0.5742805943827538,-0.3190293601037427,0.32626921153251676,0.8758507248076942,0.13429323903705823,0.03967814828504492,-0.08192639081446038,-0.1896139724010818,0.11297660980093757,0.02366215173754255,0.30730787625774947,0.0921921902172698,-0.40378896631391514,-0.7281620833816377,0.49366266779296347,-0.26440658018859936,-0.6842570368987084,-0.6900274102799289,-0.9146082835565573,0.2644068518088085,0.37326943156537834,0.21276335570076,-0.05690078260440175,-0.4427589571159847,0.9520493175464048,1.1220645534949316,0.7792518604435985,0.767514243972014,1.0754926856298177
real_0055,0.633873015046882,-0.06332861211505614,-0.6961882449618942,-0.314408337463273,-0.18551315632274906,-0.030024369563117718,-0.06089312051868749,-0.09512813480524766,-0.0671311682994818,-0.08038141029995499,-0.14495494013292703,-0.15363007101646428,-0.30562077622525724,-0.17239010405012317,0.37837085235458495,-0.02474576805822292,-0.3862636155781672,-0.6603846851838846,0.59910863365357,0.10753129365984718,0.32857458213213653,-0.03232970636562833,0.09758125801139478,-0.6842278690298224,-0.5325957600126081,0.6819770625850574,0.27824945690550773,0.5558691384935202,-0.1336889452368893,-0.6236647781440127,-0.22189025702123508,-0.4660636789419215,-0.1036727549185911,0.3565495903641597,-0.32601588762153844,-0.3141859348949531,0.2434080090771281,0.3770530607981221,-0.14328147417230522,-0.06634353938458881,-0.10493964069143549,-0.4535299513894729,0.16339515194514287,-0.2499726201805973,1.0559939981602007,0.15542632199127598,0.6842044930601283,-0.1149618533435047,-0.24763809693294758,0.4884380611839973,0.25612880165302576,-0.16722224757035625,0.34957102906003196,-0.2893460180937701,-0.046913725289839704,-0.20505572264253155,-0.19618616778579454,-0.44983382340011496,0.18843926906725111,0.10338045110327536,-0.104608523950332,-0.20303171983699259,-0.2239115538177163,-0.654834380882424,-0.5865674969984731,0.9294441018560806,1.1602707333983557,1.1174518333605585,0.8575795916242123,0.8186521194980061
real_0056,-0.03799914361144833,0.019751860934735646,0.1495410078821528,-0.03650930548529689,-0.33454172178926767,-0.005213412644167613,-0.05708779463877421,-0.17516153887337005,-0.32418314663593195,-0.230230054589806,-0.5547881468805478,0.18079400539389784,0.12104580025728537,-0.005391606880302256,-0.3107360526155416,0.12023609622291925,-0.13321352501657538,0.2194161134571484,0.29927759978667534,0.8489398815171582,0.5744485671940273,0.00522760163765915,-0.416946868941221,-0.3757920804398809,0.04038373644755989,0.4459813101080895,0.9855462490272776,-0.049589724915904694,-0.49676341065774415,-0.11148523125242653,-0.20684634244394312,0.49892128398019503,0.6973432782939054,0.24387264405290027,0.5417607353533707,-0.2792200713542527,-0.02349533833053087,0.24468028681080975,0.5179451091724203,0.7292743310914757,0.029728789519137815,0.20263977956109688,-0.3966242608211756,0.5737285336464701,1.2,0.7330584510842777,0.8241146250076598,0.5383139217856716,0.03297303147447626,-0.0462881109647321,-0.5702506883446631,-0.4134498573559047,0.4312581066413142,0.5825960757696339,0.2055363110726868,0.07892977210773998,-0.7796276717907682,-0.30337813879349335,0.40141879787640594,0.4874863346144874,-0.5282933880840717,-0.4051629372421994,-0.42234504808844986,-0.05301351348378777,-0.13032238526675655,0.9041683227634987,1.0349317030205754,1.0638800527582457,1.2741081977228264,0.8428788174658026
real_0057,-0.26327735025822124,-0.2910119805127651,0.07529295864666402,0.11052402395910342,0.8137346194972012,-0.02296801523470345,0.3131443149795193,0.20260729603220723,0.6189325322568594,0.42142031521314005,-0.4701306809115139,-0.2599167557304648,-0.3546317039244665,0.18930699773839985,0.4875393632056449,0.16793294178906149,0.4806405999449484,-0.05077291454285386,1.1447452425323201,1.2,1.1444575778979635,0.26255103843406463,-0.18102064398976161,-0.336882930186347,0.5181791050638751,1.0029586403668862,1.2,0.681676527766358,0.1272779426668789,-0.30290762045591946,0.1373353005262919,0.12504405129040458,1.1242489028463294,0.7959464900040603,0.6288692378347155,0.8882209574123949,-0.14655397442871515,0.06658310091840311,-0.0317608818892548,0.28792675906390774,-0.18347933987451137,0.5427187416409918,0.3472250278485718,0.14081065893942293,0.0447363192594476,0.27509317988215604,-0.02589674702869903,0.1467414399946842,-0.3832574319138171,-0.23736168507169064,-0.6062264541911099,-0.5693390165656116,-0.28030079785019263,-0.6534568406589356,-0.3920476267638956,-0.4319625219035898,-0.560753013181881,-0.5004254630815711,-0.16166176164864549,-0.10901972405496307,0.37246917583478895,0.03570553703034842,0.1546082672652948,-0.13167238929053568,-0.09297486455683143,0.9587286623159974,1.0351601339048044,0.8261905504270435,0.9031939736854647,1.1936236759663428
real_0058,0.3130308473449952,-0.18685677002830878,-0.3773094094445727,-0.13859158956038606,0.12208799506567608,-0.2899821315396049,-0.23022730507852485,-0.0225955597049891,-0.020098943804729114,-0.6187725988587777,-0.3252666863481905,-0.6181641172475267,-0.049339180876617456,-0.3132398264527449,0.017522296172422288,0.504211229697511,-0.13440614341610724,-0.0052823612204901185,-0.2543903134481839,-0.9206809816461644,-0.48546987751569,-0.19396533009117795,0.8259619553187172,0.12187685603321625,-0.0977039333996335,-0.3382942911836594,-0.18098167884529517,-0.0448587307133033,-0.1341157124810673,0.492242351244195,0.6043899593629791,0.23893287179033068,0.1595421402832462,0.590443073635522,-0.40827856841277055,-0.97060999626507,0.5848264576456622,0.6012013689318924,0.7116296673779917,0.5344065325428573,0.5972373870424437,-0.2875411512217552,-0.007594540657875546,0.877472574170293,0.30870789532857223,0.6423041293285716,-0.6126986050530331,-0.16602672328804396,-0.29358910910375796,0.0861465570149432,0.3480091619959405,0.3861833950479493,0.2886255243351038,0.42761015455176754,0.8529685409951898,0.6882778295160361,0.15393636377745576,0.42835529199636146,0.2710097944238973,0.7041485436601592,0.7789439421925083,0.14452211533557005,0.6390281987544196,0.4385414821133905,-0.38262973332327793,1.2242411966851594,1.0405514858922589,1.0354792229273881,1.448584062480597,0.9903654345391468
real_0059,0.03724294072765143,-0.5416700411063351,-0.327836394866471,0.6026327912272267,0.7885251820054064,0.22073060715351492,-0.28548893422541277,-0.6586346652762418,-0.26121381752470935,-0.0259792559323438,-0.44963253371719175,0.07902425353777201,-0.18707160780089271,0.6549087906480421,0.048948856063568906,-0.5431870125056235,-0.059895183248272615,-0.023868699827721385,0.6564172261194896,-0.1872238919359557,-0.27767547108632074,-0.2873657772686,-0.08622079651593889,0.12478685546159979,-0.4456977624955957,-0.21356060577595087,0.6812695674539619,0.2306271846806199,0.22565181662924197,-0.08923678584752887,-0.2334715793302206,0.25346145847450974,-0.13608169539184753,-0.35149387226370754,-0.7248143625891224,0.27600855623278386,-0.13502649248014986,0.2380760411528429,0.27775690481417503,-0.20647126125880064,-0.7829110815387517,-0.7079187613673841,-0.16908798963602117,-0.01407123785268441,0.3228286354677916,0.10032857601767776,-0.9133392288382667,-0.5634092916434769,0.30419995967713404,0.6153836182435333,-0.07153503754075967,0.4299463240491047,0.21078058725147733,0.3944922971544986,-0.0973437304804087,0.32146753014270846,0.15141720491195107,-0.10012414303774024,0.02929291627749629,0.5843430743479103,0.5401715247148334,0.08368377977053544,-0.045126083366552446,0.17676147730729003,0.7331740604127985,0.8701253326460135,0.8704982102890928,1.2425037673663202,0.9996160293647308,1.4349120104827529
real_0060,0.06452119589480872,0.6676112138274208,0.668051393970826,0.2118359162426699,0.36389102748812635,0.1489517066280844,0.42898061060720816,0.21931459739711506,0.19822723339088658,-0.050210106537872445,-0.4579653817443962,-0.1252096277177042,0.027931434706753654,-0.5423122523639957,-0.18648800849711927,0.7103315593770398,-1.0873058129850868,-0.2593090768675869,-1.0619603901118924,0.3190433498131396,-0.007107517655702038,0.18361444983080275,0.4567788493814474,0.17002252279535807,0.04546731007918444,-0.6312614219822164,0.2772825652492523,0.5385533066159904,0.28570632556211223,-0.22878065342976395,0.46147960013168554,0.971166252447384,0.13175118368308714,-0.23716866336957976,-0.04919717378451776,0.34874540955876254,-0.32700351369148295,0.2991491107933074,0.5745837034425179,0.8244118086723667,-0.8274463224412307,0.05353850075112569,0.16254595387012613,0.5609642183211047,0.5112814715106507,0.45958575977412447,0.6124953951801908,-0.1780545116396893,0.029599676454657255,-0.08072375182462027,-0.09145760989890574,0.20290041640829587,0.29063270706415795,0.6724191486706275,0.24089764449874315,-0.36170942001255624,-0.14348431775926773,-0.24383616409040465,0.12324099291281904,0.5258788187327657,0.09612544471422609,0.08660576937177697,-0.3635254693439052,0.23699154229991148,0.7407418607482498,1.145241753188722,0.9778706979639471,0.9352416591426799,1.0816072353762534,0.8794418803242697
real_0061,-0.44796645741496394,-0.07861879146888136,-0.3515036689094897,-0.2845132723609436,-0.610917567280371,0.16387609780699125,-0.011136471108994158,-0.36786689460878474,-0.46553572419698425,-0.2570123602940277,0.20679025110284083,-0.8410768815319953,-0.3178472556263445,-0.2689393499903104,-0.8366007194336664,0.112470914781467,-0.15009941235798632,-0.22436112339161643,-0.4976561076949148,-0.4715576975695508,-1.2,-0.0951875587581181,-0.5489199579764027,-0.3352659566541322,-0.8223018740654172,-0.32735800316412267,-0.12302156953409966,-0.3429100122806446,-0.5368026871162256,-0.2516914631949085,-0.2914888336264402,-0.721165231864504,-0.527047376100579,-0.16761202523028654,0.47445907654072195,0.5836070892349224,0.7283884033456581,-0.02743041421983436,-0.4299206371846651,-0.052131832449810456,-0.2830282597028955,0.15665158546942617,0.2276892358616807,0.7244698090374226,0.5000778052687006,-0.800191048745098,-0.257324836147185,-0.1513300569436895,-0.2835297892507076,0.0946549623653856,-0.1757043923169043,0.403338227253446,0.25005205977471434,0.46754780122668177,-0.6201955209432006,0.42049821623940986,0.5660201277754271,0.01602290445723586,-0.4599763409306312,-0.1673410122973327,-0.02539324743701994,-0.09491804656335395,0.09093247606098642,0.15906734298295394,0.1694942881657164,0.7475695342576293,0.9771216201321462,0.6616074701660473,1.3233748796997216,1.2498340831186223
real_0062,0.22430598010382866,-0.20850071359773678,0.37138999640126324,0.09285657181004923,-0.2733534144370949,-0.29418149941028027,-0.3133154137981444,-0.1525541365593405,-0.3083105129522999,-0.30179705639411936,-0.8257538091172572,-0.16569630429046608,-0.13923620127726857,-0.6633460586847367,-0.7193440788011175,-0.7827450984408016,-0.23975099400791838,-0.6166023838232353,-0.35275143707795953,0.48322272897639107,0.4767489773428794,0.699035537165293,0.07190777028843248,-0.42736472394858194,-0.19725760742259243,-0.2557365711998973,-0.13130213424887852,0.12537658395402215,0.4025337925733582,-0.15284749224100497,-0.2489849480784255,-0.04007539396836119,-0.009869211064135512,0.37417863002584434,0.02092770275000853,0.5838907289632775,0.08722310389505525,-0.03439684931686066,-0.43076856911332817,-0.3902182522791233,-0.04734024484974855,-0.2107221223408777,-0.5637770474500976,-0.23287103158606806,-0.0010169491539483838,-0.989928623958901,-0.019374361699815212,-0.4309793763420017,0.10305341808922165,-0.565189633479769,-0.44290814050933114,-0.21436454225281903,-0.27073842329592407,-0.4851152338027074,-0.8092209621600033,0.23449378887888386,-0.5081770779881558,-0.15383468500952574,-0.304274017484284,0.38105872139816316,-0.4418019053063364,-0.7247963862084731,-0.4053621973643509,0.10406418501588982,0.4100468738252875,0.9497672455021338,1.0575090796530242,0.9964874347045108,1.026205423238684,1.0243533532394455
real_0063,0.3231417557743813,0.12585095035397792,-0.04249917874549395,-0.0464152024754712,0.3171066602337697,0.5165635668297347,0.5571602760107699,-0.2175505908676043,-0.14755215788452586,-0.1461503367569076,0.12434521519909708,-0.3295400329994429,-0.3174310297100434,0.037902821696231014,0.36830643872969404,-0.411203099503599,0.32202423974679595,-0.1359315980636057,-0.21261441280310578,0.5513863416086088,0.36381322289113577,-0.06916375620287406,-0.512763805814041,-0.03701084200000946,-0.011493343452856755,0.37203724691468665,0.7567005662716118,0.4226743068159909,-0.6312916102502583,0.06439918815785785,0.04053859393220641,-0.2423110700428063,-0.12312813005861675,0.24439279495699606,0.04650715186143621,0.28193772731910044,-0.5859163312264871,0.5670618676547953,0.2808349018825106,-0.08679513744704019,-0.2666988701809883,0.6727464187208789,0.6148659296181876,0.24072254559943662,0.36168079639283324,0.2531145544892906,0.32336924463355754,0.19234931840774783,-0.0840171816290656,0.413968807159207,0.18690469840398732,0.4047711025596948,0.12654349169786172,0.08432667595456961,-0.3929816697674766,0.600795645005344,0.17457853272575932,0.4064563411432438,0.3933580182448874,0.14182497261985771,0.606887557180201,0.4851689549820754,0.41130980217198626,0.22568818561993537,0.19953324941818398,1.0244129597657508,1.149973637036544,0.8195153810414975,0.7995312038618397,1.1989445024360583
real_0064,0.06984932467947699,0.1521499000997234,-0.2948099529735628,-0.36606628651214673,-0.1373981936772631,0.03330364674838542,0.026741957511633673,0.4817463483373642,-0.032478795021763054,0.3167613043027597,0.3501606057053218,0.2633045626878135,0.20526716257282943,0.007921509064110084,-0.14401901892904287,-0.8007033398727204,0.05808772819428526,0.1768770107108888,0.0957066161059282,0.5116573173304505,0.6312185346988419,0.05430156210204059,-0.6692979691559416,0.1807310393531718,-0.26118126985741796,-0.18034996511667709,0.2829470964819382,0.18489755442386366,0.006566327424080965,-0.476528083075611,-0.4123774108742821,-0.35644936527273596,0.3586962470970879,0.47696411121402504,0.4345116440450174,0.4781208153790807,-0.07945247685438496,0.011624122981479619,0.0016462268554596384,0.4350184736027049,0.34438763048959226,0.12541686665196053,-0.22711385961337685,0.315562207456896,0.1485324167632584,-0.028669047369362696,-0.07843780333155509,0.1917290076530394,-0.05369582715100262,-0.6927690409139838,-0.4898134440811358,-1.0,-0.5243130671174872,-0.27710395327604975,-0.3626660532517542,-0.34015325236095934,-0.27191110730128565,-0.9345009219721281,-0.5285785455920785,-0.14892564823663118,-0.0704694143178016,-0.7185108117273502,-0.38893741350315486,-0.5226352588003236,-0.25036832157450095,1.0879333497038917,0.8412195877032386,0.9315318122672235,0.9780545096611419,0.8882105856675133
real_0065,-0.020406203864271485,0.045207558161607604,0.14405221839108176,0.40777602293524484,0.08089852582584577,0.444985051389393,0.4801588922732851,-0.10134782140465949,0.2464518583324736,-0.19333191046953718,0.003736555848722835,0.16291418520187548,0.02320745210035355,0.389849603602447,-0.012866392765396107,-0.22350630722353895,0.16820388534901887,-0.06502029832145219,0.09274219985592734,0.4347064705394951,0.9216048713830107,0.7713636426787441,0.1880362118301779,-0.003953566637773929,0.27923442625229394,-0.08363043211159508,0.2584596080345902,-0.15637963836451665,0.6319664601272613,0.29694123904221476,0.414366802461501,0.5625371696982625,0.11636988646999717,0.4799037971829801,0.3122705916673228,0.604397685964286,-0.28474498235661255,0.505813489147981,-0.4104760064477833,0.12371262732518971,-0.26817692912805924,0.714624371647023,0.7250867518484323,0.13922215869446192,-0.06537357117801554,0.0598461691548223,-0.2015663703288818,0.01993351877945975,0.38088663689083985,0.5810668925832424,-0.13871250185749862,0.07334738958628495,0.3865572341313078,0.15468471274342357,0.0007873892885343877,-0.21043308322504684,0.20273564853398077,0.5399858016305248,0.9100675230502746,0.2574533443326151,-0.1386955488993336,-0.012252331667334148,0.1856803876050822,0.39566096474835216,0.3733326596711642,1.1066839869689282,0.9812486454520634,0.9836824460629758,0.9928778527619818,0.9876102906121044
real_0066,-0.17908887585442348,-0.09611223251537121,-0.16252643903538674,0.659409522265821,0.5447807167350549,-0.3630224961998521,0.17161123904433342,0.6286565868302859,0.2992358070987478,0.7593192048756824,-0.040093759253027786,0.6370207576818168,0.9303489626822886,0.7065636983563544,0.34898294228894333,0.07456494782409386,-0.02110663755940355,-0.27803260473269287,-0.1760108230433131,0.12910115988749998,0.22594551737546723,0.1936841176320825,-0.3859342353058236,0.014095636703738174,-0.20804102986486214,-0.2616029680446045,0.2823003365433311,0.5739928335048384,0.055124358538986354,-0.254321362160276,0.24895264987962973,-0.30540811479615854,0.14311011297745269,0.03829275455752662,0.3503868126302013,0.6871943570249751,-0.03942327363172253,0.2508294768808597,-0.060151270950336566,-0.3966511585372657,-0.2210891899940978,0.30241699238095265,0.2615676455954891,-0.14375306840744528,-0.2876373112322778,0.6168083232438625,0.221867400293158,0.39065382401059173,0.19938186017413,0.018790292843157485,0.04996854783491954,-0.308174447685642,-0.21403208966017517,0.13048051623856213,0.611339179006558,-0.07589236431871121,-0.5096094200369374,-0.12044895329061946,0.5194504871717001,0.3211994443041699,-0.5798453068462667,-0.22733008688237089,-0.007258896909181969,0.3006293266143366,0.16463244271280417,1.1190020852799887,1.222218332148846,0.6588695567968965,0.7270516695596869,0.9711252801752663
real_0067,-0.05720885963456956,-0.7135455173231772,0.28225619467113355,0.11935115324319577,-0.13571670769821997,-0.2977532648793359,-0.36595552960426764,-0.7171821352416602,0.17618494822883382,-0.08234912817641056,-0.7918949247117797,-0.18483802962877324,-0.3385062534254996,-0.5153251673951049,-0.18261147449658086,-0.19965019642995457,0.32184415637757585,0.653373003875433,0.6513910507207906,0.4558219009791166,0.1642282330797018,0.8069897069327088,0.05207515200370243,-0.16526693502266704,0.670962735460933,0.060742880811992105,0.22809319135549005,-0.1396698268874932,0.09600944328449267,0.5855687079675773,1.0644559190070546,1.0880142126257413,0.22026857968631,0.1577029506274202,-0.17358698065487954,-0.025504383034001283,-0.945365598228055,-0.2620257487509162,1.1407099161061356,0.21021989403319224,0.15380267346470872,0.11447859247805427,0.7056815014996839,-0.5305424434490438,-0.2765819394761465,-0.31087990095235857,0.32160352833895206,-0.33902544439295823,0.3323833258973464,-0.12008545129663942,-0.16997434143760376,-0.08070992645076079,0.016955996279375187,0.13213300549010085,0.638468521862352,-0.3151581818378376,-0.6424875095986896,-0.1874783951701056,-0.4227253476171992,-0.26021597742078084,-0.43089156318813726,-0.06615745119517374,0.10927636496208593,0.12088662558506978,-0.6086012595597613,0.9476912391627343,0.8884617656781154,0.6768683321358644,0.9488335857318353,0.7909857212885532
real_0068,-0.14823372148368877,-0.43427372293459776,0.4407634804853186,0.03187289144880054,-0.19845248855540032,-0.19374332309741096,-0.36334158207723216,0.3534056484796659,0.23191882001895064,0.04617743962525922,0.20712769924510618,-0.11505423820715205,0.09661779273119835,-0.15738766284379077,-0.13045036902034637,0.021202955061959024,-0.022882194346442855,-0.1353118269473559,-0.572380636465984,-0.19406765032767825,-0.0305719431596575,0.07489464500724329,-0.2604243145628637,0.4492338806230754,0.09546627385606972,-0.21374697216344818,-0.10915951972242556,0.4702317091007199,-0.6808398931898335,-1.2,-1.1707585490110202,-0.13860953790818195,-0.04369161401289539,0.47111875356572386,0.09382757857853341,-0.2194746423755774,-0.9017973005540492,-0.9664567398702656,-1.0529135826954683,-0.5335177074635582,0.43505442417925827,0.5729466947408131,-0.3350802811963793,0.24666502049320424,-0.3820161374048585,-0.01726100854858822,-0.22685700642183415,-0.021912550220471307,0.30837551183120526,0.2107900162061488,0.1909342860437653,0.14036723159223463,0.02942585400877773,-0.7554234072011023,-0.15165940047781615,0.009524750005248144,0.28079582162256883,-0.5497459556621399,-0.3181238504392982,-0.2013669741518446,0.08242878385381303,0.16115897612472935,-0.5098996970465328,-0.5472476168140022,-0.13523606968809998,0.9306472311003149,0.876662497406452,1.096413367105105,0.8515615812005126,1.1655203836454382
real_0069,-0.3944821391129669,-0.09106705980144415,-0.26526329165511064,-0.286441587172075,-0.009396386621822605,0.11861577647637744,-0.14068560939946978,-0.05447785084575556,-0.08204852462750648,0.11882192995696016,-0.16114955659489474,0.25667323791354163,-0.472572037606136,-0.09768884387515697,0.02659440001188359,0.4482247230972793,0.5274020723350962,0.5821945157447005,0.40265579764517706,0.973860146643557,0.4215204286846088,0.034975403750895945,0.8596262413670438,0.17341433953070537,0.06510740972508308,0.7477418881053802,1.0107720374477966,0.7182352451902395,-0.16303719031858113,-0.04200839211953675,0.5283444972783214,0.6463244260503507,0.38037141906148864,0.9542467841418343,0.45035707025297717,-0.03825523614288288,-0.050686418116232874,0.10692220215697242,0.5311155202797831,0.2819599655207051,0.2766542517376708,0.11307137436597707,-0.37744005495460115,0.1742015974024392,-0.5192599662206859,-0.12747670098294178,0.23701659515072251,0.054489083986539386,0.27415417891213717,0.144179015563566,0.04568404783387623,-0.03424038634721503,0.31397820989383773,-0.06290925765925921,-0.2081051110525932,0.08711511119269949,0.11070913264923331,0.33538403214302953,-0.1853028737541377,-0.39437354933332597,0.3284974604850541,0.6210870328395421,0.5005016101699764,-0.4780947682141775,-0.7669650349261261,1.1286963821885732,1.030345928774679,0.8954562607660639,1.1848715514374868,1.162562251394591
real_0070,0.2837858275752164,0.1347064418035012,0.2505802823594517,0.5382617795431529,0.05768314009342683,-0.05056214074033893,-0.1366034382125277,0.11355168139701088,0.5057263081497321,0.6157892665831698,-0.3480996142450791,0.3871209985366555,0.4232273148886644,-0.06617478937828573,0.40582550197780753,-0.05966583807938129,-0.11238371433642633,-0.4119349274757187,-0.09780114129751401,0.519114659149516,-0.031884174643194575,0.5178842538235804,0.7538756774389757,0.4562498260547277,0.31437333590158667,-0.17983490983787795,-0.10127227178215951,-0.17411103399146977,-0.2542955622260627,0.25738356956307373,0.31366903948704483,0.37811475161320385,-0.753189504232902,-0.04568675216392745,-0.3744054790920532,0.1359755476103784,0.5021375166854017,0.3368184771281072,-0.0861089755648787,0.4154326361170747,-0.332356814269065,0.002901898467798085,0.201999874369867,0.20109489199476585,0.3937465193331019,-0.005676133389623774,-0.037130437104620356,0.3777789901927021,-0.03416605034674574,-0.34640244455478125,-0.1989624908280496,-0.7307768048426242,-0.46883924539921795,-0.3337987011824504,0.013592112706767717,-0.5446574361222605,-0.2780848372839248,-0.3571289248137553,-0.26369867815121556,0.2830621546120414,0.00822398469480317,0.23447172807293393,-0.22148461413434334,0.3262171558498759,-0.10375349044529518,0.9713043512677577,1.126657778572798,0.5,1.006922374837051,1.1483886737263918
real_0071,-1.0,-0.04219508374533057,-0.03691620960933992,-0.3195302108485106,0.21954823477158977,-0.11904407662660002,-0.3587541942707864,-0.1279989488501886,-0.6252142870986265,-0.5295862982242517,-0.12270192210608684,0.28152014933920927,0.34102832338157635,0.40835017199691553,-0.1306364564909585,0.2626957265299343,-0.12189925009436046,-0.644096628804274,-0.34290490465986345,-0.22847195202516946,-0.8136109044858426,-0.047987231112616116,-0.5670450033877418,-0.19175299134447651,-0.4742005408604047,-0.8750727105443515,-0.29584743219446413,-0.4534736436028411,0.31044059870274787,-0.16611960441613677,-0.5724671067212981,-0.07565866399556717,-0.38321618046296047,-0.08089184889614588,0.0726157521711469,0.1420125238574257,-0.2548194444363967,-0.1487655929905826,0.1580854257012531,0.19100782499921398,0.16432331032107086,-0.11639922909456026,0.5031629032535118,-0.1947960388368879,0.193898832985845,-0.19459567665734892,-0.6475314719106736,-0.0274409136210459,-0.1262957123910344,-0.04467605459609325,-0.14325426009750739,0.2586227590386802,0.5794588422827377,0.0696303022807457,-0.046985607962098344,0.2317735805213066,-0.13528418449366145,0.94584790619997,0.910636767750179,-0.04001012394176093,0.2709495621087939,0.3945258040495176,0.3699647732242886,0.5984574043435091,-0.3256078615482803,0.8086470514993117,1.001713908334099,1.156968807321627,0.943440850170486,1.3842414134794112
real_0072,0.15578308798841162,0.1935257316224634,-0.16032352214213222,-0.5157008722257673,-0.6711950444165183,0.14912051797258086,0.3011051260215224,0.3687995998751587,-0.5886585070359616,-0.39321530112439246,0.32676207505779814,0.5873427190476953,-0.42571190862910374,-0.004360658115945527,-0.06835814239249735,0.04581144016983413,-0.7783460837682946,-0.936117088406839,-0.38962416645155884,-0.7990828278621194,-0.6254625246939196,-0.42359611951187126,0.0738497342702076,0.564796403225853,0.23327684429583193,0.012607857077209267,-0.3953740208428685,-0.691815756557207,-0.45706611907938544,-0.026300478416627415,-0.4255000999042086,0.06023424413357123,0.17092832984540574,0.17065131854170845,-0.16847689734058185,-0.04174551506619023,-0.5573014089012558,-0.6113695069747047,-0.5850351457735246,-0.3867857624623059,-0.01013350464218199,-0.004247139221440613,-0.21561209436810536,-0.38079421448675066,-0.48738383140456637,-1.0099620174858606,0.19494716988582775,0.3280153749920894,-0.505423841445902,0.34333241574582407,0.043182743619295125,0.3711429125197304,-0.12096851840324074,0.17592993428063325,0.2884341322794259,0.04577414817154014,0.253439751664852,0.9093407599310844,0.29598000884283276,-0.08409575234314358,-0.3865518001840492,0.2679963229278969,0.47381317846425824,-0.16923141264402403,-0.36983699229783157,0.8300069178994779,1.1993440885655484,1.054473951054848,0.9787636138754847,1.362336200309076
real_0073,0.49948984512313144,-0.21464668190158429,-0.025587054953666023,0.21084194019548522,-0.29417479444467287,0.1369534418998929,-0.11856690067145995,-0.6518981237676581,-0.5826890630044502,-0.0853863803068249,0.6881931003333056,0.2714451666996397,0.10932713325511072,0.0939234066241097,-0.13021695304560088,-0.0707014845916397,-0.419030467813752,-0.5457450672164738,0.23681104270452596,0.5375235465596812,0.4996235999028978,-0.0929288363541796,-0.26515745142750496,-0.35204667953180957,-0.15672374745419104,0.4264311409538922,0.7301784188998058,0.7163424073031136,-0.2837781538981404,0.7170895120064615,-0.9391320239515707,0.022840367270752147,-0.2880615047066046,0.48125112722945057,0.4552949301931301,0.1406837913052188,0.6642926562977703,-0.40149284396002966,-0.046242841142474456,0.5444682617958047,0.3499943677163129,-0.05444341111262864,-0.128854758747611,0.12393993495508049,0.23189170368302797,0.29636454201442547,-0.014511112422808508,-0.001993874981029231,0.1710926200322599,-0.4711987195764455,0.1407257054526783,0.1859848382304602,0.15886365927705998,-0.19255046604802536,0.1136544337427408,0.6261544498576357,0.5948292701848201,-0.0985774375378804,0.46389718233117694,0.22788661847876,0.11087036168159271,0.2998462511021416,0.33632904128468105,-0.04962801549847673,-0.3662027420959983,0.8620821570997583,1.128519097384979,0.8572250351927032,1.0446244036812333,0.9062638275377162
real_0074,-0.539887596602596,-0.09729717076532717,-0.6142269098569908,0.24566084762510676,-0.2991683655430578,-0.11474330782979245,-0.32034104351640996,-0.3636202047027936,-0.011577046899764756,-0.3074186045345098,-0.05695156203018036,-0.18254557271494273,-0.16292449710234316,0.168083410369544,0.3624060314210795,0.2766437712226028,0.665105660440516,0.10450607649785935,-0.3329296441610509,0.16420765780992416,0.06705410205712495,0.4812066914750308,-0.2096653896144095,0.02300729660542386,1.0429466247998758,0.2841864948913635,0.29293494859348856,0.12122281890969946,0.755861833391246,0.20022142546486904,0.3991923637248231,0.2380366261208947,0.2620702167646153,0.495309797495528,0.5229500205222991,-0.01864028764582778,-0.14622367779373893,0.08840122908925695,-0.0023813851733992925,0.1633254122912053,1.0487489153810585,-0.6920436036367175,0.15740247909554272,-0.35403998743881226,-0.20715103867480045,-0.622205706452345,0.17860161270962377,0.01746347194396466,-0.36402138367290937,0.533191271717977,-0.24112429466884597,0.5588238372539601,0.43081396065746924,-0.0750847452926595,0.09688086625467238,-0.17341679974627494,0.6610915181816879,0.3492078196435758,0.15133425331184486,-0.4931291915646947,0.3162822271758675,0.4402223054160244,0.2449182401227059,-0.2158619686254873,-0.28653560655913457,1.0745741116080647,1.1262730100335092,0.7366339577883516,1.123362839937956,1.0932630796085445
real_0075,-0.09030859670981581,-0.12641172274329313,-0.2946977982562447,-0.1866220690103861,-0.052072121271907724,-0.302953165754622,-0.22500253753333915,-0.03962219628049793,-0.4647428490744951,-0.8455304636656716,-0.430560563183716,0.33138110538403476,0.3437838670715376,0.0482792202524758,-0.09330469760928616,-0.16116823612914305,0.3207366251322927,-0.1439866499293594,-0.2316959814321521,0.4732990187574631,0.47604176466985054,-0.2281744192919469,0.13591724371185332,-0.2891632118282436,0.2344204885939708,0.8363101370493448,0.354864262569763,-0.12008800560533923,0.3926664512575842,-0.31506743569470047,-0.031656731594427674,-0.21988372295174743,0.008845079873196887,-0.010236697761808022,0.3103786332500983,0.18848617838351334,0.15778876080182017,0.5331298956467065,-0.0993213188125415,0.19634502176804772,0.8347066757940796,0.1910258263135305,0.525740999311423,0.11336923135243303,-0.5266842238752274,-0.4825387292873558,0.6699352539701013,0.17894064670591672,-0.2720788559816783,0.18238560051919356,0.29023343531213674,0.5021575446418943,0.3840032205000992,-0.3683644076875179,-0.08065226396698051,0.4075387188456725,0.751981476146652,0.5055919716338738,0.40580029284457564,-0.09697606002344737,0.21494907912165265,0.16934757848810034,0.11625962692262715,0.7796961469712048,0.30419612663352397,1.0213638604105848,1.083117475198614,1.1671615792628676,0.8000575542661237,0.8440998276854468
real_0076,1.0,0.29022878415705067,0.3564960497335878,0.7598161709418222,0.3140647039910299,0.4063012147409174,0.038815898226213716,0.4271053554741494,0.10216383183226058,0.21433783800969422,-0.2581826871382068,0.14732293669226137,-0.05974670156500372,0.04094611296567165,0.17752407186958047,-0.4182915425739248,-1.2,-0.6211486526588733,-0.7379548738338929,-0.21976086944545403,-0.5449811142912784,0.7618046875309475,-0.9249579734177115,-0.37633622289040763,-0.317540351189166,-0.06357710816861091,-0.22296920024188197,-0.12252232672230202,0.22295386483266688,0.07558814817825267,0.2269567880902174,-0.030405672468918295,0.12065316982297304,0.04822442157043907,0.053235399759968445,-0.2370718123605011,-0.1496788027948239,0.3156254949220083,-0.08423332505136756,-0.2543398463007652,-0.21814422360251456,0.09513903563059863,0.06621286426282154,-0.09344076917926765,-0.16901059242350658,-0.021610271231726014,0.4536748640699408,-0.17932332120648567,-0.22658404317880668,-0.20432690644877885,0.30962691551865007,0.4012623341484687,0.43387510085245706,-0.06882740239547257,0.00025258527642686154,0.2787280531026051,0.027523943976359103,0.26557492450306497,-0.04026335701105213,-0.49688920445876034,0.18854159794732386,-0.28393628642559926,0.024593168577224076,-0.29830203960192125,-0.46813886179094655,1.1035728031101653,1.3491479650519127,1.0698701245120859,0.7916824734757456,1.0058388290286389
real_0077,0.2199909822913388,0.37923602532123274,0.07080539459247183,-0.06510709406901244,0.3939736511379355,-0.08959633444185561,0.03366710760727243,-0.14783530180045365,-0.11451881688392312,-0.19789455756451868,-0.09277587791551768,-0.28518300754835835,-0.17430025585134398,-0.117294662246022,-0.39968894889468565,-0.4945761431975397,-0.37634156557399906,0.12517301165429076,0.7311983445977547,0.1088986038964248,-0.20358084922896197,-0.4609230529961246,0.00242783990619456,0.27892262664365103,-0.03503406756108605,0.5820560700453133,0.3422776500030883,0.21538815531451633,-0.04777252289173967,0.54336686040531,0.5076843101152361,-0.08954656546533092,-0.5807148259347891,0.09312809966471054,0.0861362916242609,0.22016745971702278,-0.14195274499119453,-0.3159092918677979,-0.006001242013565677,-0.19168449397864584,-0.05627181229559222,0.06502881848872251,-0.07063312584141822,1.2,0.7115320393592405,-0.03384230983343403,-0.34163458379549294,-0.21918995717983517,-0.08266453950166083,0.5963634647742949,-0.5959213529667647,-0.08093017854804599,-0.19232122034553278,-0.3953145481202222,0.309816792089714,-0.7444028843430194,0.16673500448816292,0.00845321574617906,-0.26347535181026666,-0.2504243801008881,0.30616485165691815,0.2778502505778925,-0.16700983139826267,0.21943454683274055,-0.34263131497420785,0.9359121030495199,0.9692257466700934,1.4765204565368146,1.220935843080506,0.8500626377202838
real_0078,-0.3561504134110101,-0.4182942061966664,0.3947453468794758,0.22492608398451822,0.1251594312390793,0.46105248960450196,-0.13803080758623124,-0.10391405390836501,-0.2564182927215291,-0.05401435033997192,0.5851971356717743,0.18960339434392293,0.11550989009293994,0.6281936072137302,-0.13196434057517242,-0.0007349406940879347,0.29311309100241467,0.3835177308520698,-0.36638788754897667,-0.09626888355297165,-0.4790052671010823,-0.37931297092923666,0.3004493191952372,-0.0824397791884026,0.665347344579179,-0.5497537063681368,-0.21532526774771604,-0.2528342762863419,-0.19773074576473415,0.5747516022542701,-0.0023567711896551246,0.11121329516541227,-0.8667749511063753,-0.8311333493883388,-0.5157714925589701,-0.8794867467717656,0.5628134032305088,-0.1749592502603601,-0.3733418602676136,-0.18827266762984485,-0.0926538247604953,-0.1627726544155293,0.3642888709280303,0.17816925499657624,0.3634297025101088,-0.5198226488279283,0.008532239965288653,-0.18071723791982797,0.6510515861487719,0.6520636769885552,-0.12694515281472918,-0.21442862290406647,0.12703939401049594,0.18931511668199122,-0.08167529261381509,0.23556818604433494,0.23114637465531673,0.12012831460714721,0.04914532907356736,-0.2743549122761954,0.3732425196643399,0.1732058762420369,0.24212053907740216,0.21014672530471804,0.31388028642821697,1.0237809536615072,0.6994716561900229,1.0840377197449875,0.9175326255590539,1.4050175772840128
real_0079,0.7760747400261877,0.2892573858557411,0.38235956479912403,0.04246569162146997,-0.7619475114186651,0.39118587913245856,0.11598206579487777,0.0432299870877181,-0.07272565963326699,-0.5678107293840333,-0.08504089194232221,-0.364314020075058,-0.18865859381116,0.029286310638861286,-0.4305084022367735,0.21479588599324761,0.33853025463266034,0.21643132072921042,-0.05300946048174151,-0.024557325623686253,-0.12441013228907219,-0.5388994178757662,-0.5551961650048707,-0.902893041253065,-0.3356561855416431,-0.31283602831970836,-0.11347641423175664,0.4841455752814792,-0.9667842116911316,0.5241695156328717,0.1869951747319957,-0.16748185307748092,0.03557863523399593,0.2948119220375437,0.1504235455024776,-0.23824825015974557,0.160045524104795,-0.01767417246196602,-0.8628892261069911,0.22323395481405336,-0.19162095906213422,-0.20391747685984535,0.2903835663273269,-0.14943418838828385,-0.34026769242526983,-0.26669168322806547,-0.36938645784686275,-0.13956140903604974,-0.6350873863260565,0.06662005307329077,0.11341004821480807,-0.2503687177766896,-0.08790193328121253,-0.7049149655501689,0.03329234418222116,0.22205981684382903,0.5093928328043786,-0.15430055565564554,-0.7050060620820658,-0.31980313603196925,0.04808253780071109,-0.08502617719848043,-0.042760330279161964,-0.2565733920736848,-0.050598324573476676,1.0938385590951005,1.240638154227571,1.077540628252403,0.7166315814806252,1.0909245375857406
real_0080,-0.45613170772305733,-0.0612287626779311,-0.25526456399104036,-0.6302181506020778,-0.27136902851484546,0.23287518386414724,0.08021263453701945,-0.26291026648588056,-0.23001369263172136,-0.03597611662478624,0.37644212103135044,-0.010620504170184937,0.12436305202308857,-0.22182527111047529,-0.09602384265920123,0.1301755714434801,0.291209811765363,0.1372040789775978,0.2229328163664516,-0.6903021201281317,-0.7401087661693336,0.5294497676890855,-0.12697830470827928,-0.4578635949272955,0.16055696841109085,-0.009390069799936831,-0.041709496054987756,-0.14935269582616245,-0.1693582831670914,-0.5195520593449724,0.03202463128443558,0.4340063539740086,0.2149965378633658,-0.11059536733112105,0.2767211031174201,-0.6751135785450857,0.0048347802931228276,0.10308113367032612,-0.4847563297758665,0.595317746144229,-0.04117227765103698,0.055599135060735855,0.3253008095347501,0.6722310355263709,0.13888464923138402,-0.6487912576999436,-0.15994125782567795,-0.44324684110985835,-0.5707618488256494,-0.40809404849668096,-0.11833418311304823,-0.12443062343440993,0.11631544354171656,-0.23661840497660763,0.08258159722822453,0.026366862765867492,-0.46689494595642483,-0.25259873002043076,0.28889957070346267,0.38022986516784,-0.067658639221779,-0.768356394862664,-0.14405618948541818,0.5256359708767223,0.7056799552689164,0.9535980190419643,0.9313450853564762,0.966614413978287,1.088762541876621,0.9454927179738944
real_0081,0.45141238909901016,0.5791375805316439,0.8927024139291437,0.11520894314444954,-0.24022206217596284,0.33263836050153833,-0.050752992191622624,0.369911488369721,-0.45756810539105136,-0.25272367489731123,0.41764109286670553,0.3597063047718415,0.32731136288839896,0.032526310549440184,-0.6013968183367567,0.5317726215130656,-0.4106632798355393,-0.6035346877111575,-0.21850593666799806,0.0019873024926127946,0.2899479421267468,0.1058429736116133,-0.09363425421832254,0.1569194402269191,-0.17117424096183692,-0.11603354149719787,-0.18602570253167003,-0.432776790728689,0.24314804434847823,0.109867041890507,-0.32702188433284346,-0.16309650175535054,-0.07786452385750717,-0.6970888534378263,-0.568128234694059,-0.2702360038054136,-0.23962017326762772,-0.13511076953374726,0.34273335843828184,0.32626175074185826,-0.21966848539132539,-1.1559476475361132,-0.018629516855902042,0.09036294195215923,0.5724663185536857,-0.4142325569366239,0.5503130640832481,0.1777970732589505,-0.7093433595676407,-0.38879024483405605,0.0023762425122350783,-0.060074940430262354,0.10081499513000253,0.30562045370389174,0.28502331192065444,-0.459171195488082,-0.5598868218312173,-0.7981701115435564,-0.4571061357118114,0.266794938458811,-0.07753559867737785,-0.24925132873453962,-0.19654521454116228,-0.023076689352076622,0.12855692277716715,1.0685162856336117,1.016182066651455,1.1633551734401582,1.0926739612065375,1.2984046429640943
real_0082,-0.1728483888988741,-0.19773046008724723,-0.1750540299872298,-0.0752888120342344,0.32222201203966605,0.009688012974413194,-0.1819699400712571,0.012356933214189266,-0.29453473221386445,0.1340902976123509,-0.11258045920738079,0.06150705117655292,-0.09577609823419202,-0.600196745709578,-0.5274178032011534,-0.14032095583746648,0.12406671713232968,-0.00669884843461123,1.2,1.1858613623701515,0.3274066411133532,-0.47137193948624284,-0.4965888762157828,-0.3272230288507817,0.04324231294214097,0.4454693719258636,0.27580652913502257,-0.6799391754929432,0.11822626631592831,-0.2785217968278838,0.8388592863625814,0.7170207902524559,0.3516706802289658,0.595045362530835,-0.2920451337590114,-0.0402746829481962,0.2321849948739468,0.6171163162580389,0.6721765767783722,0.42668858694704176,0.10035819324971751,0.7221588742641621,0.5005214113235453,0.0799931494997854,0.3063462412481052,0.51429251159483,0.5270436557370108,-0.03292815028819382,0.6051404954151444,-0.17997332414983183,0.3252175610007146,0.3671284901317209,-0.030976995028526407,-0.2332964646730895,0.24235485547365646,-0.1000712089409575,-0.09381827154349828,-0.43705771660079157,-0.07540087187056023,-0.18033720784279855,-0.12141481813211677,0.16165481417337701,-0.007819137946187896,-0.16765495279822143,0.5695334235360487,0.9007111088400023,1.196432602729079,1.1250170402496307,0.6938569485486588,0.4573461475511471
real_0083,0.5394907397304953,0.27977454558229303,0.4901553296669115,0.560562820300066,-0.14079449636782798,0.4655703264425948,0.20661572318226273,0.6867339224308029,-0.06936209597811989,0.17807430740838895,0.11476195459896422,0.5664451798229874,0.09343226117975867,0.050356050455766695,-0.19821804078294145,-0.15397532125388652,-0.6831910171297889,-0.019247678788292047,-0.7223298640790549,-0.52084292539879,-0.9263831365130645,0.002262899386848712,-0.20422818414917723,-0.031198813172044218,-0.056848570721875616,-0.5938401604526146,-1.2,-0.9959507568651572,-0.8978704332059648,0.0666951249042612,-0.212123842541241,-0.1120024617030068,-0.22040549877851387,-0.5535286045533666,-0.8242359397657815,0.3597297618607727,-0.1406535090099093,0.7785147884652539,0.07200093221580095,-0.24084521970472936,-0.05436165452550889,-0.28163541401062897,0.18864386182903387,0.4617558296454008,0.5928621312867133,0.2610436708815472,-0.6896915138877865,-0.2554948337036439,0.3868718355473228,-0.5232374609080188,0.10075593679387763,0.6182621653991693,0.47168649318183864,0.7216351142725418,0.11772080885127327,-0.3757350855474141,-0.14100313875550796,0.2555351659532751,0.6003931165807661,0.7456074126759149,0.13932113766848428,-0.3009494512013893,-0.021334913758243354,0.3468819671475531,-0.28180326719417864,0.9455419230152392,0.7596610688411612,1.250345001713039,1.0458963430927213,0.49647435128367756
real_0084,0.357001333113202,-0.12656761597914248,0.1503714734769022,0.3416878087651291,-0.0866332540560633,0.3223648105754022,0.5567370560358115,0.22504737549580586,0.4051430230805379,0.034018278312385304,-0.1208450225019865,-0.19469994346234512,0.2901897043854109,0.22264529653513981,-0.080281115697074,0.2390321608438964,0.25697450738328126,-0.221887767993137,0.08408985309922923,-1.1578077417357986,-0.1021046716509482,-0.5294678075424957,0.37359881916415266,0.017054606606792685,0.27397478113006085,-0.24717410035614076,-0.7234622451568136,-0.6548994845985489,-0.4932231126247783,0.1591374879334438,-0.4051680437893166,-0.0425353175233803,0.03786878025709713,-0.5681825766746574,-0.6953705423483697,-0.40397211997251686,-0.4822972695179887,0.5129881265756369,0.5104382136430134,0.025982038155685144,0.24500075691906995,-0.01826866711637652,0.27087963374445007,-0.31660522651987383,-0.13279820971918405,0.8805859163321428,0.9251550283495329,0.3760254624513637,0.6294465048702166,0.637113199835871,-0.2349762244924225,0.07318130961736498,-0.2850936032814929,-0.2490041817371174,-0.17124883490668683,0.019353536618687918,-0.3525726553204739,-0.5556646237016781,-0.42836091256608516,-0.5334600319359852,0.11586214761690618,0.2383170646215234,-0.10322166706164894,-0.01274949355087417,-0.5736954717299818,0.9427393159002506,0.812252917884079,0.895735416272543,1.1471166184856747,1.1989596638049436
real_0085,-0.05388670556449449,0.02449073912149123,-0.16841572024163515,-0.3961765788450268,0.05107099048726391,-0.16372302786133916,0.026836949870730355,0.2523968321618288,-0.6438532029142774,-0.19114047978253906,-0.09354127371638615,-0.04940517096606976,0.1354412229654804,-0.4067558380904221,0.14037127284073897,1.0043862757286528,0.8731593734497605,1.013864411118595,0.927733656988446,0.8184350356775804,1.085296791685547,0.3332631228915686,1.1540554634042084,0.724074351228656,0.45791876569603696,-0.03290725000688435,-0.02657249592259786,0.9789496273662409,0.2567987380006684,0.6046499790297356,0.7202690226815505,-0.31032171656317287,0.2548665754773861,-0.3733234085290681,0.6654910060956892,1.1263681804329437,-0.2568266305582345,-0.1326191986224406,0.5811741111032025,0.9115141072193933,0.47399085947942143,0.31401316930626455,0.38179283529637276,0.32675211464413223,0.06467962952528215,0.4001036933220864,0.7214299212700366,0.20293839997843316,0.11801526913188592,0.6147344023711231,-0.07061958386764185,-0.2954084457978408,0.023165032222598997,0.040125684548767096,0.04651060155694872,0.17682659958748453,-0.2474255911303286,0.24811377254092207,0.764246793634287,0.6815197410074839,0.19764888154836036,-0.47009334386911256,0.07460702360295994,0.40720563532428183,0.35622062177058145,0.820624053161644,0.7598083094321719,0.9129185054112076,1.0748772903412527,1.015117112029342
real_0086,0.41595528508416085,-0.011705903537951055,0.2972235204785928,0.18511864399860795,-0.007194294735296854,-0.14693251675424432,0.8557531799552736,1.0,0.4514781307841664,-0.3355859718014865,-0.11907643408403437,0.46755458348423523,0.5250050357219563,-0.009811343392767666,0.16027362599101,-0.9331238216195703,0.2399877515500333,-0.08670977220625121,0.41893014329723516,0.12886500987286206,-0.6520835883488748,-0.5203937002739081,-0.29648590914509876,-0.586394203510615,0.3902959617486257,-0.5560877452771068,-1.1499967208117696,-0.32341991292533384,-0.0869932040450781,-0.7159761623555375,-0.30899717857947934,-0.4492198437294957,-0.3858778264693608,-0.0821371738714505,-0.7356866376139578,-0.10792462795131007,-0.7777145138765074,-0.2957491963484857,0.8732841326694526,0.036857762052004646,0.2589285737697162,-0.8739335652523604,-0.5218971316582939,-1.2,-0.550420965761129,-0.09617378106630106,-0.6111420129187557,-0.6672304923013558,0.03680460945129675,-0.20337727275155298,0.14855898373489612,-0.43870934372980236,-0.8458953702476659,-0.8315721331070056,-0.5080894914271792,-0.33170426202840503,-0.5459985928761729,-0.6728926724064118,-0.46875703752216413,-0.33947759894353924,-0.31818597928420195,-0.5775393283167807,-0.32163605360511105,-0.3622651354565424,-0.5563419850524519,1.0730458721178373,0.8808795564961864,0.9041793658176039,1.1263962967522791,1.06261157506519
real_0087,0.49853073030141076,0.15275723603293884,0.32409951861048725,-0.4522984693032272,-0.5510715332160953,-0.25254144037876614,0.21131424395797901,0.1609953900215008,-0.07271936620412103,-0.2727916564359637,-0.5279913298162598,-0.242033410670956,0.10418424263819724,-0.11759207776632395,-0.26836769482599115,-0.5707925468120549,-0.5824104058948419,-0.44221646183667135,-0.6839588219106989,-0.2816363804252763,0.014823215289563,0.10749715453456402,-0.6133321641556341,-0.4796011659658475,-0.6690000670014841,-0.15359644660428934,0.14945404285244954,0.42385149131967553,0.09066385341546446,-0.4029176076655674,-0.11261905131645206,-0.7354094154521096,-0.8073760788944131,-0.18453280098673747,-0.3584478327911273,0.32133430977238114,-0.1925861285199203,-0.9032685078870726,-0.2931179991193522,-0.6241737166066613,-0.4932173407021536,-0.6739460922177132,0.6039556974622865,0.7720363938972027,0.015486549072320013,0.08808153377652975,-0.20888472776782024,0.278378825548478,-0.07661945140890276,-0.7280994041221985,-0.3219232934033622,-0.6442618854721615,-0.24261003031930103,-0.29264060922407087,-0.19079658327830382,-0.4730659891527491,-0.18050335656814898,-0.5069959815049478,-0.3370835877275891,-0.06726211748449178,-0.2046181256198916,0.1181445353714082,0.0046324202121049264,-0.27822146995656993,-0.456090260223833,0.9295896489695914,1.065945490902549,1.1581603442357977,0.7191461803818502,0.6684009741703628
real_0088,-0.38564410965373114,0.23241299340035737,0.5743007186587255,0.7792417946990114,0.3176550565458124,0.13846198194181866,0.19011495168064232,-0.0006158373320881462,0.07807001677324306,0.048445411363677714,-0.08236828563256048,-0.3288244086226123,-0.30311432983926645,0.12746886482594136,-0.3693006354755769,0.7026163336686516,0.6521161078270327,0.8168553902727116,1.2,0.11726688928423724,0.5272212979059606,0.18860290876258537,0.46446466575407896,0.45077010203179085,0.31631733447195365,1.2,0.15728245870141838,0.3557527382834999,-0.09827188753678628,0.18185130798284227,0.23634622303746075,0.05418678036781344,0.650280123166401,-0.9391347357082415,-0.7973838622971073,0.18054589473449945,0.19778475463290482,-0.23942008743637352,-0.22058748360536962,-0.8203179345280971,-0.5361973064544302,-0.16172487758976176,0.46696982024863043,-0.27515526601543044,-0.5330900806553561,-0.5858106905656659,-0.9641452293673003,-0.6022076457328635,-0.527849616386276,-0.1409264037182864,0.2556224843739863,0.09260759114050655,-0.3721785984297947,-0.6016459150639166,-0.5536585003370607,0.3277458825095362,0.12067018127393235,0.043241408037864894,-0.27986869795461805,-0.6111619465072329,0.3530226084738573,0.44297759199128434,-0.05932437692002719,0.3788537678490902,0.2810904749202604,1.001874117809153,1.0786281764219157,1.2996748880593465,1.0662080309992392,0.9941915722874084
real_0089,-0.07412159324591944,-0.10935467618301552,0.1564945515228126,0.6104276687862472,0.15610779552347165,-0.14917142915958134,0.2607243110731286,0.27571138443856186,-0.04049854966353591,0.07009047314475148,0.09757622648016862,-0.287936520909419,-0.34125579193007016,-0.07537112372614362,0.5721220643142244,0.2010506289712366,0.6694081748131815,0.6133833451184931,-0.5895700100803907,-0.6474299886531626,-0.064701285147434,0.2275326108944113,0.43801408718914336,0.15245145565970816,0.34772161061894546,-0.03354242004112063,-0.09546645339523953,0.6812051927336665,0.850208447303801,-0.2602230637080573,-0.37353495091873984,-0.14438591051303476,-0.31638056726804403,0.1562516894556089,0.3992445423539378,0.376066808326535,0.5623734024430601,0.3326444468611661,-0.01911049906531843,0.17686144612254034,-0.15679884323133794,0.274150259371876,0.25532362777749085,0.7982261676621907,-0.05036571035497888,0.042841184482057856,0.24478883354151704,0.14533953128461224,0.3277129314429048,0.5677589465884033,-0.3238890199608111,0.5578277868209337,0.47744678678207947,0.020926881457024916,0.33764810689838254,0.31780611510493206,1.0,0.5908622286008471,0.10888862794153369,0.3204229150720833,-0.10207013049237858,0.04219206243053662,0.043428150256321504,0.4555767468048403,-0.2550021909110808,1.0721119988358863,1.0414411268992831,0.9082319013701399,0.9394760481059107,1.5008773526003356
real_0090,0.19819888964337135,0.33753731139568344,0.4686073704753731,-0.07173661809551533,-0.18963081770263754,0.026720874816214678,0.6828737050312053,0.8368193129201329,-0.5071106120394852,0.14171330564771065,-0.13301863056123725,0.17997616320401388,-0.13877963926153117,-0.9086417441940514,-0.1635859893074544,-0.5306803328431128,-0.31294595605137926,-0.05433379857723953,-0.26738496590959016,-0.02992325086211738,0.11663774723511545,-0.24338995079249084,-0.09959940369374364,-0.18192115268975498,-0.30981859595599953,-0.4648397742331151,-0.7689158653726275,0.005659941973300966,0.3361564237277192,-0.5764536331198407,-0.26237609825582753,0.03399367775043321,0.09638600442036006,-0.003817140429669224,-0.07101091408596566,0.36551546216327807,-0.2653518102047052,0.5248071377807287,0.08780245969858703,0.4976953138703588,1.0512057906402523,1.005760388729242,0.48959849373438985,0.17843944379584575,0.5763505293680439,0.4108411236392999,1.2,1.1162413157228788,1.2,0.5608167920984999,0.13846868165419096,0.33860499043806436,-0.3346930017620101,-0.0036674431529303683,0.019359410988940468,0.16789443919119093,0.14822958249441676,-0.05827721023947541,0.000538743060917281,0.16924889698439366,0.09494846780732506,0.31029904358413385,-0.32934568334308106,-0.3206983841715881,0.15103572703345253,1.0669796764044917,0.7880851174161451,0.9150452544413817,0.9034419682550711,1.2060499049489657
real_0091,-0.4914651126940476,0.017049149127937743,-0.11904169900062342,-0.6807634804905839,-0.5714746774108951,-0.011625866030530008,0.22821165443860628,-0.3556627990141871,0.1780882877628277,-0.6299703396009676,-0.14102086499720956,0.012571948658086345,-0.5926099621488545,-0.5735300392272821,-0.3266480279039006,0.5831413950023748,-0.22788643240906242,-1.000533431816569,-0.14528715922918492,-0.2269545974593153,0.09602326744520358,-0.5218382943338331,-0.1194252161805533,-0.1216166877697528,-0.7078947136241895,-0.14767956487458095,0.5833982574144303,-0.3446540619631596,0.05174625597738737,0.4960826520933033,-0.23363028153356064,-0.2196951889309784,0.20040475645991485,-0.014742622428705096,0.21025378462586194,0.4431378074864987,-0.048037932646476315,-0.3433604845192116,-0.03055638019061538,0.36276143764110746,-0.10160772951173329,-0.24119782044238836,-0.22196454133470134,0.53930979833,0.6374515830632762,0.12824313440668167,-0.03454679188228412,0.26115492303755583,0.482602616902546,-0.050539677297364326,0.5070685026954596,0.6237441926812431,-0.047364392338391015,-0.03234779031561427,0.044703868987943755,0.5842314146510259,0.2219779796467788,-0.30671658363514365,0.2650669203303912,-0.5132748753393068,-0.4369778940891219,0.12421944932760713,0.044368257497788194,-0.4976899605956132,-0.1687075739866939,1.099807766345918,0.6534844845051033,1.06281544477396,1.1741111218839453,1.042426636285703
real_0092,-0.17452119833678773,0.10616606327294227,-0.27060916278837327,-0.3173203885491515,-0.47005182909379817,0.05326744779277166,0.3195959753368093,-0.10403611263578812,-0.1376078826123051,-0.6540040916816471,-0.31432078237299477,0.0026813409233552,-0.2299635520878046,0.2560595377269776,-0.17096899974121854,-0.8651384085329865,0.2866125096399931,0.23802130502540256,0.4234728154316636,-0.08086445300002681,0.3013450144086519,0.442875355125864,-0.27618032365177575,0.5889342007500377,0.6316996078352511,0.13205764942152942,-0.40743353418689476,0.48467998162896353,-0.041580080390784896,-0.12949369927790338,0.40071663507750555,-0.14805204752167936,0.7166550218212395,-0.7797098946783944,-0.19156943067023552,-0.18033873010742912,-0.18676008006200087,0.5014641284837547,-0.5700517669003186,0.1797669469214548,0.3259053021535904,0.23899787747821902,-0.24527545328055353,0.5941720596891031,1.1314317977752832,1.2,0.16894630168648692,0.2663911753560554,0.45506745208927946,-0.023276115493804653,0.09788180005485458,0.54299122831633,0.4608782745015956,0.9556328516757571,0.1654185568232817,0.22135404429728675,0.5734741018438018,0.08358313508853436,0.09381607987659187,-0.34592385851503354,0.4447124403158467,0.07114834293468061,-0.37375527373312606,0.2676611208833287,0.1666696393539752,0.9852271773235864,1.0081530378085573,0.9508476999974197,1.295854902134846,0.8902365224737656
real_0093,0.1897453318547223,-0.09719424171002353,-0.4217520538038291,0.2732869984255487,-0.379646363232972,-0.04484116807206614,-0.5462523131351555,-0.9474198601284699,-0.267803542767515,0.17647948480346573,-0.45782472812691916,-0.7655226867146135,-0.2884701821787549,0.26448281568859494,0.3002959006989699,-0.1949217645438351,0.6183421276671967,0.22404564456554746,0.6983225899933188,-0.4006373535763457,-0.1552049131214771,-0.23497567447016096,-0.14743527095097178,-0.2278279642701355,0.5790202850214705,0.3661200730964957,0.4912602835420193,0.06943816877539759,-0.15031585468145822,-0.4208486875126144,-0.7385153352701677,0.4928074652383831,-0.13239600994392522,0.10548144005664424,0.201710602179421,0.45866994402349076,0.0899513057270464,0.2056082120208836,0.07894823106440856,-0.41219488856464953,-0.3138449263184052,-0.5888253010474509,-0.242096208509124,0.042039335503524074,0.06187072339962395,0.14948353275990853,0.7786000739377289,0.2451178692579157,0.6025935555211768,0.06882935960808936,0.29348778870566716,0.10299578042608698,-0.11568540326498192,-0.01116152717441083,0.012281124969717854,0.22338658435352501,0.31864823276825294,-0.4178486031615971,-0.2456607353899081,-0.0075210767485723055,0.025959628373015242,-0.05908181766239793,-0.26656420863563635,-0.29959584088222935,-0.1463037014648161,0.936505253193377,0.9292335949542496,1.190410730627978,1.3588740109200719,0.9013567870326515
real_0094,0.29308331141476035,-0.042317630669230215,-0.7964762826687013,0.4490232378826499,0.19155675192640198,0.35496853099208664,0.16178787304761935,0.35638157287788536,-0.19900684788328463,0.21422141397709127,0.5337788235940072,-0.1936780452219926,-0.015709068043004815,0.06284948126037763,0.21777356296307726,0.7757865645457321,1.003361105574212,-0.21977590577518724,0.35237946748776167,0.39432991443038534,0.19364298075800587,-0.603729981820357,-0.005377150669561019,0.7330432250071431,0.02611623740124257,0.7538291126288245,0.6410107474247289,0.6894352748067145,-0.4043546996628822,-0.36020094031939387,-0.3845043275928824,-0.022673020166161163,0.5647149177055569,0.9365878584144767,0.5344498878833697,-0.6700129059508937,-0.5610859435726674,0.35247396848483026,0.6156101376908228,0.4061409518608145,0.3924722831442806,-0.10630946708848969,-0.054972877121410836,-0.49354349151882765,0.37769386183132786,-0.11207161374748345,0.026036748882992827,-0.022037302553401496,0.15027783485664595,0.009607482860632122,0.08373848848642264,-0.0068940283959020455,0.3997135147451955,0.44547168043449964,-0.31403528995105934,0.5452812721912084,0.4727153559980945,0.4775731315930922,0.19916790065136594,0.01975395576152159,0.34936978914947925,0.2212351088743147,0.23495611717430087,0.1484717802488792,-0.3503064073543353,0.9880422683640402,1.0689078657574917,0.5496445418761906,1.262961574301181,0.4677005276999956
real_0095,0.017403540692498363,0.15770011796742048,0.8577848045646919,0.13297433977118306,-0.018479999564513794,0.5379611864839894,0.29932728787735635,0.22503284528201845,-0.06478248661912299,-0.0925674330360614,0.3315126262636667,-0.046602162353738916,0.03555160136289721,0.21254970006492088,0.09068205100972063,0.32900884709932604,-0.2182197115049948,0.2220836614895917,-0.4927729939048409,0.009390956081749757,-0.704632195054208,-0.49843251776133213,-0.08023200990578185,0.2124131012941446,-0.011388499527081816,0.3381260450021748,-0.30138194508680516,0.15707088433617317,-1.018683193508272,-0.18679591424146713,-0.09963723466971947,-0.12005050492938195,0.4744108264823441,0.5487106311113912,0.21324512086289302,-0.08129178564229106,-0.360003613097988,0.4133707464233759,0.26838147812723423,0.48827441576634867,0.9246879567952601,0.27812309478483394,-0.49394982797790565,-0.013783882564835944,0.07148792298284197,0.7445855633496234,0.5101541857103148,0.6438599511259947,0.07523541183940567,0.4763927204293037,-0.061333718432219284,0.4110897698192402,-0.13300211326918623,-0.20035754624991642,-0.13070512003791943,0.13615647908414533,1.0,0.4967223933198825,-0.1396473973526292,-0.42522072289632173,-0.171476926280512,0.16229154984042946,0.5842787473493722,-0.2629910013056314,-0.7290369967492588,0.7468998349062955,1.1052930439331905,0.8346589906166211,0.9780531636739632,1.0644101052302901
real_0096,0.2700066839905358,0.10885457189647824,0.14596611823276584,0.32827331763074213,0.08441110968964055,-0.1436656954727225,0.046907435107013465,0.472369635712401,0.3323290429328116,0.5611984176348038,0.026217613346268327,0.03871297448477198,-0.6254407698888726,0.4624174530285944,-0.1170027893141236,0.3956297461972014,-0.21035531095021764,0.26090244293248127,-0.18357232348251273,0.1276590307319086,-0.04622907355998461,-0.5495442570729715,-0.6100279013992385,-0.3434042970882399,-0.3189970017696668,-0.14929727281496283,-0.24259217565846805,-0.5433109769175147,-0.7390214391123122,-0.9774403833934907,-0.42264778432832223,-0.36397424749962926,0.23728173586797596,-0.317098835483336,-0.8550890257400454,-0.9265158330730856,-0.19617786258542214,-0.24703629582404688,-0.13017648921691416,-0.18905059099193272,-0.29480858274131466,-0.7440081614022315,-0.4825566371966089,0.13361616957474298,-0.2362945602819732,-0.17458548603799245,-0.0914348945988944,-0.7352163293317944,-0.40874136325555654,-0.001924312780575573,-0.024077318056553946,0.026244509425614192,-0.11434535890277164,-0.314931942173678,-0.5284208295727365,-0.6274695729237622,0.4255750007145673,-0.07720880304850043,0.1133707406456643,-0.5036518853864121,-0.22498072971199817,0.2317560310193913,-0.6594503131843881,-0.25637166878913176,-0.3166562464611535,0.7829331291365369,1.0207362148088024,0.8435167332077108,1.0705440326052686,1.2113707771204636
real_0097,-0.03320894452465169,-0.1472953470701262,-0.3261811983210645,-0.6254373770312485,0.29765497028954924,0.4675234746034545,-0.6035965361640528,0.4900408913032964,-0.20966015580697359,0.15565937398400684,0.25096130993355104,0.7494111013924349,-0.19015204013880863,-0.2517477901207491,-0.569339011257638,0.29807490843052775,0.5516232466776692,0.9104357149215142,0.4830501810479303,0.8610393484787664,0.1416913526169451,-1.0266514807813771,0.6519814321912943,0.3243862077274382,0.23658764407100372,1.1909783563019867,0.9361906049568185,-0.08825155127151614,-0.1372127273654422,-0.10590336834425808,0.0038402902685461195,-0.13576566278217417,0.057181979877433266,0.2281135471512455,0.4475982596134938,0.14895148612433104,-0.43546844134864765,-0.7904189420769128,-0.4378085915476582,-0.28143825116586585,0.19993836441402346,0.02012841263084679,0.3999740928541696,-0.6396881135840412,-0.48909735442627683,-0.9571916528343551,-0.9895612573818495,-0.5481422117297046,0.31947864379945373,-0.3536167088815478,-0.09748209509430722,-0.022460038519485602,-0.28087611069649415,-0.6450280198096255,-0.46201991493850486,-0.4926121728875847,0.46456183974845305,-0.6952427074960741,-0.566336750659812,-0.16113233960574974,0.02235547745557032,-0.32545158798401574,-0.17674440914582792,-0.4402920565166216,-0.6507211977305246,0.8015950581468396,1.114019962806378,0.535928797522771,1.1533645743568488,0.6060951682073462
real_0098,0.08066035668090044,0.09250445026484268,-0.418967783392099,-0.6924629058574103,-0.36125024697209623,0.011536816849138416,-0.16259015481450767,-0.46401182986481637,-0.7600306292993184,-0.7317302966799029,0.5277575155983971,-0.13497146961975176,-0.1874431584016881,-0.49039710110527573,-0.5751378553704358,-0.4920533711536212,0.5212222385174186,-0.03587738836978749,-0.250987178853868,-0.24251132376596757,-0.8241932888241855,0.5416082268070694,-0.07670494246950377,0.24298187015488695,0.48300568184640125,-0.37509580076721205,-0.6444913048439641,-1.1495924961127189,-1.0970242411239672,0.19370104762826684,0.846272752836644,0.535905435996739,0.5497136896147794,-0.06927529915679354,-0.5349354858342779,-0.8646830281028486,0.6301264772395848,0.33164436768481953,0.5062904852977057,0.07804346522971378,0.27093495690337677,-0.2682464472860404,-0.40627259703926866,0.8588712796276887,0.019238321258483404,0.2982885553791678,-0.13093307545013086,-0.5990180103230747,-0.38781707571927176,0.1369583472557119,-0.486841524586528,0.26939522057889104,0.2513420235124436,0.4440828896936419,0.17009973132729297,0.6335630621313295,0.34505438933368276,-0.06655194289542235,0.4037474321296576,-0.041038518749653356,0.3734790848852206,0.5306496284745943,0.03982010369169198,-0.17330387449074813,-0.02749890542510955,0.8504129758597777,1.0343817061172602,0.8072723111262392,1.0242355898598925,0.834645776923296
real_0099,-0.34282144797383224,-0.1396480914174753,-0.6587600000571106,-0.199374577483778,-0.036459354443431236,-0.3013100813378064,-0.05603086209248594,-0.2897553155506113,-0.22306328250953672,-0.428607154107822,-0.2350900306577516,0.27907091836392733,-0.20839613278611824,-0.14885203999864627,0.47892402218792757,0.0012147062730620266,-0.20207044311641617,-0.0318988032759061,0.7353114883906425,0.3532067437658786,0.5333382591771841,-0.1424147785658506,-0.8897533476991398,-0.6120581277026611,0.03134073847399239,0.004987266394986331,0.6909298837871065,0.3296717833033328,0.31938237367262945,-0.2644025082161089,0.2941131265433239,0.5724268488155799,-0.30091861502510137,0.033775208224794656,0.011023530505567041,-0.16984591926595838,-0.40480530141349313,0.3012721701434803,0.5246736409765851,0.26988555777109324,0.9422808819462004,-0.06123123868951754,0.265051962844376,0.1066610271653177,0.2249087348223114,-0.02580661096035686,0.05821989133928706,0.2794027191823341,0.6900516997689091,0.1796774877211084,-0.4443851105178777,-0.11096572148723872,-0.011344186086696826,-0.3406230849601633,-0.02835824421344109,-0.014253114253071287,-0.19228937097432705,-0.4528061567943212,-0.06566120916358252,-0.2908706649735192,-0.09201032715600233,-0.5384318861133209,0.11337137798992951,0.057719467140773056,-0.48649784957839765,1.0599661340085156,1.07950970584022,0.8169687768308147,1.0261528375823088,0.7106338419416445
real_0100,-0.5180480311736199,0.07652371991611966,0.5529244021752099,0.5155046491331362,0.4099319097403273,-0.4506479644907101,0.20969400671195146,0.15633545674677438,-0.05472275326198294,0.41927929352076393,0.06303863808839658,-0.13510772749041766,0.03525008993041677,0.3440393189611412,0.05029967697165153,-0.4239846566605477,-0.40621554417230304,-0.45376715140300156,-0.6270189960908024,-0.16244107873624739,0.061398583770745585,-0.5355893955056644,0.1372330657932602,-0.009283355084003343,0.052608514411024536,-1.0358294583610927,-0.9263335463320573,-1.1434849523373807,-0.5003284197229186,-0.8068753402883576,-0.4498402354963753,-0.5648440621157639,-0.30421806895832726,-0.7350316004274108,-0.4540648999762761,-0.7594129979510151,-0.7985455437751117,-0.2463005592120297,-0.5791147698713995,-0.21335296955678262,0.5685327017403243,0.33478015535474515,-0.2317849114062303,-0.03709987409963142,-0.671967426837466,0.12724406813946407,0.013130305177342648,0.48933583629378347,0.1814825781496968,0.10818397042192258,0.3540208175398083,0.2841891429689487,0.3535943886710102,0.0024421919862510607,0.5970612346656937,-0.34648966420589145,0.11972722887218179,0.07010469205872565,0.25796838916183834,0.21087863006830398,-0.007254281347453902,0.6306559588392715,-0.45425658078328257,-0.4677318613777093,-0.3504674782198714,0.8641781416959908,0.8942990105695177,0.9597790690962339,1.1647506263752363,0.7586622012978091
real_0101,0.4428898111725348,0.07482478119090397,0.27492909085275385,-0.21936259408118902,-0.4623615594293588,-0.2252653292806647,0.15420113820229348,-0.23190853918717663,-0.32773399804660147,-0.3161886682030146,0.10189551484032168,0.2162020581851937,-0.38250326596301926,-0.14228203867087036,-0.5449678034948391,0.20138406503234055,0.25784973470347355,0.07927591125878605,-0.8489012081535708,0.273343789079287,0.4638796429899912,0.12178141474972659,0.2259770391069634,0.44911180235573794,0.2409994380039494,-0.40901612784524566,0.3787081908311472,1.2,0.1967606745520389,0.3467556170133674,0.7459423488333401,-0.011423085203871471,0.28786289835166007,0.5093717890084247,0.49048309976651033,0.881629535102201,0.3858528068047003,0.1511351191461896,0.4846447131444528,0.04663046330509086,0.3735757772926601,0.6017263467620504,0.673434051228543,0.33114862705047254,0.2186413077293059,0.8600998963714681,1.024196419270637,0.5391648114338015,0.35638237973933357,0.9913615982917335,0.003636899318734909,-0.027191101361226024,0.2671848838232358,-0.056669490799074934,-0.3806391060530862,0.0728739311136737,-0.5020239804442508,0.43835862433442585,-0.2910848632828266,-0.5873169563984044,-0.19468521864203847,-0.8799505727687268,-0.39672877204773005,-0.5053755469739565,-0.6764047160449281,0.9432756168940916,0.9730582879252813,1.2225931783320527,0.9881434707948136,1.013370406705475
real_0102,-0.35584836633242206,0.5250040371866765,0.12226612067167207,-0.16868608930452939,0.30715170559313354,0.26562867034554577,0.12182093994575484,0.22157003362748237,0.28694061671700855,-0.26559870716340345,0.7469738581678455,0.0231902306802633,0.29724708695382956,0.5775382792647101,0.4316173345501555,0.4712950597884313,-0.5094250713989412,0.3441300465542691,0.26368813024305215,-0.2336559202747622,-0.19093724493158112,0.25938809903563037,-0.13341031312308896,-0.3059287038786996,-0.4628435152006546,-0.7719857585356211,-0.8145458449220809,0.3873938958306625,0.16017433366849387,0.29545066915948465,-0.8298943667535413,-0.8052666946760306,-0.44127736043043003,-1.0186625859699767,0.05499321190482966,0.03705103957738124,0.9323780415894941,0.08607818192741007,-0.4174895948130574,-1.149200578741921,-0.6171469408654398,0.2639050565249553,0.3234257526247586,-0.05826748999759704,-0.4841423955268984,-0.2856678095558563,-0.46704672465477126,-0.6668751971939827,-0.34411766126721327,-0.22810766010654301,0.04291876540062011,0.5372234703325879,0.26410162263983783,0.19755284458003022,-0.131742622835953,0.028659922122457694,0.34143280930856745,0.0797532121815894,-0.08721521549472107,0.48808731591517335,-0.34552504530452405,-0.45699852198461427,-0.10979057643662771,0.07035324778372457,0.6342672125252523,1.1948842446679098,1.0295164144985436,0.9509878697618596,0.8541426127252677,0.4788994612528814
real_0103,-0.25368911227178803,-0.35669837881462596,-0.03243354822878589,-0.08130492653377897,-0.048613484536541164,-0.28201557355053036,-0.5901496508891472,-0.6639386777892043,-0.21261819256576375,0.37793420159357266,-0.49046971382635,-0.7584196723495101,-0.4196669100877914,-0.3936844235832867,-0.03309978528778498,0.1909537191884636,-0.4307049822899895,-0.7284236828584016,-0.957903722600263,0.4314641190536601,0.05842377262355572,-0.08843129740002378,-0.6094557806918988,-0.9638281685792504,-0.785287392287599,-0.27821671562342193,0.6791008013033772,0.45499934541965764,0.26997171973651846,-0.6684481637197137,-0.515839526192137,-0.4262120201816931,0.09468028936140775,0.4855609826861209,0.45140420676030146,-0.2582724361449757,-0.3990072253767173,-0.17412295212778278,-0.5902920688542057,-0.08654144921232879,-0.34447709975632507,0.21715801188840386,-0.28085559151300793,-0.3204743496338379,-0.3642870404281268,0.005222426012075249,-0.18914681095622277,0.13969711474799076,0.027312053764918975,-0.08558031255629149,-0.088436045750972,-0.2926999356704653,-0.2861012083863388,-0.03656110364106274,0.085825145627305,0.24480276700361908,0.0985314149557928,0.1289732104003869,-0.33583471093877304,-0.04382653934388219,0.3947413894058576,0.19383066392267237,0.40029152135869767,-0.07526493819883069,0.0055958380333392945,0.9465604043407861,1.1230792713126128,0.7938372559457693,0.9171053868328283,1.153567609589266
real_0104,0.3078985892261534,-0.1114442679998279,0.5381096562644901,-0.005808273294832608,-0.5782889303241877,-0.5274397877600103,-0.13298450090196326,-0.014865083406986562,-0.6168935991054982,-0.44215139262266556,-0.5835248519942364,-0.367837724111478,-0.38205317446029363,-0.44323922178354447,-0.5079834201876674,0.3927342172677056,-0.26180154800865935,-0.18621677259000477,-0.13362891171557936,0.577375118582993,-0.29497165445851165,-0.7087967005289934,0.11964005047308957,-0.017144423504720556,0.3869798397818055,-0.08178519133574741,0.15808552756312377,-0.03333317602525984,-0.1833073296230189,1.168196297932437,0.5798813908675795,-0.2628778343696446,-0.9055338485202397,-0.4582851541967767,-0.5881831245279171,0.4084338867640887,0.7824421051862278,0.13719538121330335,-0.3546877899640759,-0.4440363120801223,-0.51788292655765,-0.32424913303635733,-0.35950036743384645,-0.39930308580527557,-0.38465931178276486,-0.4785302327454063,-0.4108124838855228,-0.7827935046765512,0.007640064557289894,0.3168101892596772,0.3470925408233801,0.0009339290851155785,-0.13739268132728227,0.5303877651397378,0.3217658815669338,0.14873423986956996,0.12094358310557797,-0.2584448871599342,0.059765213980963156,-0.09943719809418286,0.35685447018585925,0.20935510742088637,0.0268769442797959,-0.0828986451809546,-0.2872494229907454,1.110627335270063,0.9409388241663141,0.9886090917572942,1.1267820755467484,1.1884637674834206
real_0105,0.2835872935761824,0.1026859613922466,0.46036524775157667,0.39832538536679957,-0.08754583501529963,0.12254284652078734,-0.17316174570893572,-0.08885860087219694,-0.06731576092199734,-0.29329360818544936,-0.009330146686318559,-0.024340344419809798,-0.38882775405163555,-0.20051763032363137,-0.3555016651232012,-0.0022652785970704603,-0.41998361191708306,-0.21569279004524797,0.5683649236520527,0.28807746342272555,0.13874705911318994,-0.7476105109409515,-0.3692182232897873,0.4800306575518879,-0.6686826310072258,-0.16784416397063598,0.3470613349122091,0.15854801728945944,-0.14604216362942865,0.21666103336286374,-0.928387365080128,-0.0321358591038062,-0.29545753039024225,-0.4533152629364557,0.25599621356208846,0.6803599471534822,0.4762333666258974,-0.2303388554106965,-0.3030533869383068,0.1287827042373955,-0.24727439813748614,-0.0019359381151799976,0.40002847791533686,1.122226675868271,0.03868406934631834,0.32532386004737196,0.6938650969628422,0.06122483243167795,-0.08383516116135394,-0.1239255608062566,0.21099314328363505,0.41515934243559655,-0.04334358160990431,0.08834233655421249,-0.20241002534081204,-0.16894688618299153,-0.5812854474518242,-0.06826864321590477,-0.1956670735509017,0.10852273729455393,-0.36812733544164783,-0.461775156918463,-0.5345681530905319,-0.9798625527309706,-0.3512122306504666,0.8599573479985184,1.078175088359817,1.2098347242882699,1.000598658239991,0.9372243529907719
real_0106,0.12177602844211825,-0.5555238958042974,-0.5265302111087014,-0.14708469661078805,-0.08648037075512503,0.5959615606834842,-0.13919870031006806,-0.9287083369933703,-0.24502415865566732,0.011225202600942685,-0.008251219805617613,0.6251753478054309,-0.4037105506042036,0.0768584000300093,-0.06025997398256907,0.12721110294862906,0.21807508705263298,0.13893843049644852,0.04055643776325207,0.6573885129391983,0.7349572278042745,0.44068502373964796,-0.5006812745922681,-0.7224893494117474,0.4760522957715319,0.5250682015253049,0.23341227033548506,-0.029829353738816473,-0.17049109891775147,0.17055286479360324,0.011787964161219286,0.5280709156564376,0.6138787460732488,-0.23392448958135978,-0.5859136248027417,-0.22039771866044314,0.2965117383377853,0.22093208374188167,0.33467262535553766,0.6840974430701373,0.20505173352996683,-0.12520055869899913,-0.42254262745259724,-0.10402245591820854,0.45743570326046795,-0.43333351520861363,-0.4300333640093528,-0.15931726295563553,0.08492610327651204,-0.6614434098839388,-0.29516994334322993,-0.2797490170719128,-0.09650649866398807,0.27581118306150376,-0.1577398865596966,0.07792268536531487,0.023860093271038864,0.7011854246860861,0.2082941144966124,-0.23449078531096718,0.4355414828790215,0.38890111254249987,0.522179161803917,0.2864479105320154,0.16243662625207064,0.9691843663198555,0.9601241812126932,0.8048082367770191,1.0680419953736675,0.3798228725038646
real_0107,0.2894107677909475,-0.5180452621551761,0.3098048793836912,-0.03982534484737169,-0.040200217558462426,0.0393103124846077,-0.34761183231226833,0.07919444972467166,-0.10460626669831143,0.25485262551641275,0.49005907806075316,0.2861047459740189,0.053689375225231636,0.07371562832666378,0.06675620007279594,-0.35888042122333524,0.6016254716501594,0.3649330446747722,0.2509464425477656,1.0547883911192142,0.1194270156084029,0.4963569682221274,0.294942799167959,0.13171914874557905,0.31848829529245165,-0.6760104990940499,-0.09877728538314633,-0.2861488558549362,-0.18948318589240853,0.3367522164604401,0.4030343124119776,0.43175471616218547,-0.11834196374300403,0.04726366632487578,0.7333014706437408,-0.43551415568902496,0.5821994268549524,0.49405659515401174,1.0405139624918365,0.926583341629832,0.2976611925092505,0.2389549188535573,0.09189268213143281,0.37834928942110985,0.40349599097147315,0.583755237146465,1.2,-0.11346649022614633,0.5701591289034855,-0.21301528202193462,-0.6541377913059797,0.029014599725648498,0.14574187167103933,-0.07937256191979834,0.18161074745683276,-0.8062483271374534,-0.44155892492763343,-0.32309861235105575,-0.003715159209093532,-0.08298427756605084,-0.04978444200898091,0.1579245593402861,-0.5819114603827322,-0.5567671808807811,-0.387654634724891,0.8574966917634128,0.9823686749007805,0.8178850232157102,1.134015848440438,0.7508953434994026
real_0108,-0.6292819047310563,0.08320891477405956,0.16386951628349644,-0.15008477373058798,-0.3466895577054087,0.7342323248470619,0.24277132832852963,-0.028175814968086188,-0.16019708417226927,-0.06330402080095796,0.6226932852023063,0.5350694951607857,0.377354638802388,0.08928667092691023,-0.0423919058897924,-1.2,-1.2,-0.7768862724855768,-0.14474659834254353,0.1355946135623749,-0.2340191554937637,-0.2739210425244397,0.3714412505920389,-0.03080967391419681,0.004713560156005803,-0.971212303159041,-0.16695811137078298,-0.06939759985244645,0.35597119455480225,-0.48437922132654043,-0.17794428188469316,-0.5995934968183545,0.3132459582387451,0.45203435765239425,0.36711402283175315,0.708223109079057,-0.3487823221805809,-0.5231088407269742,-0.4590957948756602,-0.5752568232271691,0.14380092792589563,0.3678703166290728,-0.606023722895889,-0.064404808868295,-0.11541433519535374,-0.2664702959787028,-0.14929845131529948,0.18522201756499646,0.552284332667762,-0.3550774926600213,0.13252864302811865,0.1399384708092933,0.08528445555476548,-0.48054676977750266,-0.2875637053833922,-0.27768174185664446,0.4799706361206872,0.4035601268727186,-0.018461504869444846,-0.07203773582979453,-0.10840832515316098,-0.15730602057606596,0.12935772644789137,-0.2971857349625597,-0.1847444002564474,0.9491450386149156,1.124427856303611,1.1117097918548446,0.9250317074204781,1.3082254835256741
real_0109,-0.3607363014181203,-0.615428427021583,-0.14381580325354967,-0.15060887075172008,-0.10107147176679984,0.2444905014892136,0.39831794709750645,0.2772249504001825,-0.2895101929077718,0.01985517578390206,0.514117920220699,0.123174088988655,-0.07129951664801408,0.1909602896435599,0.4339198625009637,0.07499972220764063,-0.4180368108504861,-0.04993832122560989,0.18192297398587148,0.6760708011930135,0.30147386784472424,0.27953350518638254,-0.8359220179168548,-0.3894037566863407,-0.5958118435801414,0.2733213009385846,-0.04331692128106458,0.6884865991621442,-0.01447989123050764,0.36226409216339206,-0.0014650842728699113,-0.09076766584704282,0.6345340486319747,-0.43689578604602325,0.04583051845660931,-0.05513213572867549,0.44832189408571527,0.4924191191588481,0.26695506032559724,0.363642527129074,0.0734790591188768,-0.33871857503061736,-0.39062477357314757,-0.5755740475763566,0.0622208964955613,-0.15165469803008202,-0.02121361513975012,-0.11456656154542606,-0.5852532696291126,0.007478647211834784,0.17107398500821036,-0.1308887502727522,-0.07611630107262113,-0.02812849771018425,0.25712831745768466,0.048747440305877375,0.08787976050818136,-0.021511089433512508,-0.1932371684900986,-0.08133541110511208,0.024677026867362707,-0.32226642018121154,-0.17317084642756292,-0.18864086805791558,-0.1397093391326386,1.1260462206186093,0.7010409443418766,0.9556927768538399,1.1512496327259611,0.3055014298178569
real_0110,-0.4181547384783539,0.3018429390351383,0.2841083026013305,0.18990895005269462,-0.3152089598470216,-0.10727746940953496,-0.10164050372095736,0.9792516234089718,0.1152209292577492,0.03627471016659447,-0.40679389331413324,-0.3228722178542318,0.05374988099818619,0.48549573620177466,0.01409262699245365,-0.37756506607323714,0.5866166961055529,0.7331178774756046,0.16095059242178478,0.24903956848826564,-0.35405892468861533,-0.659095675922991,-0.1485460597378342,-0.24718145284881557,0.10284496558304579,-0.027962473335205462,-0.5258282465569101,-0.3668699289936435,-0.3467434400547013,-0.09564663532709194,0.6187275553324787,-0.1617755389449672,-0.77944772317129,-0.3847721784880449,0.1345922879662717,0.07506585914608947,-0.044856642504054876,0.21730594295410624,-0.13939254077623034,-0.5167259233460283,-0.21803058548762191,-0.21562448982275506,-0.2615827325599662,-0.6486581776819655,-0.3182010714815901,0.3051826507114648,0.48910519353821935,0.40689261121810905,-0.007001329407276905,0.14988605382718817,-0.06418604630564065,0.6173717341880884,0.4352469995208461,0.11607057886025443,0.568948166084772,0.4493093469880489,0.5066779799957368,0.14422851742380696,-0.2067540618049189,0.24930417533766827,0.24369133217830902,0.8106725695919765,0.0680944560747126,-0.7420367064613115,-0.05420272478507032,0.7409019365211478,0.8055291507887858,1.129496938141895,1.075768520691679,0.9131191469516202
real_0111,0.24870785560995706,0.29297043760022096,-0.23449518232733133,0.10616063160819522,-0.5233594680357926,0.06639503875001358,0.15552668149607005,0.2919753715654466,0.37335295101766774,-0.1615002177065627,-0.2166876250256902,0.06500630198033516,0.4977512351911261,0.2653856347095329,0.21577600740561184,-0.3850864158862306,0.4269704914771605,-0.18865841882955361,0.05853278523208677,0.35309472610462317,0.265564988600954,-0.39866803329976164,0.12543971762991268,-0.5302091823101713,-0.325740709240823,-0.22141824502370872,-0.6947171509244944,0.5810268829932465,-0.11023273337996253,0.059986874516826966,-0.4027698046710289,-0.07574421977890552,-0.7501992150427077,-0.2284444664748583,0.37238401501748364,-0.20312402363524765,-0.6749321203446352,0.0818422330315417,-0.012305800901678376,-0.3949489979094231,0.21064803218931405,0.08978237655968277,-0.21445158692012048,0.6306448719983444,0.7930345639929474,0.06365528099023712,0.10137160500063637,0.09332236963931376,0.2738202727764009,0.12869182362624582,-0.39050284375928124,0.025312935044027582,0.2688333728584293,-0.09644699478281485,0.21667938675511686,-0.24003635815301302,0.2042016074927145,-0.19207672036551615,-0.2736961815498501,0.13673230355350963,-0.6125614994678739,-0.03108425097960104,-0.16132031872743688,-0.14275410473266953,0.5482236417806826,1.0651635465318785,0.7776721903835769,0.9972706416409407,0.7530373826177043,0.7049998053831852
real_0112,-0.8947001037275409,0.22113973170856444,-0.08969035816935923,-0.08596893321765231,-0.3521891021296634,-0.4631617611273091,-0.09152450564132394,-0.03360707039499774,0.364424863158236,0.10203142038271391,-0.19792886905737286,-0.5232826181083676,-0.22429638747456604,-0.04469178274496507,-0.10425065037023831,-0.19108731947742189,0.29211123420730123,0.7041628707868284,0.8951685868590061,0.5359974414523523,0.5306767215673089,-0.11289708061446128,-0.10363911353440823,0.6892847326271159,0.41204385798977217,0.5763974393766714,0.29012695284620277,0.7101524594037296,-0.2850889460991167,0.4774275955304253,0.2517156682456362,0.7029450468997643,0.625207770777651,0.3901249856264281,0.3854436922524367,0.5074637208395486,-0.48595568159678093,-0.5049341305456215,-0.1421076169020548,0.31999485730098526,-0.01549338457203609,0.7610072511820315,0.2150051486538784,-0.5616711379880152,-0.29159152304562697,0.30002316125562356,0.44032676548944566,0.029993085800083707,-0.409477413498103,0.07077668086984425,-0.35095790685359457,0.10685537287838377,-0.3367327214999181,-0.2877276908217641,-0.12223388451312392,-0.2524856670116923,0.05373704637204468,-0.0776324497959346,0.2724101013945667,0.10171433051129722,-0.6861823616331262,-0.0759039984270977,0.08601842659404554,0.36862554208068643,-0.07079790998374498,1.0356603403498417,0.6499575820227543,1.1403327296179133,1.2884609582372488,1.201142575396209
real_0113,0.2749737421099091,0.6236611963531795,0.030185651067112095,-0.14231372901183428,0.6282935330762555,-0.010078934733535138,0.1884503557358268,0.08699191871586959,-0.12627205178069856,-0.09819400276043713,0.3128304444803679,-0.411059776826212,-0.10121137447093556,0.24447557110504867,0.09906537947707751,0.3521357127640017,-0.133023261603854,-0.8972616373305982,-0.4488120793511249,-0.9106112354593937,0.26244252726059103,-0.34896157921103255,0.6017642258796678,-0.2768072688376251,-0.49909997088901514,-0.492958377517451,-0.8468971933972914,-0.8284638013242038,-0.5520648803032707,-0.08912985796874215,-0.17069404683953698,-0.5875452583535751,-0.18510518443294421,-1.0950952798082507,-0.3085875220828733,-0.9412864386753119,0.6963550396597834,0.16757125035318127,-0.05326075659848952,-0.29873599087790864,-0.004110200995847036,-1.041479976265106,-0.7625181327536815,0.48043328361364174,0.32345268980399855,0.12897425287702088,-0.3295548900148943,-0.3294473753269389,-0.5877146342000504,-0.2054261763593602,-0.10309663198215366,-0.34867914795852256,0.09184356149770714,0.7651480096522432,0.11419187441073561,-0.20827328773163606,0.06199802154091139,-0.019090020034916035,0.46537284183269395,0.30419854591921364,0.3175259261277202,0.2532245333842415,-0.02620149784195308,0.531142525258983,0.6059845475848048,0.9108775066454808,0.8982603339767234,0.7929843771918719,0.8998510512486168,0.8312215119641346
real_0114,0.19199921811496914,0.38280116759419985,0.1547732112762602,-0.08378692032383203,-0.1485547917109291,-0.25289590852707977,-0.04645996326849213,-0.5454928192018899,-0.16355495306608114,-0.004881052758257391,-0.245663087538661,0.018317787400377702,0.41696777922490996,-0.2900565436227163,-0.6897492407959547,0.6547157864140816,0.322346826551848,0.11340336588045656,0.49697207012075967,0.3561798406676166,-0.42069737676227037,0.04304023716616063,0.4326611644070312,-0.06279173553578192,0.11213544534925463,0.2795384271280145,-0.32096926186216906,-0.77735962842393,-0.4006565564965095,-0.3186206727087236,-0.39176417668130586,0.2729509018044447,-0.5474689337413496,-0.268763418216115,-0.46851998727501026,-0.8718180289744865,-0.527262180689336,-0.27149965591783987,-1.1782131843367858,-0.7508821096197439,-0.7529338823681737,-0.4797686797607302,-0.5156642413994761,-0.6629245306372931,-1.1073124383102575,-1.2,-0.2666079558070118,-0.28491369633735214,-0.3417687671196102,-0.28473375528055195,-0.3609575345284914,-0.09993950250486408,-0.19847434620860696,-0.39702333625527797,0.1254993954515385,-0.40703303219175957,-0.4697866498846009,-0.57505986429958,0.026299258360224318,0.3454289971240146,-0.25376706216925293,-0.18052130366128294,-0.33276341082056443,-0.12273418269623229,0.31828509772523333,0.7830913218417318,1.112415084959161,0.9975830698423465,0.6689809313629632,1.1009885051839028
real_0115,0.22707079943604602,0.04398809044583091,0.1012735190506225,0.32801876921416606,-0.0796274468517254,0.09327784674088285,0.02538829103096125,-0.14625608489701028,-0.18589937391361028,0.19498184980720085,0.1260838395406301,0.0523320517300228,-0.30743585712384025,-0.3977840530608035,0.19898281520530803,0.3617287723263128,-0.20443526319688785,-0.6894361573136583,-0.26397641053601323,0.24387720541254662,-0.12236253846678173,0.8107119713106407,-0.3741809939801215,-0.23791477391468402,-0.6210215690974628,-0.4443596355892684,-0.15702996325738394,-0.0006055046974885186,0.5846474087063048,-0.3056704913244102,-0.2053027493798319,-0.29846006466028874,-0.5316393295632129,0.2116474478834557,-0.09785896042675052,0.18629916481501466,-0.09431109883443412,-0.29310732848827925,-0.18430123068079143,0.3011047852666356,0.293004828806318,0.5154268866355679,0.7564912780241164,-0.5937803087429758,-0.8661816480068245,-0.5000079775183262,0.2637996986415923,0.6684996396165266,-0.05162915892624375,0.135976005391989,0.0135315631308113,-0.01562631906393151,0.01178581532662288,0.19497444268130734,-0.165325511168069,-0.277733772746322,-0.20105002127642604,0.4545602417700409,0.20329876519724863,0.27873469196008627,0.334727189090135,-0.4383753061758071,0.21955113183705255,-0.3080202204876763,-0.716002180511864,1.0108194261570804,0.9572673900426137,0.9578619971273686,0.7909912580827395,1.1413651047922733
real_0116,-0.13278625788429085,-0.17340717109273052,-0.74104647765828,-0.12763471190759668,0.3340296964899205,-0.41401512382120775,0.09463898859916035,0.10933895854013417,-0.1365787009711439,0.1921662934771384,-0.24250133121817827,-0.2711884431668922,-0.17362890748022666,-0.02389038839023307,-0.2987708630471466,-0.3981923123833836,-0.16365755491941344,-0.4109540407408887,-0.6897174995199187,-0.13725829012800317,0.6359677572516331,0.4305233761259841,-0.281996518698036,-0.5065645988688464,-0.3578489560405974,0.22909110037360214,-0.34762993601526543,-0.12636495737979514,-0.5516741028529677,0.18896177914664303,-0.01531463410627913,0.4029858908389816,0.7940776199045833,0.5280098129934749,-0.053280429096189734,-0.03245862822079222,0.16986924115058566,0.7126717745073337,0.6394539398756153,0.025703551969010363,0.2847649444804988,0.2963961751707107,-0.5055308567068001,-0.24698270410691536,0.24433860499146481,-0.3002511226376847,0.25787721370729466,0.7451371361880165,0.9515868674117152,-0.03853530901414957,0.13956771804612966,0.23920405712797096,0.42888272184131737,-0.22819152829090622,0.14367334514934818,-0.12229775143209978,-0.08851482552870167,-0.2238021632253194,0.15340676820913018,0.5103621098930053,-0.2715732751847239,0.12804211857246364,0.19692126275889435,0.13747918527203212,0.6708035939663357,0.9205760936404297,1.0296685122912779,0.7568218151791739,0.7957909678643356,1.4590564599325049
real_0117,0.12916921898253755,-0.13049755377194544,0.18627042263048643,0.0501808163428347,-0.24172580212234698,-0.412837385224796,-0.03348688677643712,0.1024311586501514,-0.05288414175206164,-0.6134378955227765,-0.5718952310022393,0.1395776029599754,0.06250804004696887,0.016560584862530554,-0.23372458437165658,0.10208199050529795,0.12901661166823997,-0.12017843005426283,-1.0102536624366474,-0.11411316945476348,-0.3221174195512367,-0.508688131744578,-0.6525328529754595,-0.6793188585935949,-0.5484043883786318,-0.8945463632573982,-0.21301336683472455,0.18448867636784058,-0.10699389810824561,0.4389761585034033,-0.25781678233506383,-0.031611380247624825,-0.08283048484115094,-0.21938754389817425,0.1873236278183252,-0.17453887350572633,-0.10968594961877204,-0.32805767162930966,0.29114251705872957,0.3002866242761878,-0.7477938000691774,0.5489447960975615,0.8578127406826808,-0.671922022847824,-0.048532795348675765,0.6680334804826622,1.0644823899034013,0.551372157677603,0.149533510202368,1.030067644210405,-0.16310809841764534,-0.17508753465256535,-0.18826587959520072,0.030871703274639513,0.1405146383225905,-0.3166232496246471,-0.8416339058825157,-0.361766432109582,-0.07841656629192756,-0.1049962846579655,-0.019432169451359695,-0.39570683065809426,0.08183610465485446,-0.3398046697179346,-0.03690832991238388,1.0349014317032057,1.1633826245066188,0.6873044104262622,1.0104346637315067,0.9492645140811574
real_0118,-0.3619985210191353,-0.4691776399643249,-0.09768207241745262,0.037882427829229307,-0.23241045033236077,-0.08835071963115217,-0.43087427300337894,-0.14654005206195053,-0.906277864721136,-0.36645031411281076,-0.13305485262814873,0.003507483085938014,-0.33156500351080914,-0.3535642845670199,-0.531788752037474,1.2,0.29238614374997196,0.5652563416978023,-0.10655152858538486,-0.2757656342821278,-0.39340111670367933,0.27342241103537135,0.7492111129974807,0.05173025380749448,-0.4848027096395852,-0.5417490623377662,-0.413559807261202,-0.6654003778847226,0.2508525854660127,0.28105697480576747,-0.2679717014173099,0.16629086144996735,-0.5970043707913014,-0.38090555193824566,0.15358442934986397,0.44429741368472736,0.26606111068474014,0.7282828124483531,0.1513669035748479,-0.7044228992691338,-0.11596851436172122,0.21531520820958813,0.19709938370727223,0.9971595061275725,0.7868029689396968,0.06853510437746613,-1.094247739068881,0.18044681580374347,-0.11840490557863963,0.8146186783469356,0.39736218120264566,0.004013038693252051,0.14373144353675824,0.19845968051084453,0.054116973189067434,-0.6830753291724606,-0.29921364941773704,0.32495997256186754,0.3756702985507088,-0.2367658514828499,-0.12126139757310966,-0.45895421734153247,-0.3526800051024297,-0.298373328455487,-0.12391630245124462,1.0032778218285163,1.1991529198401538,1.1371498070549324,0.9452298988907526,1.0940110924056528
real_0119,0.5176719454107983,0.28897608617796905,0.30061675715236413,0.4132758357184334,-0.02473890037723112,0.16624261282648442,0.46555612061330676,0.3559170700602095,0.4749722384609585,-0.015307747558790634,-0.19223419576759573,0.20705628642483273,-0.35200839705741005,0.02775879014047728,0.08379316263615193,0.3290202324233542,0.11802466956375085,0.8045949011608782,0.33350648219985785,-0.06145733748902649,-0.16646938215494644,-0.4055178490063761,0.19639677994880253,-0.2644913793272279,0.28924916831294,-0.10951945803585937,-0.06511762608940806,0.007516109548724341,-0.5378688518039926,0.08187619968494904,-0.4131103313691153,0.06424297946857675,-0.1978798410534038,-0.0998210802813071,-0.5139389119510462,-0.007452265088055751,-0.4769913875253866,-1.151135686552509,-0.021773846519595436,0.11313268287606136,-0.5973849562187229,0.273783260471719,-0.2688951383199672,-0.4677364267358299,-0.688479595873248,-0.23535626822177733,0.4138803608342836,0.11653950037275455,0.28291963080174226,-0.11195517228181542,-0.18984839732178765,0.06817991529026894,0.25715652547052564,-0.4248521837208156,-0.3148966169434643,-0.21547736641517903,-0.528994459754246,-0.3936870962700838,-0.5655465774810317,-0.29616809034044433,-0.4231244011441032,-0.36199515601525123,0.14855457949858783,-0.1340841650516324,0.6119570951981278,1.2402668336981373,0.9896293097910791,0.9298095235564043,0.9326336064718814,0.628736130218141
real_0120,-0.4152450776939571,0.11670564530231728,-0.2515600702653985,0.07271808763214094,-0.5025333478096823,-0.6489158652433634,-0.09595088698301697,0.07209313804527703,-0.041511328028483854,0.30051953416238897,-0.3754981057707163,-0.1497721125434252,-0.41964073524519135,-0.6076821383692099,0.23619176780275541,0.2175614636961049,0.1312031989825613,0.6080519328330823,-0.47681351834703445,0.15712683987357914,0.2635668090857794,0.38811019606983255,0.5053874591833342,-0.2747946112373183,0.3678477760340073,-0.0792798115628823,0.2147236350767191,0.07837805601218183,-0.20771843782864088,-0.32317723498819545,-0.25769574898646486,0.10369947043789403,0.6357752199415883,0.417412714378675,0.6561030804206796,-0.06148266879935302,-0.14736488049827937,0.1871802419218905,0.22731825386955512,0.4907155124130195,0.02443221846069261,0.20968864915379953,0.46978860063083955,-0.0471336425882428,0.5436907694184375,0.0683772058648064,0.14054651459432213,-0.3732921970895286,0.4061564519312716,0.6439697827065267,-0.08335862788112029,-0.08824369283436913,0.13871125497905773,0.056076847463231966,-0.10950515841765127,-0.5477910462619562,-0.5144943845411102,-0.19863209715412505,-0.14750346427342312,0.1938618488814113,-0.6112839008449954,-0.5378308599780346,-0.24789646223818196,-0.14771195822226185,0.10468119941598047,0.9640966558790464,1.2030378834354096,0.795543943670534,1.1239403930964957,1.297603390823436
real_0121,0.40752296246223185,-0.08567957301759997,0.43138305784805814,0.3047007898732518,0.0541163798909265,-0.09537232134718503,-0.251335492890073,-0.17627370211488919,-0.16296473490983698,0.12778785064358375,-0.4221047556522083,0.038804752137884306,-0.25570771725473107,0.05789898864215904,-0.5930466906859794,-0.4652941819100124,0.12577935441089297,-0.24911153164647354,0.0607448097857962,0.6441984479683208,0.296991415766921,-0.4176110046303839,-0.32782775762882754,0.22961789814912278,0.4624760343407719,0.6415282753518647,0.7159221834409565,-0.11436025497846886,-0.38667803390788424,-0.29682985356836944,-0.007182167048689537,0.035116480668403595,0.4768279406507351,0.8154765896140369,-0.34805830870389237,-1.012359935514883,0.07489737972084091,1.2,0.5864137609849519,0.6770967054713363,0.634581401660001,-0.2548073417167516,-0.5122384441751139,0.8799790895210503,0.5294231780850848,0.3694930734914073,0.20666371904974085,0.15629086156316616,-0.1328649598080287,-0.5699425157916007,-0.09409204643505874,-0.0857795762173029,-0.2592215696551599,0.23062775154844506,0.22854128340416457,0.6542358558933015,0.32298372659488284,-0.21733296971431268,-0.5574938636093238,-0.27318661656271603,0.3703006281988815,0.4163543589314192,-0.4034602758799389,-0.8452543203194874,-0.8231950880974335,0.8464753761067203,1.0138189987651163,0.9807642126153335,1.0679750722385408,0.8098727879821588
real_0122,-0.3122440475470911,0.24145996501206896,-0.159385642455323,-0.11612550887763176,-0.05614754129956504,-0.5228315132886883,-0.8808612666369801,-0.14819025021955626,-0.16105457643523574,0.18249629374613596,-0.27471911659661574,-0.3419247498469122,-0.027474826376588695,-0.23219404658422568,-0.2987392440878753,0.5413449300100255,0.6802337901369677,0.1328085189273802,-0.03442227212664103,0.6089115625639218,0.4017655950699892,0.0241006991559595,0.09444872213895758,-0.23628086519097455,0.2946646767987731,0.20153153410131344,0.5400315953643745,0.8235595419260618,0.5532322547497603,0.30973678709099284,-0.2602650145134843,0.6881186724887974,0.3082963366590047,0.045135136504567255,-0.21410598589527968,-0.43570926834036916,0.27852660255682427,-0.09577067931291164,0.40845919134674935,0.09579373897800464,-0.6294335488131376,0.17403279266826202,0.19269085168489566,0.38979606188905214,0.3322292464565986,-0.1461135793255722,-0.5409779852868719,-0.3477305855726488,0.023094965704575306,0.2744851546592108,-0.3700664411001831,-0.33870909038947855,-0.1451849799418253,-0.2633071798411857,-0.1689288040388314,-0.04533431829239456,-0.28115318436887027,-0.4054863048553637,-0.13650433662767994,0.23049001685849588,0.49139017525822204,-0.17464278644690684,-0.3301332194565181,-0.10376539281775805,-0.018897638762217492,1.0268913452434474,0.8743902664258807,1.2256037714698604,1.0632095741288572,0.8598114589780637
real_0123,0.2671108422887751,0.07636532131840684,-0.6206894459022451,0.001998665066589638,-0.025800128836110246,-0.14036161082313967,-0.4248760613507992,-0.32778956298364953,0.6984618967153506,0.19460799679289886,0.2805223923196156,-0.10508666255787451,0.022638734147866844,0.06179374928380824,0.6343631709869771,0.7918583518570551,0.5131006924270384,-0.15413930233352238,-0.925803815756938,-0.5158719451782678,-0.20947629861356318,-0.2736908885233808,0.21390691672194734,-0.24941761938426266,-0.2082406197630803,0.08265743001306823,-0.19898163981182185,0.5400093913136418,0.3943288398727314,-0.44084991788448047,0.29300054152706695,0.14856519115901345,0.00045734161042201865,0.32526757068133366,0.8626568274107284,0.6625918267248556,-0.2836543211758509,0.18132914855587617,0.6353460350744654,0.0013436940931293492,0.1931639707776498,0.4858147081956716,0.7911393237864319,0.10219100018984882,0.10588424489137471,0.056329113272565894,0.06477590546203263,-0.34515140379950576,-0.33600892348176875,-0.4748032625097708,-0.20488536027490536,-0.6940030327137245,0.018265737754295255,-0.28112898313130674,-0.26703031801891547,0.16627449682744833,0.18989844869368264,-0.13431325901170696,0.19413908243621528,-0.20730830740537842,-0.15054300445114424,0.4446970401243,0.23094285651893098,0.20886638104500202,0.2855675009357704,1.0329995025957648,0.9108399471701897,0.5438524309256154,1.0819656914657385,0.9944380512876974
real_0124,-0.03349515214224901,-0.26850735144285054,0.13570993213132798,-0.38179162957957247,-0.06718256521439861,0.048194402389124216,0.401450294698793,-0.2993772212421824,-0.07966137249119734,0.14781872019060882,0.12805153567435412,-0.09740006682803257,0.07898599621191058,-0.34115863076845554,-0.16036597359945107,-0.7266807156388018,-0.4758615008265851,-0.06087181185330669,0.09109476191110333,-0.13750569354992187,0.35342762614838835,0.2567016961879821,-0.2910015049723573,-0.5234660024175785,-0.26973464118430357,-0.14694815197896316,-0.043807031299755314,-0.5465148594891048,-0.23664468107113507,-0.38902496773938233,-0.4656507633453325,-0.10883402222833705,0.6794271843073332,-0.4135755960162788,-0.5111697130870985,-0.09972285022847714,-0.2230451400154142,-0.6030096536395244,-0.05955360699439455,0.11237934989692921,-0.26486727275082855,-0.0878469108233691,-0.3846164305202955,0.1998430772587746,-0.16503326590632933,-0.1752632991861542,0.23956777308447025,0.14255547141198663,0.42673562143551785,-0.2378278212719621,0.17768877333354888,0.2639246610567511,-0.35395143163314036,0.20075529805458137,-0.1544184698703989,0.031891576101459755,0.5915234507341791,-0.15383519826299946,0.10395953318744522,-0.0030432256832677368,-0.13280989909713808,-0.01442593042635389,-0.2938722156496906,0.20841213947579934,0.1400792084037645,1.2038781362860655,0.7779195231152476,0.7006722620193346,1.1232269336004477,0.6092789136650376
real_0125,-0.025243234168325294,0.03464150706506373,0.5022747670386962,0.7726867674302484,0.2077358106023243,-0.27539356747515953,-0.15460811196301866,-0.09502412106284232,0.21417029640866567,-0.04102071478662795,0.1738447691655498,-0.055468203486343425,-0.11737157896388267,0.19212961832476955,0.7540052182081047,-0.5698875133840542,0.020660144593816477,0.7757547552246323,0.48524613102614456,1.011889325979027,0.4100684653521594,0.10542917128912367,-0.45300124771836786,0.22722835062858898,-0.5232921142762041,-0.30113009078149333,-0.3088250663755104,0.08426330059078034,-0.3985925537335496,-0.7308403923689556,-0.2209876955786485,0.22957483577653495,0.07517369602856014,0.22777790580567517,-0.7850450438588471,-0.30284883059564993,-0.4709954937494344,-0.344726945045372,-0.22972425323090212,-0.35573444197198784,-0.2656279648677092,-0.17506711932874253,-0.9175957784880581,-0.5511894043389791,-0.7125993644770805,-0.23034073920863213,-0.7512455377913441,-0.5786921710101043,0.6531374544475984,0.21265166624995552,-0.5638129746955294,-0.10138094186605462,0.05938820229342254,0.5560577048460497,0.19201802060923176,-0.8138332106217093,-0.2678618765329262,0.23971636782246403,0.3537274296114442,0.19639574405917218,-0.03434779624670918,-0.35229768796042155,-0.03384752613567116,0.13142737115802008,0.41992523356466627,1.1252666868871868,0.8667799219399521,0.8154227116209465,0.5784093316445114,1.0571925072322346
real_0126,0.182395317500378,0.6690358895685141,0.19537947032414393,0.24825917897237093,-0.0468959735527325,-0.10109151661356114,0.4278022797090046,0.633183251248668,0.07287025277104979,-0.31142730207371794,-0.42791334110871343,0.12949567215570804,0.052984370924923016,0.008829823685582397,0.16644954532502834,0.039329555386089815,-0.03684898275293126,-0.47970035184963616,-0.17352970149004207,0.0457913135500401,-0.2065072787569409,-0.3618790472017161,0.038313403587740054,-0.00671164876501351,-0.4155186777149265,-0.11118810833707288,-0.34255152019778756,-0.5816523706147941,-0.5533298132637753,0.5040805179206447,0.2017744752610368,-0.027143757074650995,-0.683598058133357,-0.2430717692327959,0.22953180763124717,-1.0469561719270368,0.12053098460406622,-0.07079305110657073,-0.2849262954208277,-0.5466211849835816,0.11749121528237068,0.45167406427760204,0.052429094568366745,0.4814123315927773,0.026637542976038604,-0.5465867704185091,-0.5619484640743007,0.8498475998988771,0.8354283086218578,0.45145957503519385,0.06667441851683233,-0.04319579406036742,0.037325078803487635,-0.04303884698444069,-0.24657596311233798,0.1179486915351528,0.6772981887001562,0.5089169331689019,0.03667797397644091,0.03944032761930722,0.02282492561563813,-0.08735264635634452,0.2789344105821251,0.011473601113748708,-0.11708411093506292,1.0535306588724265,0.9462974967888357,1.292235773344066,0.9271123495471078,1.2418665682312526
real_0127,-0.09776494260014737,-0.032638077535319,-0.3862696458869147,-0.4995855260230688,-0.03296967353030213,-0.1627248211783146,-0.3175453942430962,-0.06899491169586015,0.34329899798060437,-0.7065891393297551,0.6684412148836258,0.7887877510867638,0.05336956525502627,0.009289309010934294,-0.4323216691298309,-0.09972435279955541,0.9742423341939956,0.7010809855795956,0.4965216932626582,0.8359523149096609,-0.1082758761683565,-0.44983159849406706,0.40970548093718634,0.32036844022413075,-0.16387867754220242,0.16379198324864458,-0.09623237662543854,0.43153724352721506,0.1470831996284374,-0.2266993039106757,-0.04606658693038098,-0.6536415186101521,-0.32741856648566325,-0.08073816119113587,0.2622178561896809,-0.13817043079027624,0.3011048818505428,-0.1240036507001408,0.3687109115785414,-0.3709767535392099,-0.19070030102926466,0.5135544903333943,1.0624789777159802,0.3290387693261549,0.7025272586060594,0.48752536468365243,-0.15838761960775213,-0.7928636652247599,-0.17478944248456924,0.23932998646611736,-0.4052049246380123,-0.38480349157639676,0.2637106918352041,0.5088110859879117,0.41326381453974265,0.06764829237576236,0.026660214238046525,0.21026297533323804,0.5880614089436018,0.019197921195528305,-0.2543433423730009,-0.027002984007812696,0.8036731567505065,0.4112569653516603,0.41077716910107076,1.2194954336829342,1.1205377529067901,1.0565173965838592,0.5639579871021052,1.0732334558743228
real_0128,-0.1307500449988677,0.28957072779720383,-0.326946391457936,0.000474033105832902,-0.6111690840518392,0.3633164912327242,-0.03962185858737948,-0.4517078818011136,-0.24208324627428787,-0.533305125056656,0.1058259886004506,0.03523572269635571,-0.12302362310581887,-0.1148000766828506,-0.2583881975373003,-0.08094464409068487,-0.3711872607996101,-0.5950006713159689,-0.04988979914978927,0.005663788945958451,-0.15914973671458046,0.36713018327643715,-0.053987162407747966,-0.1377704842843252,-0.4546890926277232,-0.546289876929854,0.01858993020314078,-0.12764140479195982,0.047204072384010684,-0.055444388580928705,-0.557781188336435,-0.2754979705330947,-0.1460963147975376,-0.5474714107255989,-0.4168159416116202,0.2750779731707374,0.16330977746870046,-0.3363082804377786,-0.0874794462780434,0.12425890729669131,-0.613860143603456,0.4862585947297592,-0.1724898147929514,0.8264235376819358,0.09172442773846497,0.3427446441538757,-0.23909646993831163,0.08994380748895581,0.1785825091348608,-0.3876541524809689,0.4373730244969881,0.2742732258721619,0.7487045187409946,0.6602136358264966,-0.1869102109941827,0.6909729600928131,0.071050014396419,0.34639686311597584,0.27372037840329155,-0.0065367438970229405,0.35560300424570424,0.08823491657880199,-0.5037432158466673,0.06934663487940859,0.11196398731772303,0.8216855418515724,1.2581154746748975,1.1534634480922454,1.0072119853595591,0.6027756089553187
real_0129,-0.18684425962469997,-0.27021901860747244,0.03772219343144068,-0.6976232338766619,0.021731233124290875,-0.02794871507281527,0.6752003906043728,0.3680472069130635,0.6036886533106985,0.18717815157974305,0.1879073890247177,-0.029900769268680814,0.36781696211285886,0.5078410158031688,0.733586455777666,0.13994453281182376,0.0904553554300638,-0.08040031654687638,-0.13210891539462158,-0.23942153219763984,0.5459609037560513,-0.3756901940980921,0.4312446938859746,-0.03101462745533614,0.08103158391318308,-0.436221283714683,-0.15052989726691066,-0.18025515370025322,-0.4815664263516466,0.06815448326653227,0.14631184544903186,-0.20217235545703705,0.16529188832373506,-0.22947772231652244,-0.45750512209924304,-0.023580606196439174,0.11906443314541433,-0.2679516562179939,-0.07113346209148642,0.6786766291855696,0.6430921866435323,-0.3361183236129224,-0.46454553027260065,-0.9164687136347379,-0.2086593120016926,-0.49335598970200834,0.023119693600861826,0.4594859256985282,0.1835547070782202,-0.41544817019178165,-0.4775043242781018,0.08727314531480145,0.22502497602198676,0.3087476699780377,0.2794913204863782,-0.30797061934373904,0.147051285845171,-0.22559206294718562,0.4505623365125118,0.17086207941003928,0.13575236104229008,0.22317913536277295,0.03881191711870384,-0.5352150262534751,-0.877401346480503,0.9040372700875379,0.7926727726934439,0.7719678161747539,0.9990734055551309,0.9690476764175852
real_0130,-0.10859643407174308,-0.3195161708540935,-0.6189228266504166,-0.0957581256402417,0.11757413743547224,-0.22677272393573095,-0.11640843173864954,-0.0424053599864186,0.0331441281961725,-0.06373368713073259,0.02358423298395532,0.4151963034282415,0.2006672384108355,-0.2782610451133395,0.3199045986058494,0.10779977619986184,-0.13693017549367298,0.16654341259372352,0.9511626285235465,0.04429758499230322,0.20841383004173453,0.011567070153021154,0.3295891085784449,-0.0037521968290654445,0.445229609467925,0.6849018931692757,0.5232502768692081,0.5406882774939936,0.2995557976339763,-0.2290870070663837,0.5228606959342247,0.45587978444642097,0.5443899881082725,0.7651116217488805,0.9929869518208382,-0.2504910808213219,0.5544485653172552,0.30816406295263765,1.102668287143233,0.6569138665059631,0.6730531195399706,0.6898955567330856,-0.2994849720209119,-0.09500543603664995,0.0742782532481258,0.5825026876824195,0.06673228411109007,-0.3490327491387088,-0.5881191348905673,-0.224107726371123,-0.25254205610072655,-0.40944161350703173,-0.25760327658053334,0.07228224057996312,0.6416351547638485,-0.306296837027941,-0.07881814554970887,-0.07500222178187173,-0.053225042966326214,-0.046509364968467394,-0.1213702102712034,0.0013029420858896978,-0.00011148057366334428,0.028654172959661054,-0.6209921341261834,0.8610136087891713,1.0589241202389879,0.7760928249458947,1.209106454957936,1.1855072257448727
real_0131,-0.16509812191853007,0.4243223345514029,0.21566943239469535,0.05741973016516092,-0.5229519727235142,0.22194234727880285,0.4036176490600573,0.6743867238841753,-0.11429913141917895,-0.38747754284771463,-0.4222898096770165,-0.25151336095740784,0.1345724625060556,-0.277114886873201,-0.25308856163440374,-0.18601734565597283,-0.11141412988698675,0.681563975004991,0.12822032983398748,-0.1794567643869093,-0.29256984594461527,0.5797642497270676,0.2895340612354374,0.5703257811939838,0.6475894405598372,0.22840188911731502,-0.296982583375917,-0.009703814660054669,0.3471764603089183,0.586014567757004,-0.1388261079574889,0.5501917744239778,0.13547116599473086,0.29931161081325447,0.36103304505252276,-0.42174980652955524,0.8533131216485375,0.2738435513430801,-0.11540606264556957,0.4236380506049725,0.08621172291343487,0.4191021561175192,0.47162038450618515,0.31184234355167184,-0.19648737009271364,-0.0035049613917207483,-0.09751421554628277,-0.7105346157800171,0.11753455449337982,0.29803023114433774,0.33904526385529793,0.6736527639797592,0.47025466812877836,0.832712845966709,0.558476346727261,0.19715525265274292,0.4640814499410601,0.35558663192979345,-0.07260721791927591,0.13943000564518154,0.7779785655797921,0.0595405426271573,-0.10508712917390224,-0.1523306061267041,-0.039039218885517035,0.9415285295266348,0.8439184091263698,1.089562743344542,1.2375268785442242,0.530502808508523
real_0132,0.0451841678150188,-0.12296428546462528,-0.21276118036103048,0.06576384748130033,-0.7260046265230345,-0.42458848337713195,-0.28426414740391825,-0.19009636843051358,-0.4168811483856831,-0.32775430984058973,0.059855964008117477,-0.2690814832002927,0.5587527885094585,-0.05413455616613293,-0.7198040023369081,-0.37206522029332884,-0.8582040288335457,-0.5702664841765696,0.2834309748403035,-0.3139368803097226,-0.4506399113284662,-0.14032375549731202,-0.49461752782619,-0.3483465062308678,-0.6101880505670066,0.06479424377676941,0.012426237469956749,0.12514167814741856,-0.350865307969066,0.1254259219447392,-0.5680088348625097,-0.031065168356880085,-0.024479236679771088,-0.03782642491996501,-0.205775478038081,-0.37014385304472436,-0.14042868749201481,-0.20315805235160958,-0.14570461101498036,-0.2521175323112095,0.7179198460239553,0.17826434510087605,0.3567458987117101,0.6150404279825932,0.01898530872552266,-0.4304795389897565,-0.5821497673593717,0.20961634592126077,0.4562598395437593,0.017352542245349552,-0.20153382957017724,-0.7429518758125281,-0.9015146256848053,-0.7520063650730223,-0.5736838311235338,0.05850119832105878,-0.3794369656528773,-0.30139574055766877,-0.4259963704244431,-0.5686459046101048,0.5955507250536644,0.19280137092674823,-0.6209984865642386,-0.7441934432654882,0.14497846943778545,0.7934970778665537,1.0712045632694802,1.0116548661870892,1.0405550096504734,0.7313084965455715
real_0133,0.34618058251535727,0.256735299268403,0.1107437842123314,0.2610421748753574,0.19767346766255317,0.8419100504401716,0.6575714254162958,0.38850458251201997,0.7284022751534893,0.3253696396699227,0.2926764723699643,0.30653789963318884,0.29103524637114725,0.4957474572002601,0.5850758327743926,0.40373454208043585,0.17725406032048763,0.644599453388641,-0.5936030658924025,0.1444445733628195,0.5281608829005575,-0.1329794147588389,1.0516017289955089,1.2,0.1525763176667665,-0.16242951689518165,0.004268166089310842,-0.007333384924338638,-0.05254060792146717,-0.019963442655785136,0.20722453187136877,-0.00011679010830600213,-0.07099540170006019,0.23478630019423283,0.7979410656479765,0.46085739245508117,-0.5901456842092091,-0.8771879594323158,0.3563232057453783,0.17772504971509187,-0.19676814346567095,0.9343951187742893,0.18435460297383308,-0.14599761192758032,-0.2985458328274077,0.17784544043513156,-0.4283603878745971,-0.3238116530985771,-0.231675097964983,-0.36541266446117654,0.3800188882410573,0.41827354159143815,-0.31230758354607824,0.29159007904669393,0.414558656333437,0.3156772194369998,0.29263911685675226,0.04325239060211072,-0.08020738841150846,0.08266756360970097,0.15150326979245735,0.3633352631640988,-0.3102996420403638,-0.2527853414379643,-0.20694191662816108,1.0952726420221606,0.980337002396841,1.1097477637728252,0.89992778452062,1.21913590102038
real_0134,-0.1076691367834188,0.26164909948122284,-0.05563275129315204,0.09699700220330844,-0.035320296809933316,-0.06878611332691276,-0.008092325766113065,-0.09131965623727557,0.3704404348553247,-0.09561465990468096,-0.18594480282768983,-0.41162693004040857,-0.555282872267407,0.1728417167691899,0.09933999927841008,0.39262974481109286,0.6498818687884185,0.5843918987391681,-0.00016570462367719558,0.7353564860928155,-0.0962350613545677,0.0585064248982913,0.1564558025080634,0.027963815211643563,0.025234882703079563,-0.9224368250942891,-0.06654683653323763,-0.17215175715786576,-0.3829355220166556,-0.3663245922014422,-0.3123287586282243,-0.6079266745054472,-0.3072432038060536,-0.22682907835241972,-0.3191054378542407,0.31417602744401785,-0.41851799428832454,-0.5713291800627697,-1.041037971894003,-0.8720585549572554,-0.3185459850306139,-0.43063923465143716,-0.5232727045118678,0.4495399285982139,0.5104717947983513,-0.4147928791946855,-0.3489846092316082,-0.6081566383347674,-0.8736549679533715,-0.8891473341406995,0.018418470982919228,0.07133503998246461,0.40675816211854476,-0.20091763436649857,0.27154984058243004,0.25922308314183967,0.381671391418018,0.22476461568712253,-0.33603172778128054,-0.23219683567450622,0.011374342045166963,-0.07010608741863371,-0.08673490156582894,-0.5516741982924525,-0.10759988070390349,0.966666595435184,0.7253641261228705,0.9624658018143095,1.0970322225091476,1.0675238585493216
real_0135,0.3527437756528894,0.11794287468038793,-0.5560180243093024,-0.2306600321474512,0.09226014416498038,-0.29471344268091787,-0.32865191159196777,-0.1784617371794427,-0.20548245186802724,0.3524899717677494,-0.41822337626151285,-0.4253582743913245,-0.4358008758013188,-0.09731611471576397,0.598728265204144,0.21197088696988478,0.053064938873751855,-0.8170652631318319,-0.4286220133289232,0.49070856800372487,0.38960987615968107,-0.10979507680951635,0.4020030674732398,-0.13460453327281366,-0.4099100925676936,-1.0000518712030104,-0.2293620304720347,0.23640480534149297,0.29971444946506776,-0.12078690815394615,0.2772220558463064,-0.36158520504177055,-0.6409502517701816,-0.26540457549311114,-0.20135342791632627,0.03589791712630588,-0.6624796069313801,-0.5781951835048489,-0.23723273525962746,-0.06183463351847116,-0.1849352248250181,-0.17689596172483044,0.2609456537434113,-0.2735061302250124,-0.10429142552724437,-0.579963725881945,-0.9157870721767855,-0.6635539959892827,-0.022561838068934338,0.034000496698050865,-0.32208770308270934,-0.3699796147375912,-0.3087437593628741,0.02653730536910343,0.20737395382083917,-0.41903426633175533,-0.03645025250859686,-0.4564983622816868,0.012699094508681523,0.4302590094863011,0.1014870594629173,-0.29217299827134985,-0.12024230011627458,0.19306562461119983,0.22596958186742427,0.7793790558246013,1.1392445487352727,1.0556287452909254,0.8944164725351373,1.1029928955316886
real_0136,-0.393986922679489,-0.18101613703368274,-0.5914036160106831,-0.2822579067566658,-0.42154401404383035,0.26325858233167126,-0.2154788905183626,-0.3281576912870623,-0.37126510498754556,-0.2456032541449976,-0.46676620517405304,-0.7454991260224731,-0.5158508732611636,-0.7361042102770081,-0.7662369636263591,-0.043784734933165176,0.6217117375410777,0.11112121426057281,1.2,0.5814889880907436,0.7572131771255438,-0.43241194508373393,-0.2980081927945849,-0.18453950950144143,0.06762567517700452,0.6042927638503028,-0.2918148437954897,-0.4217871615860599,-0.7342836451105708,0.02826112098062872,-0.21342699651622693,-0.3145451408115514,-0.06884004714254467,-0.08937602780249142,-0.6539395028573558,-0.8079565730027679,0.18067467918353297,0.217162492694714,0.47853251141570463,0.35240954643978295,-0.25356719271525346,0.03718004669199509,0.09571943493404424,-0.4586178653351779,0.09630815927011838,0.12787212271155468,0.028634074774716505,0.4087070452670827,0.9778110123878935,1.2,-0.4488317280650602,-0.32355510352114153,-0.6499374300041929,-0.6405873890230498,-0.5006896026120238,-0.24446951136051315,-0.067996880023537,-0.30810803249331653,0.06828039926681731,-0.48217536234358727,-0.48018987559619153,-0.06891611091898722,0.21908843516178172,-0.15445467075215513,-0.624724035539892,0.8476631378188688,0.9092498930786903,1.031623816981022,0.9997214697113302,1.464873701905828
real_0137,-0.3339800238623134,-0.599972203495935,-0.036318970912880194,-0.48938015765066556,0.14298658778446444,-0.24611315047463198,-0.05294583752281658,0.08614166336258759,0.26287013641707363,0.4028498071852041,-0.34101468518085254,-0.15830178871689704,0.13364104434082968,0.4528390213332034,0.20886842128653174,-0.3285607450337773,-0.24232350208505798,-0.5844547531672484,0.47751164580486555,0.2590067336219234,-0.6612499426294434,0.030540146276739844,-0.48158400477551494,-0.04502615561899788,-0.4038872667821094,0.47458482604441954,0.22886608987719334,0.28859415401084304,-0.5364725744832105,0.5834739895977221,-0.08875547219219504,0.07919786116311411,0.35793440564078594,-0.1224620991048802,-0.32623308459719036,-0.21319839305875432,-0.6207409536542987,-0.16087896945573457,-0.6697961274357018,0.06278524090432774,-0.32191361865279255,-0.5004496927714281,-0.4475321197113289,-0.2369760651691665,0.36599242916090113,-0.16819313948072162,-0.16269861658544194,0.33287236307210316,-0.29982205567689024,-0.26755727947975283,-0.06680248926125683,0.010082847948476975,-0.19665831178894275,-0.22323981566049778,-0.020913209297243947,-0.132456591637571,0.5101553332379637,0.1346919390032346,-0.37993421207432376,0.10894057896374464,0.053357992417516965,0.036710484406390964,-0.5042899819913271,0.14239790288062207,0.05792911365688903,1.0470270771175292,0.9199149642439668,1.1555534778169851,1.1972272633921537,1.1171381946265506
real_0138,-0.4593342285927063,0.622969246589496,0.1679887541315749,0.007868025916456066,-0.2116767132960791,0.5596674369120883,0.7354397646029953,0.5488660780521224,-0.15327881778232613,0.006651032402762241,0.7959958436195185,0.7187040642184653,0.32702869252569444,-0.26499234219404233,-0.2728606929977318,-0.3000410721368592,0.12322524892382038,0.3301863002036956,-0.2543210464342136,0.5410143263666807,0.22232667599696931,0.167490555955444,-0.45749795192498754,-0.0950344209928403,-0.02907483115539414,-0.03314387914232983,0.5002461633633494,-0.3616787396074011,0.6057927362585253,-0.3953954466373538,-0.4147901800615145,0.5767739852745212,0.7126410484585896,0.49691519817883834,0.19860954408871598,0.2218340574582084,0.41446548000315087,0.23575831196140723,0.6117060435104397,0.5968324883621045,0.30068163718806545,0.0037002662901534835,-0.26618029865324194,0.15017850021639498,0.7097135006808297,0.5836401899566919,0.3394561850553057,0.027061738637459223,0.9268465591423835,-0.19592098836587613,0.13278476971116152,0.42505613659726554,0.05800063826635303,-0.02983660680560718,0.28580485182473986,0.21378241819079924,-0.3512989310161274,0.02176448960129304,-0.261543504356673,0.20040296786522532,-0.01883118768326242,-0.3215891678308721,0.3301529469547625,0.1289066766572625,0.13001899587398452,1.1257189851841571,0.8395371383065465,1.161401656388894,0.8884457308021153,1.1644720026082949
real_0139,0.2560062493473222,0.34688553591691745,0.0016079988635024497,0.014934884479384914,-0.13625156282327458,-0.20178669606541316,-0.03345306642444978,-0.6260284484719916,-0.04978059854871414,0.0992413749566199,-0.003665574570617387,-0.313998193167792,-0.18688934259956227,0.12482657005848581,0.06924009888792913,-0.30561838158799254,0.045492505337781285,0.4526679456842126,-0.17874654979793114,-0.4212442326330209,-0.5267019260987649,-0.32117478752448075,0.13826370026374002,0.6863800905520482,-0.23242501772847252,0.09799137034392703,0.21511910681343313,0.3687266263573396,-0.10443503822690377,-0.056315568609897566,-0.5903299759195887,-0.1426658619725512,0.001763394315272077,0.5918093141826649,-0.0008377586369265712,-0.3731832165041222,-0.4499116873282736,-0.4089939223870931,-0.10045329854010447,0.5191077737297581,0.19604325697705324,0.514848674117879,0.617585198056618,0.18766762499869988,-0.5716505670410066,-0.2624719211857102,0.34875191921575033,0.8984953704406409,1.2,0.49026507072499753,-0.08943076867466207,-0.0018542861083830368,0.31512111502484363,-0.1884853155086162,-0.7398615038981332,0.1920453601896059,-0.12586004489561575,-0.24245781213608478,-0.34630033429380325,0.07768345425260252,-0.10177790685819069,-0.027584848505121072,-0.27614636942895576,-0.4487469432693373,0.008989362859935925,1.299509633753768,0.9018575084968666,0.676025601121646,1.1611357278485002,1.6776863818045815
real_0140,-0.0590369765438532,-0.2239023563213538,0.1612526787275778,0.3641967162634932,-0.08203121886936565,-0.01923163145323085,-0.335580592382751,-0.14795425792476738,-0.3080653922859439,0.5795764113082424,-0.24971829288188266,-0.4053729387244194,-0.2792532937976097,-0.31255770122521703,0.32117083940856855,-0.15610176133881468,0.23237042158561488,0.033520883762486915,-0.4412526546668211,-0.9294431295231323,-0.39721161004506134,0.3071522493644469,0.1472928498513379,0.4060545520863088,0.6386071782985726,0.0169730721302545,-0.548327473946374,-0.5239938765077903,-0.910143417441727,0.22661454764747332,0.36605630783504584,0.1623241650147872,-0.05063549043840883,-0.2991875213226404,0.383201718933542,0.07374434974983583,0.7877878870792498,0.4678868222808637,-0.038835091032034516,0.2174759178630059,0.8149913062355205,0.5029294432819249,0.09296342723401606,0.44582052982751064,0.41177579461048014,0.7111324530102133,1.1585271956557979,0.9804195653069486,1.2,1.0646581312858971,-0.40107806876432717,-0.5412944341606516,-0.3981830851363655,-0.4189180999182675,-0.3469721664742449,-0.7029035231620351,-0.4414738160159191,0.28360798437081,-0.6590282665904753,0.27579419539577876,-0.5915597930218075,-0.747373962665786,-0.36500547553858687,-0.5197341004578355,-0.12116894407024326,1.4370793699010993,1.0641835661042376,0.5505462889318289,1.1354802737384604,0.9465488604773773
real_0141,0.054438535527674525,0.004583009755672011,-0.5187091863812828,-0.29636979402378044,-0.08645286991748123,-0.1285962346225498,-0.2078247007218247,-0.25755592326630977,-0.35832497571664673,-0.3991722871490216,0.4102263759060214,0.06737657476486535,-0.5834391009269926,-0.3067538539037958,-0.3881461825577678,-0.4657532777426069,-0.268642786883876,-0.2779030563962757,-0.5237504762252723,-0.44110074691319706,-0.3369376575950042,-0.09093670098311236,-0.08787929108464647,0.10451152843671752,0.5617797572191444,0.5383267710577513,-0.2351313190788852,0.052853077453655674,-0.2323689299028937,0.046509633996845545,0.5243355176810474,0.22195501707253523,-0.014029094836414204,-0.10722754520419958,0.1281547067017814,0.10603660190757565,0.6365638995248806,-0.16629996799648697,0.14701753242354273,0.36094145383668635,-0.19069638718217605,-0.026336074158890832,-0.41441519897606693,1.2,0.21390114762618542,-0.2209897804034898,0.293421824208959,-0.11669754484513647,0.11507858080082667,-0.27235973370802047,0.5779235084424066,-0.4303363665207097,-0.736461569116559,-0.7651627858172236,-0.5188966547841687,0.4893413316690007,0.14511284338885982,-0.3001178229234169,-0.14085172615095018,-0.45880919268534753,0.7233733592491745,-0.07744827189807994,0.018581477623836155,-0.45914269550088205,-0.398517613684987,1.0621614149913994,0.9716133488595392,1.2003490795303016,0.8090416365738357,0.8005293090953762
real_0142,-0.22299079909171363,0.10813142389554782,0.01919860631556903,-0.8376202861945582,-0.603784365535351,0.27246595256461553,-0.5766196424755894,-0.28007802339556864,-0.472476598842199,-0.8155515004866957,0.13757696799158795,-0.03371804172041591,-0.028724682875613018,0.5348778388502962,-0.18140245898101473,-1.127183497847702,-0.276528363223714,-0.032734538221878995,0.048574602003711054,0.10383051262700882,-0.2247548037847424,0.1057207884169973,-0.09801480758587028,-0.4474291366668882,0.2040670906974629,1.0168459613533114,0.3800411214645494,1.1048960922181679,0.5316435643702357,0.7310480502061076,0.005033329093047831,1.1209510516399692,0.20941448769535576,0.30309421122521824,0.5973063707190281,0.7719139951358888,1.0542167243900917,1.1975813653801135,0.5630426064983801,0.21343338176165239,0.4645487615521407,0.5432383326274418,-0.13740409214552793,0.22783681497679614,0.554176136910662,-0.36872168126108634,-0.1777387156339089,-0.010536873120188535,0.03851171801638428,0.10498557662695317,0.20005293033645558,0.010872535722959932,-0.28068944392884204,-0.48606039106378257,-0.3352366793307298,0.2184251420237587,-0.6017635320499874,-0.0833439958183994,-0.41945198559278946,-0.3079145150941371,0.2552673238210207,0.023303533586124206,0.204168746195634,-0.37700742112496827,-0.11654910416771896,0.8515692819952204,1.049299300342372,1.2375450186523873,1.1947788256434801,1.1069490995617832
real_0143,-0.3222525816648518,0.007685309233357804,-0.29257598837996823,0.34243403379736675,0.5604448506324029,-0.30058733614477984,0.019293034414436323,-0.05613938722911577,0.7056132565284997,-0.18665300525258466,-0.0324561321444635,0.27038985498119883,0.42985142545839916,0.2810295437031937,-0.2941505917360685,0.357662585666298,-0.40066791271683544,0.06410447857053561,-0.026146919722877287,-0.25482430940437284,0.4871204668530243,1.2,-0.15038030565831612,-0.4561679155417892,-0.0671095178931243,0.0046172219765666,0.9848028051223926,1.0335359891341156,0.7907121365527753,-0.041864680719702264,-0.6337718352222381,-0.550623708965181,-0.1654038296614266,0.8931935927436533,1.2,1.2,-0.0915440128550317,0.4712865809627292,-0.08485646578849346,-0.09509215864962918,-0.1598498128690626,0.21957979279727363,0.5775468369967928,-0.5654812961509882,0.1469913505572204,-0.1767251459139725,-0.3125923931289391,-0.2216151772457231,-0.0994240081868633,-0.7269116873959733,-0.15035580300220702,-0.2048326139015213,-0.16611974556627243,-0.18672853193435227,-0.9121773012806729,0.23204213294139628,0.30280646327522065,-0.3605133342301884,-0.058921590314831664,-0.10984543119175415,0.025693606212040154,0.15367035938812343,-0.2503818726277561,-0.2652177913196953,-0.20702891383980632,0.6801930578903037,1.0542882780893266,0.7958753960973325,1.139713269074301,1.1097477573472236
real_0144,-1.0,-0.12376350112687,-0.1978917561738924,0.09715208623786899,0.21588416157622264,-1.0,0.16510124306088542,0.44205261570301835,-0.15495810979735658,0.29707070040107314,-0.17927093664225222,0.23707453669754877,0.16889912483538963,-0.2751777987725638,-0.34612583796833213,-0.2009151671551494,-0.039477773828090285,-0.16404486964623397,-0.3914511491082574,0.5287528293871261,-0.28251464290959216,0.3785149990143507,0.2800087874755495,-0.11262080758450838,-0.1318943497492574,0.30003828822506956,0.6099786379965733,-0.11312071024918544,-0.44218653155677945,-0.3155660229518452,-0.025408868171328054,0.7305491907045928,0.564964137715525,0.06510886096241005,0.2648510096998318,1.0224004952190924,-0.47091358645468384,0.01204987811329212,0.5980670137867177,0.389052993114175,0.4985509993145596,-0.08268312925376521,0.29021161671342177,-0.313291902852971,0.45805234622023505,0.4846379923728788,-0.19223687096901787,0.030479452517098417,0.2158956395208096,-0.3413106542514141,0.7864044047143449,0.1785069640186407,0.03797101928112099,-0.29788586040189663,0.3180353087662309,0.5746803743591247,0.6032480207050136,0.3097487013163993,0.09788693891326862,0.3716588843211979,0.48770009756742416,0.5357081553248754,0.13923261168197287,0.2743100610884603,-0.21075687087934056,1.0401567193515753,1.198099248329225,0.6280329186908742,1.0203851774745314,0.868321152013448
real_0145,-0.40436941840263607,-0.16863801735630451,0.10471424837284862,-0.3600359526131762,0.0006118061813216161,-0.23300453026301143,-0.5591461122526422,0.22102984058225605,-0.5186516559832901,-0.24231195232833114,-0.29369368999895157,-0.07703568697246493,-0.3188612409422466,0.1343905002039842,-0.3096975193330117,0.702837493796995,0.1719926318328528,0.11365800850517335,0.5385785237568095,0.19530363648670318,0.36572423863321407,0.34889148263315245,0.5382082927776678,0.24333687564403989,-0.05121915234693131,0.47631695067449015,0.42427016724637734,0.1385981280012316,0.12811930006877537,0.1258172905512637,0.5522687153800248,1.2,0.2777385667208678,-0.11400155662143548,-0.18212997745643267,-0.31523807972808254,-0.2707828357196146,-0.04798526169334376,-0.317990967634036,-0.5312760009632612,0.5096219645868629,0.6109555534168735,0.01940096883034438,0.3733034594283876,-0.04730112163907681,0.041443756303043346,-0.043477476949637744,-0.2194247492709374,0.3755575400144169,0.03939951074775251,-0.04277513167281861,-0.260328790431136,0.37305492907031274,-0.0012200330643917128,-0.1771010691550408,0.08736748722667036,0.311076957389764,-0.2967243211443035,-0.4481214546835948,-0.12035936407696274,0.3455873926399907,-0.15011378604855743,0.01900039231868929,0.23835811398082113,0.25759272296302715,0.8780588357034511,0.9485820773703431,1.0198069642014402,0.8475353083944696,0.7419007451112881
real_0146,-0.31892716372117935,0.0649451375305199,0.0569666259863726,0.06824742356379931,-0.1598895601679148,-0.11175540206055018,-0.31449941174463836,-0.38067402137621476,-0.3063828880431927,-0.29980204990929693,-0.4730329447779721,0.24501078695654285,-0.321596134456384,-0.3550748882483148,-0.30230288312721104,0.49361102901103904,0.4822171113891107,0.8798576695176429,0.4436751979248904,0.2769791392319511,0.16669802262068362,0.05175163198109608,0.7423911968035564,0.8442418755459626,0.9180686214682836,0.5712873133550465,0.42337004623795,0.270294194765306,0.11219971292139526,1.0756485634225244,1.2,1.2,-0.12984700556579054,0.7562361626721765,0.43261991649660575,0.30731160640254557,0.4210893296417225,1.08525109819227,1.1002689446663088,0.7891821186934787,0.6893415402179746,-0.040174933858211685,0.10985187479814891,0.9238820259841245,0.7222708942672201,1.1093747651282835,0.48516056314052575,-0.35743471553346556,-0.6970538001172576,-0.42526840996338444,-0.5835087144881496,-0.31389060541707314,-0.2598677276989759,-0.174466690011192,-0.012397660298750113,-0.4541059395473207,-0.7881556810692959,-0.08482310973024423,-0.24008812582926933,-0.46979731021529686,-0.7393388772955045,-0.21882087040933765,-0.6927067249949072,-0.5176402515918048,0.12983415575985416,0.9376964109730472,0.7784713274731403,1.186167645270106,0.828158796284886,1.5774611055225196
real_0147,-0.44658456374970185,-0.4522806424382732,-0.2657798269993481,-0.2579338044337947,-0.08343033169551152,0.002904553942835996,0.36873021041275555,0.19914762048792858,-0.24698261018604345,0.4557293709745277,-0.16020803652668147,0.4676194379804365,0.32690470101470537,0.012409372604867693,0.046522530585376386,0.03375859331933789,-0.1510577459830456,-0.11699466684874639,-0.003995635522436127,-0.8974453987834656,-0.014473581030221814,-0.5898216736119202,-0.3778472355330864,-0.1491648770502163,-0.5364195015524352,-0.21692343234572706,-0.6855015405009774,-0.5674566356833953,-0.024985557243943662,-0.7248872200205441,-0.1781400193493999,0.2825246626507065,0.5619227377262819,-0.29758252425471765,-0.1602394872631815,0.2424286969145507,-0.3424985792162023,-0.03400836879784592,-0.2491838158769897,0.02704376980978899,0.18070877357800869,-0.4355096152320129,-0.3146337339198112,-0.3842146894010853,-0.2031221473461599,0.3349213479792251,-0.10000344324343574,-0.3438267824338727,0.23205512056316135,0.3559959689035875,-0.5768704644536454,-0.7159362729819374,-0.36817644764562135,0.1588956640150439,-0.45068190828428106,-0.29287059258007014,-0.09887678832641573,0.13418187598905107,-0.23840399593590764,-0.4744272924363322,0.19935531911782184,0.23093658662506622,0.2092461113186682,0.05140718148993132,0.03419588888471437,0.9081854801410287,1.1600833624857974,1.359518904486863,0.8924674846193955,1.0817108675970057
real_0148,0.025843000211113024,-0.21660183217939516,0.2520411591755552,-0.041971312423325816,-0.08177506132040925,0.033800228627329815,-0.17620018117431385,-0.8058501719930092,0.431049092494635,-0.1974072400550185,-0.2008719394588677,-0.021449059270161972,0.22930398468969027,0.41962488305071227,0.044110455862287304,-0.3304790790107646,-0.42534919521310866,0.17682397723190216,-0.1535592404649574,0.14163468522036493,0.7718377387723289,-0.03115633615205894,-1.0113106482284562,0.10173719603180734,0.7100158083977935,0.5756246828571838,0.2595988779980653,-0.3037038419288281,-0.23093621297121697,-0.6124959392373989,0.1708350888125046,0.3983590558407491,0.7481425182462664,0.2976620666078189,0.36796125756266046,0.3284324832874289,-0.07656069110891164,0.027108764364435874,-0.686086462377271,-0.091471638422883,0.9831900284555143,0.7352844247179618,0.6192782183943994,-0.4731443297210529,-0.3060633444612941,0.08799655406638922,-0.18796127701814727,0.5464028479258123,-0.1291639753110965,-0.329367295670292,0.07993595306866977,0.18873850343566254,0.12951191502116996,0.14906449628615287,0.05992127984858723,0.006168312624680542,0.08575150031293809,-0.08538901294127867,0.07982553891451166,0.12958375397323268,-0.3869505831455921,0.1871340605052705,-0.035315028857342445,-0.02488162370553125,-0.003618648357070234,0.9788813670375422,0.9502767741854118,1.1032595144202901,1.108518892658392,0.8169286546494811
real_0149,-0.2345721933770204,-0.27300199856338186,0.2417379336029701,-0.3150478638678667,-0.19281073793678036,0.09941660353302392,0.08226005246742607,-0.06386952330836472,0.17634318158665196,-0.013360538940118743,-0.2589769283161882,0.14336746996571473,0.2899365966766038,-0.3422779343095278,0.3949584280960834,0.06834049553821442,0.579096605787783,-0.4851357467434817,0.2749848735630442,-0.3367921445069478,0.6865748050059147,0.3950024206044056,-0.14057122974218103,0.08116838186654193,0.10827139519717725,-0.048375206524575,0.04259944465348328,-0.1042177482812362,-0.16969442754696296,-0.959159613940038,-0.15869184999136254,0.10012174282659904,0.5912701078577026,0.5616690937238885,0.34386117652115267,0.029942632575285524,-0.22622800046041763,-0.1821862457153669,-0.11517667370583749,0.3771874381735031,0.23311141091027548,0.19982857741417556,0.31747245604849655,0.07925211537867527,0.035180456267215617,-0.008322239954089332,-0.627223262414274,-0.44648364124388523,0.0230097130636522,0.5077266735538033,0.49444386910661225,0.0066571736773764646,0.09081677274219392,-0.2602512350565694,0.251209092261664,0.2660048142258373,0.2197529908417592,-0.217431300029228,-0.05157401818426291,0.15841361644048815,-0.23515396633516705,0.16699321189653257,-0.4264272416197547,0.04056552096060901,-0.5043951638938264,1.1598970346181465,1.1671888666866066,0.925656660682861,0.8088749665197204,1.2289825755698995
real_0150,0.05549517048671607,-0.15286404152938557,-0.46815455266266987,-0.8163592500356361,-0.29024990338060014,0.42025498291159846,-0.20072240543554734,-0.46012361591893136,-0.787258826117234,-0.6436807486535077,0.14066932567971702,-0.20772785778855843,0.052532301231599327,-1.0,-0.03206284265558737,0.5464150800428238,0.8817481805225101,0.7636418825105817,0.6843963714101167,0.11704312765793035,-0.11961330043453583,-0.5367348201848535,0.30478434601843485,1.2,0.47619561910333175,1.1079035596885234,0.2948443632456514,-0.3205472079115911,-0.17863739151428984,0.01975717994228221,0.8624857042421423,0.23655807517317717,0.9440370353652556,0.5248649720873464,0.3922512781666209,0.1374838992831579,0.0013757096131531699,0.22178779358530026,0.645514031101715,0.27402019855462484,-0.250433339728811,-0.5497554605528197,0.28522495133312736,-0.5674945434439455,0.48813920323175697,0.2507224939197808,-0.0017432128850685125,-0.833538770875995,-1.1054218507103526,0.28489871103941117,-0.0020625834952463207,0.6582595383387039,0.5949869445381756,0.2618589970888853,0.2234999243842897,-0.4206264561785627,-0.27093069154685095,0.24895547360808506,0.03552429922742771,-0.11756901494519385,0.31917625254724613,-0.32837499908522944,-0.46106762364878345,0.5628605178341272,-0.10921289225818423,1.0235572851168018,1.0575065669773707,0.8213738756830274,1.087502449723974,0.9727137121096664
real_0151,0.5227427496322757,0.1693300971626298,-0.04442187654122455,0.213342348364761,-0.318113426817302,-0.40167290353093726,-0.07958549285302537,0.31790811779886097,0.02985109238497161,-0.15882582833924314,0.025195751847537626,-0.00759590945637233,0.8967788843430896,-0.018202629293167728,-0.04537976639398705,0.6713993364863144,0.04650110861527281,0.10886672184811869,0.7134517066524743,0.21632722648420943,-0.026358712428672996,0.6126596261826099,0.8891258521024913,0.7814084797905023,0.009563484082118958,-0.268243552768875,0.1936456942983902,-0.17051684448231375,0.08954289817269714,-0.2252094440716121,0.5146045406142092,-0.2997485858642698,-0.5607672812276638,-0.040733625709515976,-0.5454164070457731,0.056162959221669875,-0.1072134832369659,0.30648777728474147,0.21359147473595344,0.15049134284185298,-0.4893219488808248,-0.18580307593975823,-0.06519154264257902,0.5346656954279445,0.7053984975566979,0.13850169279975083,0.36243200002602977,-0.5665891538989494,0.1362161191938369,0.16998438501851196,0.13293665573950744,-0.08252155339860318,0.14696796151863042,0.2790864517216768,-0.037612255286807825,0.028736534479142463,-0.2571605727612457,-0.32081390984679503,0.14648402020921045,0.2240031261321241,-0.09053867214291185,0.29534855551771866,0.025477265300429822,0.07683274451147078,0.44113995458080113,0.9762047744441967,0.9803293704694983,1.0022902583341309,0.7516488942243215,0.9367796384205422
real_0152,0.12060241950651514,-0.13628632497376963,-0.17304073371571904,-0.23917331344974843,-0.26509227382862055,-0.12596132208898878,-0.4263177030849528,0.2349374105286392,-0.601093471872957,-0.07340548504890859,-0.5588919430879906,-0.4952170306594135,-0.5043734992933353,-0.7021976084952885,0.400219827577727,1.2,0.6199049270729758,0.7488052097913479,0.09917037301207249,0.1440783142368614,-0.1393137267357091,0.45585046811314933,0.4877317791051091,0.7804401298678036,0.2171541168157855,0.2227586487402215,-0.5288147492405207,0.42966729813172827,-0.1358635782926553,0.11790920763120383,0.47448216241903296,0.1836042453569914,-0.39530897034436985,-0.5064402891870198,0.13377419482409653,0.5616288283539854,-0.2992757703342067,0.8420583731556868,0.4700552236480451,0.03985643821649563,-0.16195689637372118,0.3642706129041743,-0.05151803760893086,-0.17890930782374553,-0.2808228007272513,0.19159267092009974,0.7581670890291556,0.21168328084998048,-0.0936590057219094,0.5470405159431045,0.1000997906072042,-0.21381106110037243,-0.21663097245557222,-0.31372085964936647,-0.060186807494648525,-0.010458880405646742,-0.05669830334888629,-0.5544411449641827,0.056441457183558044,-0.45686905240308184,0.4564169880118986,-0.31729177080187027,-0.5558046852735913,-0.34199579936628055,-0.4612290482599866,0.8446519370761283,1.0523163841069443,0.9401470592229487,0.9591862831122302,1.1405682179786234
real_0153,0.41575873341043784,0.6689061316274895,0.550732120234232,0.4937679130468647,-0.028486702844559682,0.03440426298524316,0.24348156299368565,0.8241532126686136,0.29055727336348985,-0.20715807462403657,-0.34272258586991394,0.38358367887324246,0.5784421552614699,0.4570866772254203,0.28987325328710956,-0.2674124137115798,0.27660983613836365,0.43578197618985537,-0.11607215592490587,0.27447592062577164,1.0291053962525107,0.37268639844238316,0.3196629455582511,0.660883075430592,0.20118239731414336,-0.07806909508965061,0.21438199234598843,0.8685740585785888,0.8302932836343065,0.02334767660876957,0.4271869743297412,0.2650998662167939,-0.19556284056822001,0.3062438540810785,1.2,0.6316677902830513,0.34220893364896404,-0.190976110485809,0.28129634358918826,-0.008152127698922235,0.3734696508806041,0.15863716533502972,0.40287764975366963,0.23788876176090412,0.03228649330259707,0.30414772240674126,0.3469593880698868,0.3348501861516708,0.7095934545169666,0.4435986798938396,-0.6235203722107624,-0.5904450509313012,-0.11047950469490829,0.12857228409573676,0.17346268799856218,-0.23525413390810404,-0.5051720833444466,-0.6226630970155391,0.5617811510905165,0.6646546905940655,0.2909721873810182,0.10016842921815657,-0.027207364655733625,-0.20144994628709526,0.2669836981136458,0.7487975582943465,1.292651884018945,0.7969864188542368,1.0219295509148016,0.6770294329420775
real_0154,0.03806649757645485,-0.3781737922187396,0.046704271701595405,-0.04917114433609732,0.6948773695262861,-0.3493104840582563,-0.28900400576549296,0.2501866260851219,-0.2048695996284228,0.3044153671524868,0.15993938741804745,0.3093164629896773,-0.10956950745445539,0.23343880882013163,-0.022372988079841307,-0.37324579114710016,0.3744173719655474,0.7724813085356146,-0.3756688622283006,-0.5277119346409676,-0.7556097353606458,-0.5128893067634611,-0.7902596698022453,0.29992183516624377,0.051540991794715475,-0.21871180641732493,-0.5529493722524649,-0.8581583744721012,-0.473621264301614,-0.06176436520333949,0.5528894487988213,0.24912990240728528,0.35673750320560565,-0.23753914906928283,0.034940290011363756,-0.43620463040353435,-0.3884080136051776,-0.46127404581669673,-0.460412247581374,0.22478951444713913,0.2097250054528656,-0.4176830309319112,-0.2327150519043852,-0.5675098194895775,0.24713086739116794,-0.21941568495030056,-0.3698247716526749,0.21687759115743457,0.3300646791341439,0.33061572447137244,-0.30905282345595847,-0.09134556344350236,-0.43479495394641016,0.206936872114458,0.20204990072115653,-0.3219494839478759,-0.1556749545249185,-0.2829259569828817,0.5441518583787076,0.2573602474966314,0.10864309619922866,0.03245716794962488,-0.20263860777750556,0.7296712750251979,0.3275140094149577,0.9270538136390004,1.311547079358063,1.4097511301726573,1.4890260290117834,1.088156800979293
real_0155,0.5116756361853867,-0.13024510482564622,0.21089115465451858,-0.4134116910016167,0.29891251358283466,0.3417386263567737,-0.461481989581264,0.18562039453417806,0.09484860561594678,-0.014791436818405897,0.3006427796592332,-0.21174348181811917,-0.16789788298066313,0.2893267666715122,-0.2617047192753822,-0.5613706621879321,0.11373882937386641,-0.5472209637032852,0.3655778104115428,-0.33217836566885667,0.18921005376556566,-0.2692164531552379,-0.19587276225569644,-0.4719958631554755,-0.5892937090567177,-0.10240813576366879,-0.28276019385249596,0.177011261650053,0.3079772711016933,-0.7304361476681731,-0.5138563967893294,-0.06902393685880907,0.8097842726849611,0.724232659248501,-0.24656146632258813,0.7340689725593522,-0.5783325138218072,-0.22964905849352552,0.0030776883626038786,0.20848563148320123,0.05243108937695242,-0.015207892043790765,0.00870587220050708,0.16049396781734204,-0.09404912218698036,0.05339227149680386,-0.03499650723961689,0.14246164067584882,0.1069130208677776,0.2671652129868212,-0.3174704078619575,-0.3160982232837675,0.1339340023525559,-0.07426903562343358,-0.18101993697698318,-0.14740380333566516,-0.27622619653067015,-0.049793455993881006,0.0730596832159097,0.3134357477555649,0.2245031483605286,0.12597583321296835,0.13905864324813683,-0.2708674170232854,-0.1590684605734892,0.9919326173772519,1.0104071702699169,1.3570336804144263,0.7245368688959265,1.4782387019329382
real_0156,0.5103743013614971,0.6392097447000394,0.12299060738152533,0.16903080249310684,-0.24836742823022884,0.4841484566157269,0.3325324968481708,-0.04726758985735105,-0.42646511491788097,-0.28312584247396194,-0.09738766821994681,0.07154545458752637,-0.6861245629831956,-0.2616616023081302,-0.7192083686351537,-1.0572097416275994,-0.8424101528493221,-0.2209837895078936,0.9743398390283879,0.10100786557848573,0.7048835464950528,-0.686117419443919,-0.12389009314010047,-0.04422170043038291,-0.01602784159080232,0.2798483083497359,0.004307042002114542,0.03230793583217402,0.3089641321764392,-0.19434482295620373,-0.037572982982782395,-0.5791322239986716,0.21253045427965753,-0.17941215961280285,-0.3501941042651765,0.3493356689688913,-0.5940545246253981,0.23447217254227887,-0.24142842854303945,-0.08524135932910662,-0.16665561982684707,-0.11136794797465539,0.15525747829190667,0.033588474115150604,-0.16276987608013443,-0.650886931498118,-0.5153110451815451,-0.22334550173350404,0.14960307101603407,-0.09031367247504057,-0.059113765530550505,0.5631706526210822,0.2493060636969639,-0.3934306185205789,-0.043788254059829335,0.16380066576368082,0.4793862827533735,-0.03467038770171441,-0.44999484472646845,0.08568251293526938,0.06378681234325026,-0.08243229499909427,-0.03237342955225427,0.021688801825888778,0.2194329135843105,1.2651894870369824,1.0240285889975613,1.2272097367110857,1.2944029132980268,1.1165444155493276
real_0157,-0.4195923019587486,-0.4914590208422218,-0.14356755783505767,-0.3610039768538272,-0.3919475575400078,0.19825022538902842,-0.30845730348376466,-0.22513965023283475,-0.06526583958753357,-0.5216717686358915,0.3989183926612488,0.0027233551145763365,-0.15739662614118027,-0.6520179727016223,0.008417198353181287,0.05267976148647502,1.2,0.5779248150445153,0.8432147245959373,0.02227303300558875,-0.8980976098781862,-0.10230971452643173,-0.2561471404959677,0.5587292011803534,0.7969613922103481,1.1144681097108193,-0.2548885307203093,-0.5973483538430145,-0.19370072701357943,-0.29406070492892855,-0.1502211232451418,0.7768673611881883,0.45450291975299467,-0.46216896716163747,-0.3927837703213679,0.13718578795575076,0.3374685104707601,-0.20917290269814387,0.435362826471373,0.7604375378863227,0.10792179013873127,0.30198900174182647,0.1663260851644737,0.2605424650131569,-0.03065023055142069,0.5613836953180167,0.34217978250736586,0.07635367296268758,0.3301017920911354,0.29549802441631745,0.16808395225355743,0.13044482885350414,0.05456056497908874,0.2780856884609154,-0.06563776523758189,0.4858852844895529,0.42165172651027494,0.5167726780275149,0.5656391889771553,0.7374696274417627,0.6599600927315662,-0.06376765783553068,-0.3430288880084911,-0.26567671559519646,0.6432274318137683,1.019541178220933,1.161436023619958,0.8158299204381745,1.029968482797456,0.9059469740541339
real_0158,0.3188207461398106,-0.3091573081803863,0.2594250710259885,0.7260457089391127,0.3877638996947882,0.03797224019700815,-0.2640439618806967,0.07278337607979236,0.4406149076206881,0.721916756492726,0.14800935927096812,0.03159709304863723,0.15574498925079688,-0.4668227948135146,0.31827064828725704,0.47745856477210524,0.1805241755061453,-0.8023626991894279,-0.395456890907334,-0.4366568376932779,-0.361016135693593,-0.05403946965833381,-0.02422554803394433,-0.5492625051522341,-0.14639297274238758,0.04086500668964071,-0.31861056642287694,-0.1530499276065081,0.33049033045615483,0.28043719602286865,-0.0984401763263707,-0.35353706257987577,-0.6143811935457254,-0.19389123677842313,-0.17066761417135834,0.5669992360312327,0.27898307766434904,-0.2811097869870619,-0.5049410967811727,-0.2611563389178094,-0.4318574686434873,-0.45577325204067765,0.5077193163817185,0.03724144285060627,-0.019551102683187726,-0.1045924985792252,-0.27112269239262554,-0.2600737044326727,-0.1098090090218896,-0.08659117008529187,0.04517765887897909,0.23057540553949135,0.732982418903052,0.5806469082215246,0.15788475085138445,-0.23137729359232717,0.0752944133797509,0.2611850884572028,0.6045535022477466,0.6110584376013388,0.021722228314323588,0.8852771449961019,0.11344218650852136,0.39869503403974327,0.47914123719218266,1.1474109266534587,0.8731508450848979,1.1710038648594558,1.0822343836031927,0.8732236798929395
real_0159,-0.4054507369618949,-0.07150402838067071,0.25994279621116906,0.12860522247372633,-0.08188245815985208,-0.09298968738728017,-0.23654160118639903,0.23613090703415765,0.23088681562910468,-0.07745082572085166,0.1056650438677164,0.4825128382779923,-0.10578966107536698,-0.30545831272008317,-0.7704022812553996,0.31529465029508746,0.19725320398889123,-0.22653392041677262,-0.1750300727316483,0.4028814913179689,-0.45599379171615145,0.2565261528183707,0.9462557135612298,0.17339459080974184,0.4897097176703493,0.10252753938831453,0.015285003829593802,0.2584580426745785,0.4875502474518074,-0.2745442662767161,-0.263383153394809,-0.21104235973422134,-0.50926592481918,-0.4864871497880722,0.3370750777256724,0.47438725026513295,-0.59580479051375,-0.7028486115783305,-0.16859343384437084,-0.1965559514652859,-0.4801743967597356,0.08943168430320002,0.396960654522635,-0.8257508794799121,-0.5931959679101283,0.1094569515866529,0.36885422044456223,-0.34427066995178385,-0.5416744064764976,-0.3204260178190723,-0.29777890908553445,-0.15987197259599006,0.12428900001896996,-0.06238836908559479,-0.14526566071854524,0.07615223584585838,-0.12110592404235719,-0.046284378761998396,0.4120865776468725,-0.18578970179755722,-0.6169200496639313,-0.302519919402754,0.3166899738764969,0.4913892460162613,0.1267531595193688,0.9251056602191272,1.0499605558927383,1.1279252818995804,1.023669582677641,0.8974150066637226
real_0160,0.2974285452131526,-0.49337416734899536,-0.13168273982597697,-0.9579073827603508,-0.6165125283901891,-0.3134780551784377,-0.1533832459604044,-0.6328664536340032,-0.6288075864280898,0.17598437869880879,-0.3119053886407601,-0.20895173022655114,-0.0819899010605065,-0.013191019720529235,0.03583829452346741,-0.26021909953914546,-0.47996866357911955,-0.36927254498120154,-0.602217884933914,0.33476899316176717,0.5476017033150694,0.3206542066903347,-1.003479949019518,0.23153971451144842,0.2809766243131469,-0.013585706271150091,0.10411160858847845,-0.7295110702256613,0.052143039241035874,0.8362107947842911,0.30783007586038735,-0.15819308203829244,-0.46624807717576505,-0.34913141935741543,-0.7522851134875502,0.583814678535515,0.05809162923039518,-0.062148168140694446,0.27110971604423517,0.19494814349462208,0.03631031795410187,-0.7102489573621221,-0.32394493207487435,-0.359653101908913,-0.19320807596106668,-0.4296692793766159,-0.22819103087816173,-0.4549359153475881,0.3203503324683018,0.1451701520316604,-0.07321473944180883,-0.12271144941340541,0.20976391920308438,0.25462305868529217,0.008297837798314285,-0.3954689010215475,-0.28306073420986216,-0.25863499946550395,0.030123743549449414,-0.3791969921653224,0.056466721370229914,-0.028393008609444544,-0.2978892342282843,0.9200302982401253,0.3244754884574694,0.8222584350374463,0.9961205728069216,1.0885091248408105,1.0889453636390467,0.9365093304880547
real_0161,0.07333091411719736,-0.38937186705085436,-0.642059777663401,-1.0,-0.07851904115843523,-0.22925713179663382,-0.7086243462157976,-0.241138404605025,-1.0,-0.32976099550335414,-0.30902701578761926,-0.3643825881066914,-0.13041389399690018,-0.7221902316114798,-0.6417475033113851,0.09005759782627036,-0.39395534525630366,-0.07134427777208609,-0.667310649555157,0.09184788056278004,-0.5490767161043745,-0.1349172349578294,-0.6580325040176123,-0.02632342169052337,0.3211684597249804,0.552444455495893,-0.07792528577570149,-0.34356467730146184,-0.4529964246744041,-0.260153832903236,-0.3237270813004621,0.20886665499269194,-0.008688894559143632,-0.1252513552738133,-0.021872925375329116,-0.2211822887789679,-0.10958612831748017,0.06365982698670294,0.5016070398219555,-0.3397329707270428,-0.3491271878356321,-0.14359587404038152,0.15252153576270752,0.13567582140605017,0.11353347314687824,0.22033127419026444,0.05606918753507801,0.6736585452991264,0.46668823139316584,0.9579520444270411,0.551433521759618,-0.610073217021562,-0.21047777199239973,-0.3224921051603215,-0.554685865541555,0.26228862273567705,-0.08749073863142359,-0.5272620644910571,-0.33530138727478187,-0.26064289179332034,-0.3615852847160006,-0.2640201182824454,0.9639372978492581,0.1885527361928841,-0.11200942715108862,0.8552324856651442,1.0470862317186331,1.2499330534087554,0.9692629791275964,0.905548366810432
real_0162,-0.06573368119999706,0.3944768577920166,-0.05017439507555512,0.1320368669969075,-0.337279383549171,0.22822553020710024,0.1893031399223413,0.3169106394562944,-0.21283837247506632,-0.4523171376634974,0.05099308283074726,0.2184136374991893,0.5983904499563136,-0.20659077305458318,0.02565376662670677,-0.22438634280382552,0.03336936466374218,0.051821320451238065,-0.9714963259018391,-1.2,-0.9164599714073766,-0.3578758797262314,-0.5434607845036385,-0.39705121724213244,-0.7428439363761796,-0.7054915291744904,-0.44379700372475417,-0.12327713708732352,0.11210379421232482,-0.42529924442573563,-0.2191101491217267,-0.00427058985269859,-0.07909781422043011,-0.2652580130956237,0.7552672495758118,0.5964097200292782,0.4553922888552836,0.3476966585778506,0.08188236203640942,0.13199815913089577,0.49867408364633115,-0.06180964907546996,0.22871131878156525,0.12867978659027673,-0.0036143091986388493,0.074783447249794,-0.02583165523608639,-0.18450105769026734,-0.89313951818083,0.017498175001895242,0.04713065272059002,-0.11902096587236817,-0.0127940127118628,0.17840349329098548,-0.015778118521967355,-0.13618631121416375,-0.11452636379005667,-0.1478479769720449,-0.07174436535127086,0.29275288556287843,0.32380291988652643,-0.06615990640264288,0.5507212723686206,0.05588479087366085,0.04440790417245726,0.891216090319637,0.8749946791075891,1.1270742285722555,1.2908100362914916,1.2290778602686416
real_0163,0.24417612255465837,-0.13816844191041827,-0.05939194323840206,0.0035144282568227163,0.33526816374302054,0.4254386595996154,-0.0011489000460011998,0.47868231621089075,0.06141759417698713,0.05391121818827657,0.6266519006439366,0.18329306051375213,-0.10698439800071752,0.33763917742359467,0.21274351702631017,0.1907365524640427,0.7307565541847931,1.039325273811828,-0.1642790427352073,0.4119883211273797,0.07206461334196677,0.030538236092814884,0.7845673500538087,0.48025327243628135,-0.045845454615225455,-0.02429758750832604,0.4421341121233994,0.17824753811286828,0.3695333318028234,0.6898896095774616,-0.1486616870767382,0.00469779441380352,-0.4462207263013365,-0.035404907423229395,-0.11299338289302376,-0.17740075514800316,0.4008344069211829,-0.10205179267522463,0.1642689965033388,-0.15826922107860628,-0.17343513490460716,-0.06201582904023912,0.4589359449021436,-0.3158731614734056,0.17961811085111468,-0.05438165833679058,-0.8336444746584093,-0.8637624627949317,-0.4569369215018541,-0.18310376144444446,0.09210532580169069,0.6481643729602404,-0.08543631742959648,-0.008704939841929379,0.4307610173412639,0.4691289416174603,0.3326372583313004,0.2968109883223716,-0.031304387481260326,0.2873367369475922,0.3880749745747038,0.2222292437789459,0.014134118064697896,-0.048813667326354705,0.0330396221991244,1.3192704598652747,0.7615648760036546,1.1480028472608672,0.9087057711550555,0.5666977241977542
real_0164,0.27232447094361295,0.23806070366762988,0.2904710835306444,-0.3435835348372377,-0.16598326562720422,-0.04212904173313533,0.23240705297927564,0.2467769137781426,0.019774865089091664,0.6712113482197956,-0.12826516824096015,0.4280828539220383,-0.16912070400531945,0.005627705247504826,0.3081752158651148,0.3330398779158037,0.8583669234806152,-0.356677037047263,0.2578807294942469,0.38566058642014595,0.35072111993989746,-0.16659575436937996,0.10615896980118678,-0.11968132295842919,-0.3349138991927473,0.20576609403251073,0.6507019529605685,0.6474742296337289,0.018189594437557816,0.4079974464259573,0.2127183543440199,0.09245327938306534,0.04989071770595577,0.7491260120099195,1.0096602021829513,0.0032610703858722326,-0.04348614816102267,0.34707288476494164,-0.6708591714885929,0.3282112873376728,0.36850923918299217,-0.2333745484997076,-0.013071297763240827,0.7573639392895215,0.1783853496992568,0.3287355683623359,0.8883880504274726,0.8210303766367713,1.2,0.8144821498132919,-0.17910691894694886,0.04168387676348838,-0.2602758924005495,-0.5559388050776143,-0.28357411390355314,-0.1460628664496283,0.7998546025473962,-0.20967717086454254,-0.30516195336765495,-0.23080318653766102,0.29652759235866377,0.7395230441721454,0.008312971773905315,0.1701167403437114,0.20518590644478035,0.8767919981163421,0.6890524846013062,1.1273812566744421,1.2264469144358496,1.2155000126030335
real_0165,-0.2105112161463955,0.12481419355316192,-0.5628887978565144,0.08960586602411245,-0.2854244794901925,0.30289619245202787,0.25053390585307456,-0.98757400016052,0.257774376107884,0.26147809097218655,0.2567807118532664,0.18501337306596052,-0.20543348030747843,0.49479451459885393,0.29781889625727187,0.17229698559090492,0.7583548120376874,-0.02528152087220674,-0.08318040384411167,-0.2892150933891356,-0.7722209465647147,-0.07581862715884555,-0.26129230747820215,0.46416424545204876,0.14271853592042733,-0.2625582164951035,-0.9339659176142376,-0.7438507770141272,0.14006871140113444,-0.621269341793246,-0.12468619943251609,-0.47233388962978035,-0.64004338290681,-1.1244501153719078,-0.6357356726932855,-0.38906513493312034,0.039229744036379265,-0.3475617951289131,-0.2531495058915858,-0.3544143141373425,-0.5624868346332764,-0.3740678866924026,0.0682400751263638,-0.47628082425125096,-0.23027920106029817,-0.5356903007089505,0.029997185787186343,0.2535258807275174,0.1767146499276851,0.07855835760955249,-0.000973201144727008,0.03191580587054697,0.00971787569220394,-0.10485847259712773,-0.532894639617763,0.12832435328283054,-0.20222233866340034,-0.6205323965525005,-0.2012382498407993,-0.9349857157759918,-0.16559774149774778,0.04242232403348066,-0.39683022917734423,-0.38117646832812174,-0.23291782588772625,1.1257733805604517,0.8323923830515588,1.0681582816004211,0.8711265759573954,0.9050783687143598
real_0166,0.18256522496839092,0.044388621780644566,-0.05715380012512037,0.24045003448568994,-0.23185165183876424,-0.006457426287944452,0.25044194096312017,0.4599105761214998,0.5393886934309989,-0.07051276837444143,0.12974344563919443,0.11155282937769523,0.0633234457838973,-0.06459532992193841,-0.10371194336615376,-0.21371792804874723,0.04998024236406269,0.37545577490057747,0.03743909780216177,0.128387913922629,0.6941500167625242,0.31245979960641607,0.442308752495494,0.7053087985810992,0.003160290271309279,0.18046150428440694,0.1931422749518046,0.8497028984107444,0.1841465173817178,0.20744072989547296,0.33264591329063703,-0.09633418915318738,-0.37078697465141,0.1266114655253068,0.18765910632350774,-0.4816768936861154,-0.23106716695103957,0.3433141746815336,0.4878922796941431,0.15409672980582148,0.5192396006647578,-0.4574464272148279,-0.4286820188823693,0.5367640436896359,0.8195247287024772,0.4682831173848806,0.6963656833639144,0.48047858737513366,0.009532388529670461,-0.08665142390937071,0.047518217015930446,-0.2938124650092773,-0.2240081336140337,0.03086069949564339,0.28067801073314985,0.17249280870862865,0.05301877282809727,-0.263762769173502,-0.02604111406026046,-0.4580459606110866,0.06271343239291072,0.19122361735975937,-0.14825738395830843,-0.14598726043217525,0.14075487635760722,0.864560923286946,0.9311987072591,0.6432777740571634,0.9879496307197426,1.094236946423843
real_0167,0.9622675167647112,-0.18343186370175024,-0.10333482977130573,-0.3157516815019153,0.13075285476813114,-0.23849334905413222,-0.8008153853736975,-0.031637468214932206,0.12942616091226372,0.44273593571782793,-0.10114097282914124,0.07282138337294321,0.20968737189381945,0.5188472595435812,0.41074725835159476,0.47288729497836346,0.32625855386472224,-0.695554257010897,-0.7323804532082703,0.14955040400498906,0.2609093493264794,-0.11539625937680317,-0.38837038911388205,0.0021306994303685023,-1.1727748436577792,-0.802945536121583,-0.9006612407946017,-0.2895403187276403,0.11153206075521259,0.14586542146045917,-0.7528874507633513,-1.2,-1.2,-0.509743246767372,-0.11097182423563096,-0.32957507372657213,0.4395593314791547,-0.508134772283009,-1.1198383426509722,-0.9746947457715642,-0.2340185596651673,-0.0376838211182181,0.5484321341195789,0.2946049715177715,-0.2216594762832106,-0.1320001545272761,-0.8433744043404418,-0.8336788304592782,-0.5355029584363566,-0.15539399153280442,-0.6528421973888974,-0.16686727728843373,0.09141808154428213,0.12172330481580206,0.06687646527348352,-0.03387412764106609,-0.3817896215869257,0.07598658405817174,-0.040435507354597194,0.03877657987049806,-0.49639836059614645,0.325063160165243,-0.027423320825915413,-0.14042607972995935,0.30660058512677973,1.1397359519311365,0.9560212620026858,1.0167242154821114,0.7856074895419561,0.7182530224497841
real_0168,0.21236478082477694,0.1123950152789477,-0.46742556809107005,0.44788072890025976,0.27876615501759716,0.7007980140581866,-0.22279003841104703,-0.2494696011758784,0.3647068505897355,-0.5978181722537622,1.0,0.32361650460851304,0.005304370150340851,0.38141095041557077,-0.05356046211079285,-0.2949963858928874,0.11265976974012984,-0.054461324455159256,-0.3256464655444469,-0.3587754959131921,-0.024004176722264417,0.5722138532907658,-0.11502718197804519,0.1356710521698326,-0.25666275981182124,-0.48955847882274073,-0.2069559396324589,0.44620069827806225,-0.25842364650759075,-0.19455884654364422,-0.42688124646354175,0.13695165651335434,0.2307179571373006,-0.14647147109443176,-0.17521362625970685,0.9176868356588653,0.10072922284587876,-0.38315229136722256,0.12152960278323778,0.44837553005745273,0.5865145973048067,0.09576482888603018,0.6590121638881754,-0.05281720487446913,-0.25783946974354294,0.29226193299093195,0.8629534849797769,0.47809651218399357,0.7718920769767036,0.19872659158788028,-0.16580957814296213,-0.027639722933446898,0.3300434495489997,0.07254414798355133,0.06806528440428719,-0.15512190025646327,0.008246478846348933,0.11820143059312307,0.3001548234870183,0.41439217393551103,-0.0813154064921133,0.23703746561549197,0.07864440436979957,-0.12909020124280812,-0.5298683536183195,1.0577426449158795,1.2905846743644276,0.8887616082301749,1.091004744069504,1.332157766712359
real_0169,0.015290296547836618,0.08315101038043274,0.10810767550187465,0.05096902817036023,0.08241127518492532,0.4736232782171322,0.45218292805076354,-0.2112144863668133,0.3249562250090314,0.044248814529914,-0.13786653912325209,-0.26156442037414135,-0.07725138686184511,0.2502528159428407,0.30416239453153765,0.08421534894116908,-0.31440211959701386,-0.06097911041893199,-0.7514800687659675,0.38254135975846915,1.0965347810268304,0.45695543752761153,0.3392222444680436,0.12249941836336684,-0.5059476111517944,0.15891178034600237,0.47122482410192057,1.2,1.1519960508350158,0.19741944987954602,0.06596942331873806,-0.30159591601748825,-0.314161609742821,-0.07349589106041546,0.0795883428593549,0.5599812634147884,-0.6212137006596354,-0.4859014002817847,0.09187084489174384,-0.6492343359108976,-0.10643123595675262,0.41728102620533525,0.6340575132090401,-0.2941426540472355,0.35982229149651335,0.0792019929631716,-0.21483441896964608,-0.7328895357876029,-0.3880070188738305,0.4385822850570718,-0.27562630897863954,-0.10412263315585259,-0.030418237311021504,-0.37379521177998565,-0.5995296282688032,-0.1412984692227536,0.17301749250812906,0.10006064476181539,0.280271179929457,-0.5120707674744832,-0.033695226759173,0.11923962037844175,0.05970301022249005,0.3293131292569245,0.0556650768250284,0.9765043153512865,1.1658990054860947,0.7440318084719959,1.2890251913853068,1.3114087400429684
real_0170,0.29917682790829997,0.5967266397285317,0.19375311038347384,-0.254392745523868,-0.7013800798415211,0.175009143337132,-0.21708687876688726,-0.016692230559571863,-0.32273236023661805,-0.5639241363539655,0.8254943816710664,-0.46413842088484397,-0.6240343620772734,-0.5299271121669995,-0.10167137142570999,-0.13545433042305033,-0.35931081505877666,0.44551579646646794,0.6533313652880789,0.2205365325121435,-0.1404344148280041,-0.08301289517926652,-0.39253398497812747,-0.4955321759963924,-0.18645421034362747,-0.1033905667941652,-0.0951412474485613,0.008384202805797396,-0.11334184079671543,0.17413145049933026,0.5186378330106121,-0.2382687544701995,-0.5633466631097704,0.29661985753612763,0.14103921018426605,0.0791189393433183,-0.2300190093813384,-0.3871669453983215,-0.36299671924333027,0.35622322215961744,0.10722604146826739,-0.329007110821716,-0.16968530736189283,-0.6194402541225821,0.17016540028138794,0.3587312078894377,0.1905097576536011,0.38184115815987185,0.18044872386103206,-0.18852789126265124,0.26497239111974297,0.1251066420449891,-0.04609428959978997,-0.04603663690740795,-0.4810522358313764,0.41744893016394363,0.4428494647382186,0.06593523954092853,-0.4664905874520369,-0.7076172564847901,0.08973116669088034,0.18481321670216305,0.09157237882187286,-0.2755224945629654,-0.25041447710770637,0.9938856210796849,0.8556863325487559,1.3363633238601649,0.9845287640358292,1.2398976314375183
real_0171,-0.2245680888067407,-0.11774175948738982,-0.22913208300201487,0.0553609037385077,0.030836739500733856,-0.694603726508244,-0.09189102750624135,-0.18883711557366661,0.25052657099475983,-0.5306005044193511,0.3135352512380213,0.12474916133343243,0.051685705054605575,0.2712764716447835,-0.014358549515579456,-0.42834010003480866,-0.32811604949658213,0.11675425167354249,-0.16660956970211213,0.6609020194633519,0.12196323191390857,0.4073496865078011,-0.14294744818330601,0.12417953172949017,0.7382319773347777,0.6259180730923228,0.34031875332086226,0.3065741294499979,-0.08689267809273724,0.48446330075983035,0.7697538521777578,0.5200223255194425,0.1190813909741025,-0.006800528756453401,-0.006551761854900812,-1.0128877985834464,0.29625334389471303,0.2516705365805533,0.46200658076365747,-0.4075102189938268,-0.2447522332378483,-0.2780338423629502,0.31134802326150934,-0.04795461127612585,0.0847180007466003,0.11536488394433866,-0.43791871678892924,0.30379813167811703,0.5733210137163453,0.31620010030456935,-0.2899193160424678,-0.11343769226432894,-0.1321788763997476,-0.07984146595379892,-0.13991899154158494,-0.2443064104116729,-0.06832807482145511,-0.1102719384711647,-0.23402413408792247,0.1564923139905219,-0.2668663588256684,-0.17627935058881375,-0.0435955067829944,-0.44118139512650245,-0.39244784669473626,0.9017818456855915,1.0521562678676435,1.3457990681771408,0.9606228602592181,0.6213113060516151
real_0172,0.28535623747456895,-0.010310125245746706,0.3054594179900353,-0.3981818045649599,-0.42173250624786446,0.08700962078723581,0.5348493025905425,0.602807776041661,0.0011564623564224482,-0.2645618235806422,0.19423926512227016,0.4368506380054553,0.38623467580808785,-0.19088091130433615,0.12504650872040227,0.1754235868356264,0.05800228187528998,0.15338996884231526,-0.08251677623998,0.08814935288768443,-0.6552954418707675,-0.3111008124889651,-0.774271365715303,-0.12945924098487505,0.014703654257182066,0.20925691131205054,-0.16994263213985014,-0.2699717176060356,0.01238250940868882,0.18213776035556783,0.4597117373368799,-0.6821270525533293,0.10483010750261734,0.3840340329445365,0.12192415152536516,-0.787145662681526,-0.06154140226822721,-0.10917911361947946,0.17744944572509172,0.20069947665475574,0.41633469554099717,-0.24378310117302243,-0.17698476325197157,0.2078472374326753,0.4124256243444104,0.4105189866006849,0.9261372345297658,0.39529944534449196,0.27220729143916805,0.3259267361753602,0.42403471972225104,0.07584473690060584,-0.30333454904002316,-0.09535297040621142,-0.34625544953325815,-0.730832937568422,-0.20381321001255617,0.013634399671349077,0.26417982528392525,-0.09104370144591317,-0.2632001478192469,-0.2592111583495745,-0.23916445788816643,0.11428439130510348,0.5519801105484297,1.066910830222312,0.9389382645474512,1.2718441200591224,0.7770766073864146,1.2072802677665133
real_0173,0.37553969489101496,-0.2762527844876593,-0.28742530351216006,0.013236169373765037,0.26526925022912984,-0.2420755109838886,-0.40757579331423816,-0.30013733483753113,0.30693133014537244,0.38048801283356487,0.3120336593540264,0.015717669321891344,0.1743643126818838,0.5634878183140957,0.3733121860944679,0.4210685412557494,-0.14718257465707413,0.0037837092008376465,0.8110577549675546,-0.6697746877872207,0.13873288210638224,0.37366621841675707,0.9571468787398991,-0.18336028879713648,-0.3402813408502879,-0.5622229150982991,0.7540936978787469,-0.1675370405810144,0.3920572465517808,0.5190789623294565,-0.252377921225835,-0.7126487736738619,-0.19201300031741178,0.16080124901221002,0.831739494870741,-0.532182554131356,0.4230658054810513,-0.4109362433330154,-0.6559706261202305,-0.5305701184655673,0.13425730548827358,0.11236575583075831,-0.43178473750616,0.23620904888582903,-0.014489787619902855,0.2669394478529178,0.03816940717338508,-0.12642063331214218,-0.4850641322406113,-0.47982692525004106,-0.07441084583943433,-0.23501891454576262,0.01935216420606975,-0.03543407669539901,-0.11933329774889186,-0.050230108660251176,-0.4741471597883276,-0.11142778863015661,-0.8252983083259048,-0.4162606902190922,0.3751340212749691,-0.29354008351304556,0.13777471924607995,-0.27300509158154923,-0.4663740215315949,0.931752477948883,0.9573454242939857,1.051042683371175,0.9541414692895384,1.1012137719089272
real_0174,0.16013998960150255,-0.20746476336889647,0.27699217834367956,0.7977860274954155,0.23934364778759137,0.06425464743600949,-0.1220290228836355,0.19246113979705362,0.3283103996843777,-0.29439635366970984,-0.128559101099114,-0.7098878588213412,-1.0,0.2618681282873389,0.6965016817362486,-0.1326124585141253,0.5786704130831082,0.055017864711439414,0.11042524721222872,0.27108963615934745,-0.15894245780706612,-0.6735492321420888,0.1912074818913171,0.373511592732508,0.003722961286313207,-0.10979795012574971,0.007806561416105678,0.08953570891427405,-0.18201386765520233,-0.12132275794485906,0.48343531649263305,-0.6389060106185573,-0.5620843271521192,-0.6336224421619593,-0.13219527365462475,-0.3967314769561139,-0.14151882143358924,-0.07599199704177703,0.7420400378049828,0.4844784421830593,0.35072303548058764,-0.13293234759609385,-0.5978782453507744,0.5321750551239198,0.1913115855268853,-0.5629070699589588,0.029270917719316638,0.6661782746481025,0.10405532247397671,-0.6658560062510193,0.8607168454198382,0.5839792633929292,0.434688498220824,0.056260721883070026,0.5248816987538556,0.0817383436869265,0.05941272744259992,0.5921134701236552,0.4369503279189553,0.05682324940075701,0.34594052043902257,0.5877470187315385,0.060448001620128616,0.025583917999404435,0.24234035445424712,0.8161591354349128,1.0277988474123072,1.2701250241905313,0.6814411480556944,0.598682188216858
real_0175,0.2552032278873078,-0.08345107540808615,0.16925691587908265,-0.0772650282211064,0.3556726170645318,-0.4528622252142349,0.05914487091015105,-0.1680895365942666,0.20174388871513055,0.5392727738801796,-0.3812316000489264,0.29863623848406445,-0.3394204358701869,0.09410907693499446,0.2464970590681257,-0.4248657972639213,0.3858958202722389,-0.46755939979013256,0.07444393713219996,0.10725810385671171,0.1832841624325975,0.24170661316548625,-0.08194423111836134,0.11401071545254177,-0.47869262271569857,-0.1181604580007927,-0.326234363923238,-0.1981913962681469,0.37138519263143155,0.053351564189650286,-0.2336325320518321,-0.06792886462914141,-0.0857387771110545,-0.5830013487193616,-0.38279280012925787,-0.29972889345517256,0.044586497133463854,-0.12369123580253905,0.3838790711449593,0.48100133284655455,0.645325291784979,0.10332642762084465,-0.6093616143723269,-0.1467882218322873,-0.18339571220361425,0.35922260828134384,-0.11091054195208788,0.13035521571416522,0.22336893839823022,-0.3252766743238392,-0.19748075081202734,0.06513006950249041,-0.41369071768224996,-0.25275581562372706,-0.43329204770038626,0.24982303277771353,0.2003249672377281,-0.17875598136203813,-0.28606594339532987,0.023665568885140285,-0.18202612090422396,0.02791702564535571,-0.15999505455176546,-0.2020467105144172,0.2549613106496764,0.8083093638520571,1.092875667546309,1.002410636120365,0.8174244026562345,0.9939256540572962
real_0176,0.10394895291143341,-0.9212300259872703,-0.9815146763613836,-0.023713288769901242,0.7238842577713364,-0.12236624355420805,-0.2730104265152748,0.23645057840308356,-0.07673246416335099,0.3617815303643487,-0.6975445031263343,0.1327986944435145,-0.025358131324322217,0.3425376349950744,0.016183773659984867,0.06557106190148551,0.2686662027278823,0.36491961745880047,-0.27662529020170956,-0.08871689075367502,-0.4682620732843071,0.16516812684669357,0.5652585924944001,0.41884309017086513,0.4628970763281104,0.3780771950838424,-0.5032267457952126,-0.11898856876905137,-0.4635621448634563,0.16051975144437522,-0.08154913060452935,-0.5911069497990266,0.13433756095076116,0.11596702206190987,-0.43458929123583384,-0.44146613426287706,0.3862011830415867,0.7739007723350892,0.17894047375583955,-0.22614996285979316,-0.12358179775511895,-0.7234272492686397,-0.3628836581639113,0.03634681830994427,0.4434047206046695,0.37061891003894026,-0.3717882879188113,0.02748624146901762,-0.4147565561988876,0.16481332793508321,0.42843170771210926,-0.00927716237677662,-0.10246565299899442,-0.028633688984479086,-0.5140467048415838,0.3238100323797553,0.23155797807617484,-0.08168682614847027,-0.0796725038504852,-0.040731891113383586,-0.2004652714416265,0.11759524628988999,0.20252890134782237,0.14087107903614432,-0.2758903112744983,1.025888187658318,0.9491112274173977,1.0405594553795559,1.045357209221827,1.0911336222583157
real_0177,0.02213995893737706,-0.13715888750129604,0.039674499800767433,0.19601333533575,-0.06957518242809366,0.40921234308633747,-0.01141619309321019,-0.30469774318787174,-0.08683754698625214,-0.0776891822685103,0.3767279659334617,-0.19500365896272853,-0.08399288949551359,-0.7515167010505127,0.4740732270468881,-0.07393290618986488,0.655130626209016,0.7889008469425359,-0.18933102775909275,0.4520459986103978,-0.500319617702259,-0.5330172593114255,-0.3560250797579145,0.2992867863657288,-0.09766551259253017,0.445848315173045,0.005982252535539239,-0.05482106136742087,-0.12151312950093318,0.34805143490491347,0.6225357309797865,0.2857730707251043,0.23959767405554744,0.6921946564509919,0.47715349426283016,0.3304642740373633,-0.25258143861121557,0.4698940098200705,-0.1686340951298407,0.30081567601898995,0.615955877802665,0.3215335911110958,-0.2616641537932313,-0.07956388585693233,0.1558632458325525,0.8017889627717676,0.046688578924841934,0.2416519315443148,0.7604389316759844,0.2742325463387822,0.15418799649131976,-0.019307808531442164,0.3488656767452048,-0.10578406535206397,-0.8698539429138548,0.800662404098223,0.9286007509036184,0.07385832428739295,-0.2831339881672298,-0.3782339933465633,0.6007699753550336,0.5658388024315123,-0.2611239318790904,-0.831426030270816,-0.6239679760704405,1.2368636884615651,1.1595777299101537,0.7813057259076034,1.2638026395482793,1.1390188184557877
real_0178,-0.0011424302868335856,-0.20991656648509796,0.7257367792695345,0.29274971373037767,0.8828238029292046,0.07264408620939483,-0.20159661408967702,-0.6588834653686966,0.0685841956686851,-0.43113153413251093,0.22382415566486538,0.030080362188244916,0.03976633696401162,-0.23327844103717874,-0.3075625267802622,0.32001518862588424,0.4447908749312144,0.6569962726431221,-0.036691216309729005,-0.24171925628294752,-0.5479005902123647,-1.0735522612125405,0.18252478762136676,0.4715673595021627,-0.08190335913567688,-0.5425533256480009,0.03617286675774887,-0.07378411284619643,-0.21358965066859395,0.22736416521177807,0.17486870188481501,-0.6700804946941539,0.1434495053412189,0.5853717418741141,0.2469162344484605,-0.07425245740154644,0.4587718794933591,-0.15020047824752214,-0.23957709014651982,0.2340119975923073,0.22505393549727418,0.20629613421649917,-0.048039631855433966,-0.1290749920268193,0.28440996377950845,-0.2950031444862183,0.5387024180584664,0.2519638537800227,-0.2701591721996318,0.12428804242959403,0.20052979784823122,0.13003574744584342,0.14365835961084922,0.5752501024696138,0.1487024428014814,0.49673928946704393,0.13172539457166058,0.22853870660938316,0.06574501007503863,-0.12323016558655878,0.4174497816313848,-0.3132707780551307,-0.41121010476141073,-0.16229170070016682,0.1937142459583078,1.0239987420360157,0.8287092660786394,1.079398260899768,1.5618421722459006,1.044315341737214
real_0179,-0.21743495013419953,0.2643145117889047,0.8148934890684651,0.20192354941783808,-0.47661629392366345,-0.4074943507763778,0.6207859133515753,0.5576861270225,0.34722405048423755,-0.14160691859557964,-0.6789881393712888,-0.12158559994268553,0.4742808650188571,0.021860629605808854,-0.4158252281876727,0.4939371076977411,0.02538045198021706,0.30334115006340795,0.6430250163834362,-0.12169539501888992,-0.4369042734760919,-0.20032893725768544,0.6153488861989954,-0.11010584289452588,0.42435332170144197,0.6269361839688291,0.2777298471899999,0.09322985311257416,-0.11036774309266646,0.019945454014241165,0.13214454261332334,0.5875768512072783,0.6250166929572545,-0.17591591418871794,-0.29806686217299266,-0.34908065482960327,0.3345880880542224,-0.029029983173138336,0.03418497843518973,-0.023899041700578546,0.2386351590588983,-0.29331756509585527,-0.3033265743918078,-0.28355191088575393,-0.24399736748255452,0.01637302744311997,-0.3681387690304792,-0.45163073091068767,-0.24495202160802404,0.10962530871202952,-0.2881487691370894,0.012979329689099784,-0.12143388079238278,-0.3093986747792155,-0.34299582261105804,0.28034487781167383,-0.15292606504825534,0.019037587077595373,-0.4051498166923494,-0.6838171068525605,-0.482998319125314,-0.3471099805628854,0.0058338146428572255,-0.48192743785737757,0.29285145679438807,0.9822042510835176,1.0009508593543404,1.0120771856848834,0.8826829829858198,1.0728078542118449
real_0180,0.22104086487525937,-0.029517517014969772,0.3458311679241951,0.04687110599721595,-0.16086763860518516,0.26834336945342946,0.47091678199508286,-0.02967541512697226,0.09945565935132783,-0.37637945708032894,0.40554869935126003,-0.034333779538623654,-0.549677949655935,-0.3224332224850144,0.2508382181562502,-0.3093186383036018,-0.7431937124764517,-0.5413861992673585,-0.6018757286367754,-0.25486412808516457,0.5828105268161728,0.04542384491359987,-0.4882488955047568,0.2158424325911496,0.541311042279747,-0.4936736155131278,-0.7298464824267252,-0.4231387561518786,-0.15680414235853504,0.08228290354045066,0.05088692507754465,0.2744554720127305,-0.1424889755464483,-0.5970901684388193,0.2362530974731639,0.9894993221851512,0.10028366580897433,0.39898813465773,0.06273898919885378,0.3480956273842761,-0.07657629592947135,0.2112313779981476,0.2000364674108371,-0.3953780510731151,0.3438645675892539,-0.6296889016510249,-0.5721371398636321,0.3198294625602516,0.014765940400374466,0.1631455628310146,-0.532828829487371,-0.13332386476101563,-0.4362437442144401,0.2241433648460504,0.14480014065233757,-0.1604739098532675,0.45318715457220254,-0.009773308443415266,-0.3750497955623204,-0.06425945509908901,0.2144929685125613,-0.028570577432210205,0.2424841115150303,-0.14949392710503398,-0.6630697156163761,1.0428739209403814,1.389651058989375,0.7394695766331071,1.287060031329088,1.368402848063274
real_0181,-0.41167936372334046,0.13887192220906744,0.12148337295272245,0.6815725966616224,0.20636925177097198,-0.04244587237450521,-0.33120483743191154,0.039305862281507425,0.22375011228653463,-0.36742336242004353,-0.005313761756729956,-0.1090097328834113,-0.5513443668056595,-0.22252152131435163,-0.0552038157724674,0.5134586134925652,0.5589446448565635,0.04066220046536012,-0.04385454495751706,-0.5263531648426092,-0.6587687394858204,0.43734986974621043,0.7638120842141306,0.6419269070844879,-0.22397318461252294,-0.6000128150422677,-0.10762140213041914,-0.1275355494580377,-0.13179641175582404,0.9091352655201775,0.35162460633802833,0.06792552532298288,-0.9436990623536495,-0.42067908876598076,-0.22795823634999013,-0.1454733935759751,0.4451619770754524,0.26000210329052903,0.1497972437459632,0.06646538049752353,-0.6625637286978582,-0.783705577135516,-0.21252287356330724,0.28733322230416036,0.43262229392923407,0.6589451642137275,0.5250750612773336,0.17376615080353636,-0.05065877455307637,-0.4322189165562812,-0.04859305161447641,-0.28654332513371666,0.05967853165328052,0.45701883129140436,0.7354384075425311,0.01125844707455999,-0.1636607739388011,-0.05612858563242016,0.6053216394822152,1.0,0.17753811154184768,0.022909536708012306,-0.2841001900365099,0.0014606715500023735,0.3261282866329758,1.1959002612560237,1.0334619613937912,0.9897605776366806,1.0487504960803296,1.3065084774776698
real_0182,0.054945443988516744,0.12817275155919233,0.8245273930464426,-0.056696022093991404,-0.02055889935459963,0.0964792434563878,0.4421947302850787,-0.02156138654380296,0.16435304544437096,0.23122950014439003,0.23741653971627955,-0.09551145769981337,0.01652422036699187,0.4026824279346341,0.08346144997524332,-0.6649630793329511,0.45118181155171905,0.9522149978618658,0.27670690185909286,0.3141210253537097,0.04552732198257522,0.056971884953307,-0.09424095728139056,-0.04548958911852184,0.24796018419879928,0.40076811562231063,0.4169132504772154,0.4693473150457595,0.27565479734354703,0.2095258566454184,-0.0003186517468704945,-0.27576201446074583,0.13566910079067543,0.6097527866452921,-0.17517369929070012,0.31689440290176013,0.4657809257751875,0.6370135861681826,-0.005785164163147075,0.09179647969116325,0.5920531988412664,0.10856517393860401,-0.425493594960594,0.9139333892574296,0.6013887189938641,0.44261503684250536,0.868063482141012,0.26985207486149004,-0.36939653702717007,0.05646828292006637,0.3807517947144388,-0.5146265632284568,-0.6369076386057739,-0.6345756609651203,-0.059827677043763544,0.5880484235486988,0.29504023699251336,-0.12041179829651974,-0.5137910010165179,0.0792658403509225,-0.46976704666797403,-0.24749268917476722,-0.7761291648457257,-0.4550758677644055,-0.4788495922973192,1.0329073752045785,1.2149821759909258,0.9840540872286383,0.9697504706507248,0.3
real_0183,0.4472092545447331,0.5571344124401542,-0.386667659713547,-0.4586878998594037,-0.40805358339737385,0.057670130111835055,-0.14271180221811075,0.2560115432668303,-0.49258723379370045,0.48461810428270585,-0.1038462237879436,0.3503407412084044,0.2010511974394563,-0.5653837217968245,0.2699642513577949,-0.08054548827433501,0.4668190388538623,0.21297193511740284,-0.07085050756770638,0.2847941312409083,0.46910054168343684,0.2028631742578949,0.3618575973248156,0.18460789296555224,-0.0008932856978970808,0.6166771628346587,0.002055414640515231,0.5881010308327749,0.05094363345378087,0.22449486792144505,-0.0749188076810285,0.5733968156205431,1.0332688262262781,0.9015855662669044,0.6597623928573231,-0.06773919311239143,-0.13527124434315713,0.06056360949363127,0.038331459581573885,-0.24976888693752883,0.5709321776325785,0.12490984156684687,0.3471767866937355,-0.8005388796908366,-0.3668830522831816,-0.12851648113507358,0.16001609196428915,0.7203052296543013,0.5491820897669699,-0.20716463861856327,-0.11621730064875886,-0.32891383794817847,-0.8099636345234977,-0.2809163976200929,0.06113602119770445,0.015174420582782873,-0.07764549262879523,-0.3554335562979781,-0.4743868499580637,-0.11538340956750173,0.45273391311718,-0.04809876825785678,-0.15207164186243416,-0.31534101110255575,-0.23873426136866413,0.9383609153749395,1.0137280267259812,1.359512233328928,1.0865188903452305,0.9206403612905795
real_0184,0.14572872144952784,0.1985813024740096,-0.3098036398479853,0.26572731479305867,-0.3029923473613014,0.46194389441273,-0.03432907170180635,-0.28273754346936425,0.0434028873019674,-0.6374565153271629,-0.267296013246663,-0.21339863694000674,0.2700338142722711,0.07900723524556594,-0.8444037848566655,0.20393349364389313,0.40649931536969663,0.044527705233878535,-0.49251540857237835,-0.0425778599958016,0.11074171647738605,0.3586491409651454,-0.6067301501021105,0.49318009381140626,0.6169801929599016,-0.007925208414415262,-0.18714363893063327,0.3348783738004787,0.26034525423727245,-0.3936471542295665,-0.3587232623107636,0.48588475623193617,-0.14087175413069722,0.26858124152194723,-0.39505797817578736,-0.3884087123088722,-0.05612548252312222,-0.6516075855039054,-0.002978494509777153,0.26310710512141794,-0.14253874796504845,-0.2990884545458752,-0.10091344344753922,0.11534129516153027,0.00945756282123706,0.06020375431894217,0.40268588102984004,0.33445016490252377,-0.18145512223066054,0.24620239804549124,-0.12833048930093682,-0.3887236871581876,0.23694543098732512,0.1630176328743129,0.3874549467740597,0.1730614022406643,0.054618795464853626,0.4002503568786028,0.013508793482458167,-0.5964926782992572,0.010347407419761864,0.12690436753315776,-0.20574124857886164,-0.29213507007786554,-0.005118259065595139,1.1659433065089833,1.0871165642994696,1.1788426657026818,1.0123832967359918,0.9588372431140122
real_0185,-0.826973353227457,0.03987192420357261,-0.05309471297098558,0.28285329099163203,0.2663634696220304,0.030263446265396347,0.1523367559680755,0.08931898422599018,0.16643491515014172,-0.341711081405213,-0.22906276707554254,-0.13907187437916746,-0.19369332608616813,0.2554420171812609,-0.05144454260782752,0.08742270362160648,0.7005461523699853,1.2,0.45238787076616355,0.4570501689223564,0.7361536861420199,0.048609185448011634,0.6629091382032576,0.7384869299018412,1.0564649853475352,0.3928003405996617,0.16436298679774197,-0.16097047121985386,0.09707378236668711,0.43344017939178653,0.18652004797451283,0.745089264477301,-0.30868474333189677,0.4624689201689295,0.1666737538152896,-0.12492987441659947,0.19872326317720432,-0.40548088788172043,-0.3124904234214849,-0.3223683443281672,0.7279406529797847,0.23986999266991713,0.16918707504998118,0.5123007082371351,0.14383973432926875,-0.1197991495200338,-0.5124061832518298,-0.12443127572194519,0.09040373264752566,0.6878457703881604,0.2814428095972215,0.21950912873937362,-0.3533522022818028,-0.3833494352229935,-0.3329636241258923,0.2582694225123419,-0.14329175107527833,-0.159459427261315,0.2223841616894788,-0.34360927668575236,0.24418822743083932,0.28869330754732453,-0.3948699830940742,-0.07863541870817092,0.050319727523308155,1.0643134657692421,0.9914825208410962,1.0022890878182933,1.0220791451224438,0.5619753568182573
real_0186,0.24091265752514124,-0.33802496629572204,-0.578631368473439,-0.2758792183974362,0.0635882168323135,0.8142154598070835,0.008287451516468662,0.18080029445541382,0.1183832333396847,0.4133557021254546,-0.0279994134636372,0.2219075027234524,-0.38570265314884683,-0.2904544601572371,0.051811733871288554,0.5803025257096486,-0.2522554634715128,0.3010801562419313,0.4577706250952037,-0.12092415629732226,0.12777271736335405,0.52033523566889,0.07193710218375504,-0.17820538206129485,-0.5550958455557021,0.07328044075895931,-0.46105253563773774,0.29817659820744585,0.39063884934721166,0.010313904452193441,-0.2531880649589142,-0.61199778736467,0.07664051049334672,-0.13747712740542375,0.08933330729441068,0.3201232098259681,0.29324195140402715,-0.028438739432738957,-0.2003929941012358,0.14992449479898484,0.4620345635104297,0.42195537504661873,-0.15293517856926064,-0.26845437248129317,0.052438252550443876,-0.38822437903451484,-0.05141072423068436,0.33697430496376246,0.833567578868371,0.06101745393019034,0.6113071571963433,-0.13492439307123302,-0.16334928689917094,0.021250108868648605,-0.24829617473854035,0.45772333591805825,-0.11046563377511281,0.5350869110607471,0.1276547713314067,-0.32677251131904167,0.05826837680533757,-0.27902403348667665,0.3862221377241604,0.1570908306007776,-0.15291975904874086,1.2303633987993987,0.9744388628253693,1.0497574619602166,0.9183333674346661,1.023545764558078
real_0187,0.05539936304426929,0.3976040679756418,0.23450619031650463,0.36652476700556885,0.42418528331997585,-0.07055344054240256,-0.1953440644309807,-0.4947018354028751,-0.1090597333819954,0.13006815165568827,-0.09469656267518561,-0.36632958307157754,-0.30914685792277324,-0.6302503967851671,-0.020977100029680798,0.026892055534562115,0.03289723545147248,-0.5020958883358254,-0.5419434501316048,-0.33421757955840176,-0.559065435463869,-0.0729203087521684,0.02995930101471193,-0.7580874821531943,-0.6729207849274386,0.05569407995542104,-0.5595726372912759,-0.4651063421146052,-0.7794518806713857,-0.3896287707299789,-0.38697941900939953,-0.4010217273868709,-0.24282772487411736,-0.2382545135802358,-1.2,-0.5531841528772512,-0.23725919166017537,-0.8843542340840607,0.14483208784830964,0.7425171901945242,-0.07134992082703623,-0.02685755935831007,-0.3818069846971632,0.025683041110720707,-0.15725072196503545,0.1392984601589986,-0.29545250953791435,-0.3399217192450399,-0.4348373917915224,-0.23024164969490063,-0.006067558506799792,-0.11514933401247082,-0.23060572414876596,0.2284043529447859,0.17146952733034257,-0.19086937865598058,-0.3422509260370334,-0.3160015507274341,0.38569453804583587,0.7995278015840996,0.10762282529904753,0.08280269948474606,0.2974509681751216,0.32023964536370503,0.3060516429429685,1.027485165583286,0.8830776404911871,1.0088424756208396,0.7203780680402299,1.3121894431026266
real_0188,0.8288251482806818,-0.07030033393762392,0.21891685878444953,0.19414680669537693,0.31764185733162736,0.6351909293793622,-0.056940256122110185,0.09882604882030839,-0.005502294581762864,-0.08823741809021288,0.009157088731702725,0.024897877798011874,0.1890054124610353,-0.17672518701996415,-0.19259258192607792,-0.2526448033478393,-0.6680898990309269,-0.137850271808524,-0.10056022717173053,0.5117763363401944,0.3470272158087062,-0.38582135952190505,-0.22362836772598177,-0.3722987990820782,0.11243362792961327,0.08249244152797934,-0.2579871801526534,0.020790332595965584,-0.26539230343428905,0.33699515838580396,0.05895657521188271,0.01100699851886563,-0.29682357671377424,0.2098516279832912,0.19096630938312342,-0.4922210656302499,0.13603323412623375,-0.009274833187777722,-0.22988116327706903,0.22493871366871773,0.2654265457243193,0.3739379493098321,0.5650391921171193,-0.5305303997827997,-0.1911017716133121,0.39945541537659013,0.4345167837224937,0.5332642708712291,0.6909912021534024,0.537988995862374,0.5579483169813699,0.7613332058725857,0.05620578315197861,0.23306938178364803,-0.2870090108021947,0.18351700845867988,-0.1373764006960339,0.16115065280510882,-0.3389451835623032,0.2909670650886329,-0.5336571288226181,-0.4611234019879506,-0.43397162289044905,0.08384939732890503,-0.0909890400871164,0.816329645241925,1.064545203843633,0.9594172030408905,0.6912749594955836,0.7283580351023524
real_0189,-0.2460397069621658,0.19647060232395328,0.0060133784508016605,-0.2830758088582044,-0.193993711959893,0.9301066375213983,0.2753414371980488,0.8473417255531154,0.022323072551275816,0.6064221904439584,0.19535246223963978,0.07664406129656022,0.21899609165481534,0.5008811455559582,0.49027165810674295,0.822703221371076,0.8025619818044624,-0.4643782708393109,-0.6431891820114556,0.7366717463686747,0.1296148176561494,0.11801551082086453,0.7859111176103133,0.9736736025310048,-0.26058933853159927,-0.07233225515544905,0.6680050781511265,0.4962120464060465,0.6506947118126468,0.9189801053385707,0.11645577782221199,-0.42258108178273607,-0.4173310762199583,0.062456951563709784,-0.6954176829914094,-0.40971637503328945,0.5169470842830431,-0.16103695128311402,0.09415116559861067,0.00736768531850953,-0.3270037549278479,-0.4541241545271185,-0.630098262697321,0.34251542607084706,-0.6240955365179045,0.11430861640626845,0.5377618831961658,-0.4212713946538126,-0.2948070793826226,-0.026855491211388704,0.2675318666420874,-0.19924258835009143,0.07240423705919795,-0.4487244617754669,-0.12538132995404078,0.08141219191077025,0.009112886674497646,0.5799433774656729,0.01848116094510296,0.17483036164623053,0.00615958341525074,0.5980794573897997,0.15126218788363963,0.0962077299846491,0.6898389882990098,0.7947761201131502,0.8722694216221348,0.7835145605223426,1.1306489766562453,1.084100234672468
real_0190,-0.6101550147565977,-0.27601392317272005,-1.0,-0.48180832437272897,-0.25734927112935185,-0.09955402667401486,0.062121318987043414,-0.34780557989827066,-0.2991033256267903,0.01420462063753083,-0.11837757791528374,0.63822791652519,0.33496147681857286,0.016913099043100923,0.03462750572384358,0.7148440082539937,0.6883625338167635,-0.4452275036717201,-0.2835813327883567,-0.14672789273815717,-0.2913534829545605,-0.6093283057395935,0.5850735845150504,0.49778841116184724,-0.3557466939204807,0.39062922654560717,-0.12414790965135902,-0.3690588442334128,-0.6723838649559347,0.46303174468238006,0.031042487282682413,-0.7519766132593235,0.4133827690553812,0.05133005312522993,-0.21633200656258664,-0.24626178721504424,0.5112279356641359,0.14638907172634624,-0.24262366359984294,-0.045206094856521765,-0.26367044381657007,-0.05083698520045339,-0.08547219651041962,-0.11157921944436679,0.8778247203396483,1.043319082714095,0.29300570734801124,0.18952875512396294,-0.24030775489582562,-0.43352126898284404,-0.22567192672224537,0.3861162034172704,0.05861378103967637,0.22967536695297536,-0.1798578482612626,0.09469343931601391,0.2736116329805348,0.36441442270106716,-0.04223176764597842,0.05906189853283609,0.3722586639572536,0.15030531247704806,0.15433035288762464,-0.10665939601156212,0.7342752225744328,1.2476391898346875,1.0998377854470143,0.9697896244786142,0.9446599819828573,0.7710441306758906
real_0191,-0.4436888290184422,-0.2503804863622463,0.04395696349207296,-0.27822925917951974,-0.11451682828849778,0.2363859956691113,-0.3003012834643627,-0.05000131812097306,0.42845216689653354,0.5753720228210704,0.2826343452349471,0.1803580120704755,0.1609672737871434,0.12429382337556795,0.4893790489034655,-0.6950318921441314,-0.4613458984347641,0.11319916695521472,0.08909949498868253,0.09658398968023238,-0.3859587651839842,0.518026782176888,0.2427867251651219,-0.4862362909145936,-0.27475022727315357,-0.022927491665559806,-0.14203832283021242,-0.06364814560697672,0.5276211189513322,0.07149348614920613,-0.0835203006473975,-0.06271687114082802,-0.15280509391095187,0.4076634599535727,0.4256627510905238,0.7210707715532289,-1.0336261533511755,0.4403064389858805,-0.06513248057023477,-0.29180360173554026,-0.0914218667038264,0.5521333017151515,0.6295603061907269,0.15756772214982506,0.23443586117335402,-0.003470746175947217,-0.05474761060040022,0.11780578114605336,-0.26176269594700896,-0.38365687411270305,-0.4174469537501316,0.17428720806434225,0.4863141574882477,-0.17335798846403283,0.08445741334712388,-0.5274662542052287,0.19117171916542963,0.03343072006660295,0.1619679152753681,0.044961788710461206,-0.18728507359729288,-0.5400557244789393,0.34773659148625635,0.32873210789352325,0.23230368279039382,1.2585498581174945,1.1627930506668864,0.8507803486694974,0.8807822200687667,0.8320219940800808
real_0192,-0.2781628798157895,-0.18457841103954564,0.8826643620884701,0.2906364740102822,0.5999542728403545,-0.38611674522984357,-0.6971829573611584,0.5338228549455745,0.07080630294312494,0.24957779198537436,0.08638964388738499,0.5555052722493955,0.08166149423173726,0.1237323583513682,-0.18742381767719749,0.3691508941833303,0.7434817674457426,0.98412060507221,0.13243612215104592,-0.747694241385179,-0.332151768965592,0.1955631343342319,0.5797846846187243,0.3363296864209566,0.42654871537473843,-0.0029116492117391966,0.7917108425091796,0.14308699273926065,0.24544995397268307,0.14577711642723992,-0.022323611337267842,0.7620103730140012,-0.06706835426314504,-0.14617357625377247,0.2482344463158752,0.4929320619480329,0.4295239837912437,0.9461095189811174,0.7979840385453966,-0.1798797860936866,0.573621451497137,0.3477891179745884,0.35882276328137847,-0.003370600102410945,0.3060214208254709,0.3007901428535259,-0.14806425374194698,0.6884593682325206,-0.10991790297126297,0.2799262532897607,-0.1778162133201447,0.054910676995771825,-0.13481164202187906,-0.11453116395453185,-0.31671633971025837,-0.6270386493333102,-0.1415043821088717,-0.5577214705176594,0.09592479817599531,-0.452526207110886,0.5743310919409147,0.04404763273867813,-0.42741260506506906,-0.12589204303730098,-0.24452244390164232,0.97307211800761,1.0549797110855845,0.7499368922153706,1.0017011253446306,1.3693484085425087
real_0193,0.18340462463224438,0.07619931582395646,-0.3165835960419414,0.21941068686656273,-0.2636230266191855,-0.3580516465965987,-0.30534540001306704,-0.6199858198620077,-0.14710449023348401,-0.7486459648277831,-0.5926380425520028,0.12514467095505,-0.3818309814201159,-0.2374658374735425,0.3579067972068143,0.4081192877887753,1.1262211790438723,0.5408279749635437,-0.48868417919754975,0.47408498886069017,0.9565001170810102,0.5392303423524547,-0.1832326384964161,0.21464955013533824,-0.006330397217826616,0.0686424010614432,0.7467017489130449,1.145617879369811,0.6996624092872131,0.1438915581462743,0.9056490907578019,0.5664907053067862,1.134858039129253,0.5223256324547395,1.0372629629186663,0.5749966784707348,0.06218843662456481,0.10721664095855227,0.15314667203143106,0.2190716799284806,0.22945800437908231,0.33222873804082825,0.5412978614191892,-0.6077188798183555,-0.4355807439933254,-0.6930571235839112,-0.27837735313001893,0.5109481581036787,-0.344019580867147,-0.5207403905937095,-0.657760689532064,-0.3554594645048015,-0.16404218089776176,-0.22922465996147132,-0.23707442259190978,-0.0966924719889679,-0.043272123538785144,-0.5010495769092218,-0.5205789111465726,-0.4548132078578345,-0.12190746592061179,-0.8197036290892792,-0.20070262299425978,-0.4115615913781265,-0.6078789508451052,0.9425219018296018,0.9570626899666462,1.102244362909507,1.1589864505831255,0.8643605449720437
real_0194,-0.18073004607348156,0.11966064383800525,0.7996684898737733,0.3609306388111179,0.6397658196612089,-0.002202096712246107,0.2892618371064708,0.3494134049580111,0.628559158356776,-0.0563744359570653,0.07069330378626273,0.34359242852180205,0.198385657890989,-0.02542804290198892,-0.5098427617098565,0.2623006701519716,-0.45194989662305507,0.4231688444373328,-0.3539703607820696,-0.7432788911226419,-0.1784360924389208,0.025755878158332517,0.4040182190273814,0.33998914642309747,0.6663554791454943,0.15956572215328899,-0.18496998116867716,-0.11707791909955659,0.11402870183433633,0.8079974630501287,0.3078199599100459,-0.1895594814494012,-0.10601844922896238,-0.37674567243919455,0.0159631353917093,-0.26793859099109524,0.7560603446826437,-0.17155807623346828,0.397406369025426,0.2989441528519537,-0.15898210701948987,-0.18931768315937242,-0.08294382777026302,0.01302063515647235,0.9251959976799377,1.2,-0.08945464444588347,0.4265343310155775,0.5395031505978786,-0.022457549701493374,0.27313557638794805,-0.04887813357505623,0.22907315330780192,-0.43952537600133107,-0.3553828258048295,-0.42242314689372484,-0.2504530743231483,0.052262156216282454,0.10289556954268454,-0.1949403783546342,0.0030429204566215723,-0.1486315820710855,0.31959533471852575,0.006685608407765118,0.08210306915634277,1.2192166438363303,1.0680948368963044,1.078252931986647,1.0360727886052796,1.1155531222526562
real_0195,-0.3283624627965638,-0.1868138377229119,-0.09487570799564085,-0.1298440499335198,0.157731620621142,0.36062622235142944,0.016634989602705198,0.009201781775775256,-0.5365933904143847,-0.21596546617023527,0.011284324684996953,-0.5146294646221934,-0.447155126581267,0.06744474154451892,-0.5157149247140793,0.0786880875791776,-0.091832539688637,0.5727521663488917,0.23326808522299894,0.4110727569496748,0.48247958310872774,-0.3877816400856891,0.24990245814181467,-0.38096942079440627,-0.05170285197133627,-0.015575472832497333,0.20063763850553987,0.39898419864844614,0.1329101837790989,-0.023412050623455576,-0.3191689332721769,-0.3601057093878323,0.18267856311058792,0.05131787038122082,0.41026687208099055,0.8638785569524526,-0.45786319596413927,-0.3106837861887712,0.7168938384816247,0.48759526899215716,-0.7515380688860321,0.09366481585344172,0.5161901224947824,-0.4692384060996219,0.039212137954111666,0.639070013378274,0.20332335922165637,-0.31539096020348023,-0.7333880922566233,0.48932693009475725,-0.4923325218308986,0.05647501859849236,0.0624414925352381,-0.3741490134434241,-0.22330395780423914,-0.45404713534380864,-0.14450124125943553,-0.23063756335990362,-0.4339240271145897,-0.013915026944480659,-0.1450053579602443,-0.712485239196516,-0.1122879745412646,-0.5481527701934483,-0.22823686022902476,0.8339431476934768,0.9536990416680381,0.6426584977263844,0.8687890126718065,0.5321954709847532
real_0196,0.024332835795523335,0.3602977161419031,0.2994032041499074,0.3669953416767143,0.26859132621101983,-0.24284383055753028,-0.3039791001724707,-0.11783872194767218,0.2826991842225678,-0.7026030434508086,-0.06531740600822203,-0.5271209683833329,-0.43268658917696246,0.3911674952414979,0.9271082730502428,-0.7808528851337764,-0.36634860124804947,-0.34944171553301795,-0.376947812780004,0.025014906629480978,-0.14158625729901828,0.5474111978211221,-0.7960287544770859,-0.7696901308715249,-0.2647612481100272,-0.34239849593572275,0.12885414115266314,0.37735499452904864,0.2019039276752718,-0.22856475089866882,0.15333324997478803,-0.12644872015633268,-0.8099220144069328,-0.09049800347729497,0.5051807037292267,0.45146610572135354,0.2289811087569625,-0.2721531769626032,-0.5353278742876354,-0.4407586332727669,-0.26047013912637756,0.3341399475493277,0.6617304267366184,0.3338092122864983,-0.3455991459587027,-0.6303891784296554,-0.29230812126551986,-0.4820309666656913,0.45850149189619444,0.6653996456332876,0.10733504077058632,-0.3524832337394415,-0.2097648106895499,-0.7189810952428372,-0.4477529800421763,-0.14001128315235253,-0.16937069276692768,-0.03641218682828825,-0.01566977313920263,-0.18149928195816115,0.23745995499478184,-0.5231576344291577,0.06701910633787939,0.5217504789178402,-0.13379940168293722,0.8657909471566261,1.1403320688197724,0.9754630725009745,1.24525859112979,1.46557939034872
real_0197,0.6718489154276651,-0.17154299226035,-0.1707173333596248,0.08817869527352895,-0.0843407407132873,0.16546484871353925,-0.07980174736246841,-0.7434900277410426,0.6000805699166717,0.037229416103063274,-0.32314921244102446,-0.059761695477397396,0.3128405169743697,0.2307148359118564,0.3835895471806534,-1.2,-0.8698331953950866,-0.5141932237457508,-0.345943462673434,-0.6819432949688636,0.02397709563094503,0.04347283701246248,-0.2514438421082596,-0.6894620300993403,-0.20824842852578598,0.5121364703293553,0.37085607136758064,0.27546454735157977,-0.02125542850776119,0.2925418167819609,-0.6807498384685257,0.4529227595299007,0.9822294952556229,0.6780535290628548,0.4280782641244507,0.5141593031416787,0.4561970547198273,-0.17329396195049318,0.5184784518407284,0.717488390536369,0.5591135872878749,-0.10951358060131443,-0.19194121407292933,0.5463108183562373,0.502352422934275,0.1752861648959988,0.709663355994244,0.20695077884038768,0.20181705017058657,-0.054126281469775404,-0.682368047110037,0.023089452814230665,-0.06717818147835253,0.28594401515595963,-0.05822790195129021,-0.7785855657603363,-0.45638661999073615,0.06629124572430282,0.4103480160629319,0.33164067867742075,-0.2840538271630942,-0.1925246810318874,-0.055383277331636116,0.026718965621289167,0.28344293523370706,1.0964990192033566,0.7252890873677315,1.1991402771799846,1.3158371005963265,1.1506631115766248
real_0198,0.21415394034062865,-0.13659297366606424,-0.40097360692066636,0.3402621887320039,0.04003846488659356,0.5394291872182586,0.22036990719139993,-0.12467226214816844,0.07847638782416606,0.21102203024986055,0.2219890752677384,0.20468394947535826,-0.06630235109623377,-0.17641027342046361,-0.38450663833628085,0.3261311139405614,0.3795806025850477,0.21359702547235687,0.21743155447232926,-0.13374376509654548,-0.4014762577921422,-0.6269624153565,-0.12632909808813783,0.20381818717561892,-0.9507442477322106,0.10269987892532105,-0.048382588849511486,0.2971365466182967,-0.4301518162253247,0.38088456586255703,-0.37011548035807124,0.174567606601523,0.5221644694915953,0.09530328254296452,0.22783633289008348,-0.005562682456896998,0.02135380161238451,-0.2924348438689112,0.12896515671536524,-0.6576046120219973,0.10517426476662274,-0.16472360359689936,-0.13943847144253016,0.4477829076638672,0.044133326748425517,0.8388529158647664,0.49698789269443094,-0.15909063772974497,-0.4337428558905272,0.557569707738151,-0.7551247758168365,-0.515302652264821,-0.5402922469963567,-0.6960156823679831,-0.031917403673304506,-0.27734327211976645,-0.64135263760111,-0.3925605364128298,-0.14550924419186087,-0.5587889615781048,-0.549229552619802,-0.6193264700813257,-0.300656916857397,-0.5193218358982349,-0.2601591380133558,0.9408092315710616,0.9496588947822031,1.2118447477792642,1.0989113310645706,0.9543750393374346
real_0199,0.19808193498868495,0.07675851890274965,-0.07414220776983656,-0.3745985964530102,-0.2952878965200078,-0.3892016178754985,0.07225354950041189,0.2952477604847668,0.8846852341300047,0.4173335685738044,-0.00754778911002385,0.3122803345399619,-0.09392866559253889,0.18394591207473873,0.6240809936372421,-0.26554217424877824,0.49223421344427193,0.44204018374951415,0.049004655562105974,0.15088686943929927,-0.10411476472424924,0.00018743062321503406,-0.24024652797238552,0.42674505758545384,0.8813287414354152,0.002279383468151445,0.30029464241613524,0.07694877577283826,-0.42669774848839737,-0.02206630588882759,0.10028508456932986,0.5033860691245968,0.46372271143924504,0.9531288045098161,0.36192012856491707,-0.18092010869200084,0.41151681995214356,-0.44217030571636196,-0.12586107080323278,0.5773450190207507,0.44728998084557364,0.722212393631948,0.13890947729892153,-0.2449373732553709,-0.7726246640642022,-0.6123596336769693,0.9213087882918451,0.6331510685010829,0.1539815101493376,0.6741118795617439,0.30196208702244265,0.269767056217649,0.15268984269439947,0.06447433209500494,0.3811024318816224,-0.17509710020946068,-0.3336507192528184,-0.22941870178348897,0.006403862772912083,0.2715361930170478,-0.32699079625749,-0.39268467340166513,-0.38235025494551506,-0.13970755554218864,-0.009575350165131351,0.9992317199919893,0.7013782007314003,1.2051673685770479,1.1947327022688181,1.1438866274999737
real_0200,0.1877258263518681,0.13738658218406025,-0.6855362534959086,-0.520899163635707,-0.40749532790276916,0.18888144299800347,0.0569315475343421,-0.5490333987889463,-0.4373137198482673,-0.14390863974131185,0.5506812857064839,0.46788100352471956,-0.15231368099581324,-0.022200969175130893,-0.4956725792149159,0.5278090291084009,0.9305596313112857,1.2,0.6593150404335751,-0.2891449481379874,-0.6629300037778394,-0.14734821853617774,0.43021448711757587,0.1752935296778453,0.4880728306330213,-0.11060399719207982,-0.38020069252170746,0.09424061491304633,-0.05961112806541879,0.30816058605811114,-0.11404624705938353,0.10708479357636709,-0.008873971626256173,0.09269759093367944,0.34154268527965376,0.3684537157900604,0.3139560467806212,0.03782529457022429,-0.42767195924880375,0.04197805715715017,0.013225139393122766,0.30158227719665454,-0.23555913313151067,0.14412715045024702,0.10305297384515269,0.2798915920270183,0.4956713733769974,-0.17057834337959576,0.343780612908946,-0.17170865364354318,0.4465011332834812,0.37171597884516916,-0.5597294309827373,0.062054320834368036,-0.08996355849424388,0.5070936626017586,0.42947159022454573,-0.1454252050763582,-0.004826206292203183,-0.519135677407246,0.3816957757862206,0.23660094136243906,0.6213691750358167,0.19674030546118437,-0.08762236818290957,0.9754835652213231,0.7757408754659192,1.007782641380292,1.2483919993627621,0.6475451427630474
real_0201,0.008144916640724989,0.17680347238752797,-0.1409544738833583,0.10079180773452259,0.06300581396138856,0.21723053165464137,0.09807095612753136,0.17480653055846135,0.1618454676872413,0.5102001522973233,-0.003990357283512197,0.12708988883384217,0.2831228886593059,0.20049048836106498,0.6904128332898397,-0.4215329591953644,-0.10447306875555053,0.05205867064812529,-0.022087193132978244,0.20817540648247282,0.04672139679191515,0.7626926812852067,-0.205525022223891,-0.04528422112708966,-0.0713449301333054,-0.541837873848258,-0.08689477089042764,-0.2493073318998578,-0.09273658914628215,0.306947322706305,-0.2924990802508062,0.014441117367689101,0.02273697466631963,0.18918259099280427,-0.11616683241084023,-0.31846688474513574,-0.09737069516955756,-0.16178063296908488,-0.04604431958432588,-0.11217249732589529,0.10785239469348783,-0.8479193251547095,-0.23270470847816924,-0.28980105589544103,-0.6145009823415138,-0.024337929960228315,-0.6454731098972492,0.039164610236050855,-0.8678270707980278,-0.48587585579430803,0.5840825325074365,0.2612294875836684,-0.036725408342939324,-0.20548198218380015,0.2938699437813412,0.43786976574743147,0.6075755079431695,0.11697853385764438,-0.17509927300876063,0.07965579244839116,0.27328664438415007,0.614803423301114,0.5255349694998364,0.6994581127507815,0.1633608427774014,1.05063618231984,1.2045793344720863,0.8309909344061698,1.2260198632809027,1.2956326854381643
real_0202,-0.4204675822987984,-0.1357600006428783,-0.13133693882030714,-0.6625360904019981,0.236306252635915,-0.6800101185738963,0.008553126969387119,0.24183178209577436,-0.0812773610221308,-0.27248289442201995,-0.291041182618881,0.02332040114448535,-0.2003691472127689,0.45986966003121305,-0.05963768421330907,-0.7194202180133789,-0.7554049383636507,-0.962674526323758,-1.2,-0.2804538932817562,0.0006806084750234064,0.49990325347191056,-0.9161326943506092,-1.2,-1.0495539459487797,-0.6812605036841578,-0.6269406210877259,0.062234424543379095,0.6575805729080824,-0.9457578764905392,-0.5946951620841789,-0.4907967213697297,-0.24322192002168433,-0.08288017327495156,-0.07228870642975121,0.28108137660772575,-0.3510941985355191,-0.7360293399727172,-0.5019767755930656,0.43931288108639704,-0.5278113953240007,-0.7605745407592159,-0.07360711015039535,-0.04615517131345709,-0.1859996919776093,-0.5277776354254047,-0.05186133215647743,-0.16799048084943705,-1.117343529311752,-0.3994746993367804,-0.05838249079129682,0.3512031113899483,-0.21959489924999182,-0.4209895598843433,-0.6446150179096706,-0.1459183603580536,-0.01350099933065967,-0.1811061699209896,-0.43134600376589377,-0.2726033355181659,-0.09210673033160087,-0.19513014941637571,-0.46015718941351036,0.22318505284752688,-0.08098946083084359,1.2111222791970575,1.1342777472957528,0.7832602345283879,1.1228198354225247,0.9190038061258925
real_0203,-0.554020956785803,0.10913653890894325,0.21028942557222036,-0.38349524661796797,-0.5561715875369084,-0.25264219378050706,-0.4278321537765814,0.3260308626634183,-0.022547536940198034,0.242054339112645,0.46615693890365373,0.5515619736356553,0.0503724061195475,-0.05390128489771889,-0.7054675212502514,-0.3006813754328921,-0.08048461893483366,0.28352759148615136,-0.030505985018013722,-0.14333932823890258,0.2569908348329559,0.47155714763955936,0.5607371275753052,0.6890622488080878,-0.03237202198605442,-0.5221263715258272,-0.1636241098018916,0.2599150964458366,-0.23704475331259656,1.0923128175920738,0.5893163467217621,-0.22376787219591437,-0.8101488365494202,-0.3594530589721582,-0.015751331423087534,0.11268113251960876,-0.5679596147021757,-0.19206675838512224,0.45498281815526487,0.12472355999264312,0.18884502388231866,0.4728214004694557,0.26025272912481867,0.3782773811992241,-0.4302443785010629,0.42527798289144614,0.9614131447668248,0.2242872843034033,-0.07066968566446652,0.36958115111489587,-0.1208086590640413,0.11732067118193244,0.09297236833823593,0.30130336269049635,-0.18872145788178868,-0.07650424536226438,-0.1448805521763795,0.1818056919659939,-0.3871077321175535,-0.4154933725197641,-0.3027568132970393,-0.8291846805788711,-0.03770102673738558,-0.3773914670524024,-0.5906738868665898,1.0135877360352619,0.8920779650072814,1.0689209809500715,1.1196694094149766,0.9489826212378913
real_0204,-0.38660876808786926,-0.2509179505422831,-0.7059395033976248,-0.35534119884011656,-0.6285514395551526,-0.47028306582169727,0.148951922388064,-0.05345657639181017,-0.3531975886967738,-0.10000029898393373,-0.26005429528640556,-0.38909770575699165,0.6049694411383182,0.2265039452052911,0.29300142743887786,-0.4393987316163561,-0.3483968169713108,-0.4023130530829712,0.40844535970846146,-0.33502360651821617,-1.0394182807558687,-0.5631524343914768,-0.8814681954414114,-0.5852573851719097,-1.0965607551262422,-0.27340331674541685,0.12785242912748374,-0.8738170744074858,-0.7408101891440941,-0.16732393585724928,-0.4908354299951048,-0.8884170445969664,0.018753791456281223,0.43428009932898476,-0.4657319333847282,-0.10915330803996655,-0.01661686372844347,0.42861461979050686,-0.1827615173328029,0.33344618777383633,-0.015356951892402547,-0.26723845376356076,-0.4079133845719703,-0.3671974077309084,-0.01666779975610381,-0.2218590185072469,0.04363249891810545,-0.5706924346178915,-0.7630250805808894,-0.5834075076298408,-0.060829593287233495,-0.05620447303827249,0.3746900242539099,0.04565301170769708,0.7856086918061471,-0.4143172596480357,-0.7014208133638264,-0.07278773966984028,0.4507770693547457,0.43932078113740775,-0.5101087085566988,-0.8418280473794418,0.12516715046049384,0.3150988108116621,0.19848908249106123,1.0965908189915288,0.7746244815938654,1.0758560068730325,1.1039321146693006,0.8770860962586289
real_0205,0.23796436457655687,0.05574252061195378,0.031083543187265136,-0.08887693799492932,-0.01205422435397693,0.17220266869100764,-0.1294296530650486,-0.03653699527368357,0.12002808808351337,-0.09737288139687289,0.22363635051407846,-0.15626229920171997,0.6852942857635789,0.9808437075685582,0.13257649807510188,1.2,1.1790192902954981,0.0745402278436719,0.5435179996845603,0.7241376728673022,-0.23852381326181724,-0.024064725468798846,1.1396675130028406,0.46557069857187283,-0.21048915277405972,0.6985706879438985,0.19153209835061832,-0.25608456805202806,-0.6787445259038354,0.7450732231646386,0.02604208668671637,0.38641824005231257,0.1362713192002985,0.5829128252691158,-0.4393697962642115,-0.11889220575777604,0.36282181547407144,0.17209832792460772,0.2746696143643969,0.4322430610634192,-0.01539803957234861,-0.1293791414702719,-0.13197356772980293,0.13330889252849318,0.154569633289998,0.2545717459427559,0.5465406626792639,0.205189119963138,-0.05793541875932358,-0.48603369546890074,-0.19070703449538612,-0.3326218785183547,-0.006916919451293971,0.24657326004590452,-0.20312878738000714,0.1704273132969184,-0.7536267233387908,-0.177219601724117,0.3454498410338661,0.0034160881617566643,-0.09983856379118693,-0.3419857538944858,-0.14132762857752504,0.17936068655360068,-0.5264334953027923,0.6924741848453466,0.5553206743237523,1.2574662223210131,0.7805324650905913,0.8548371493136038
real_0206,0.1022058463207764,-0.3581150272297176,0.19589275137779116,0.11438539902187841,0.33392527750564654,-0.04725256773073013,-0.2723372063763769,-0.3173356277569686,0.10746635133643186,-0.017080785186942133,0.09556290033369409,0.38370155743134954,0.2521131621561454,0.6468931729922174,0.7860959550825674,-0.05691926640118369,0.7519021426256154,-0.16826250126431777,0.34056745412793316,0.550403534996564,0.311388997127724,-0.1619911051605924,0.129090081164228,-0.04569190413102466,1.0498083889647725,0.2548786511966602,-0.10250988889246887,-0.04271549362728582,-0.029834973412844787,-0.1762890574644691,0.3471767792982309,0.6407102357216786,0.4372815384242938,0.12479391278050095,0.02562452632186227,-0.1125734644607952,0.437897985422626,-0.00912606391351864,-0.1672003906726047,-0.06483251984177137,-0.08937253262628571,-0.03544611697639904,0.34774685558384677,-0.17750929875471055,-0.24372076559696385,0.09710966639322101,0.17111513085515292,0.7352234844464484,0.15441066748008608,0.8263862448443533,-0.4409610150455712,-0.7700473219083872,-0.13661996953795616,-0.41414758749692926,-0.22839267698881965,-0.5671770512192492,-0.07636519399895537,-0.03732068556687303,-0.046193011287609276,0.43728038483890197,0.16073005726565356,0.40214118860222464,0.27288998813779225,0.2981230539639104,0.060082689800498856,0.9926922397104823,0.9184756738101049,1.2199959300684167,1.1401446313719172,1.1736676529071022
real_0207,0.3532660472784973,0.13932042979372572,0.21678851132631566,0.06620850792152488,0.29074784150208494,-0.19445190882371735,0.34469387556674924,0.21544549734749194,-0.661179581898506,-0.04428159727337241,-0.4987117360700992,-0.29120460906589296,0.11299652457844277,-0.7611946406939442,-0.5653108034739158,0.05232369793397787,-0.5370653347674087,-0.21094581385269917,-0.48073595180729806,0.018156760736288052,0.04341547127366505,0.5317013050666148,0.1631560672685074,-0.40940178034168234,-0.2787302512865817,-0.12029918384092742,0.23299132828248623,0.5558496979975924,0.6488858619911447,-0.270512671959364,-0.29520241430138794,0.3140088292695639,0.3263712529705075,-0.6098601588974673,0.011332714079557753,0.25348513279614227,-0.29868842756276737,-0.5512384860789876,0.02604489596803059,-0.11678844722346772,-0.13308436161702042,-0.5360144135509887,-0.6846882971231487,0.6390106235499052,-0.2877181605371846,-0.5518545721666738,-0.1988299802405272,-0.5489477948847735,-0.7984987617562425,0.13247801783107538,0.038109006072792884,0.15634397722389884,-0.16848504588400356,-0.5505457174234067,-0.062068187165428605,0.11398307366143136,-0.16136324498639074,-0.05380080647515204,-0.23472204736739757,-0.37033010153350054,0.30073829099476546,-0.0880623396410502,-0.025295088819575005,-0.4166300840395515,-0.820075924156498,0.8735154594560693,1.3630622518371103,0.9735542686937656,0.7288372057746892,1.0639767125260557
real_0208,0.08535468774183942,-0.44442512712676097,-0.3677375461016734,0.04207052035859876,-0.11644487451051717,0.07391312992329377,-0.07179785786108248,0.11625002270150231,-0.30222845552769007,-0.11108050007204578,0.6219204315381508,-0.22147198369522625,-0.2324781196503286,-0.1478898098818832,-0.45424129558197507,-0.010541457556581285,-0.3365758702959497,-0.2223335651420077,-0.3305946163467717,0.23134247623555118,0.4689045292815878,0.3352578775885609,-0.40821193675689355,0.015455488362639155,-0.955453116628632,-0.4444801420114588,-0.6716801773624245,-0.24667787245327236,-0.226233960714564,-0.34566190715233985,-0.402120923591322,0.35643915347768623,-0.23697639451740624,-0.6199767359768673,-0.8158188791526425,0.08940958685559676,0.05883746589874712,-0.4225359366718971,-0.18871092644246656,-0.07985936108805936,0.30394672292232044,-0.7355224068033149,-0.30600777517514915,0.09650094447043765,0.3615067534611245,0.22817910350107434,0.3568188271496028,-0.6723886200707028,-0.25170833825151556,0.045910336357307985,-0.19697503455872464,0.3451598043057421,0.11114370637429198,0.05725542602361126,0.5500490005389629,-0.5076666329198887,-0.3206958216299674,0.5868643625441486,-0.11249713171466534,-0.34437651323702023,-0.6015006076049801,-0.18486117372901137,-0.0889934793873754,-0.48656227198438173,0.5566011636321695,0.8171780409364557,1.0652326407195472,0.7511588242278261,0.841080108974989,1.16293703535076
real_0209,-0.12328038103629867,-0.19563071865588877,-0.7630320724631816,-0.16530439598407443,-0.30328187281437957,0.07329325545011443,-0.20916516551410344,-0.09801133518778608,-0.23602014099162452,-0.3751285645951309,0.4810021156619607,-0.01616996507910342,-0.39359704894155845,-0.35055169433956473,-0.05732869936169074,0.2589485271356719,-0.14819240156454463,-0.8204759783628214,-0.8281262356937265,0.41879103116779065,0.276636168390239,-0.03299321586538898,0.09897197211655814,0.06906695866044993,-0.37803519593336493,-0.23697117997008746,0.5416739221645512,0.6162882362676717,0.3805619102823019,-0.6698839158754724,-0.16970501722809306,0.0864984623619593,-0.077213685536756,0.18879730276308881,-0.514381065532509,0.0589811755293304,-0.26922550908646065,0.14580952469920533,-0.04657420697751864,0.42431659941169686,1.2,0.7978410494150605,0.6618615464263915,0.12057505553399998,0.4583399109996904,-0.27019737107366953,0.001482187645492002,0.1328072188016145,0.5015323722815264,0.2146816334932105,0.14763488160621552,-0.11885416799303596,-0.3094800721317745,0.8108511335660286,0.37864425900551246,0.15348892155300595,0.5393746423296878,0.21494168035732364,0.3493159076348409,0.11920572178023045,0.4421799761142903,0.3426609841435202,-0.0635609674774213,0.03821718089503292,0.019795392550084487,0.8682771449606874,0.9160641570925766,0.9361786805978204,1.2607130135616176,0.9978013276286072
real_0210,0.6214430571530436,0.019599733723599532,0.2866163192593297,0.3381043397259175,-0.3801622611258761,0.4465968412873136,0.10567846185759294,0.19434109596646618,-0.8566973668671479,-0.407208708762681,0.7387256882775616,0.4415772595621048,-0.3550826840872426,-0.5484017135776932,-0.3684681504171328,-0.08056238845810859,0.35977362491342074,-0.04741290873309112,-0.11191347293191925,0.4303446175484334,0.16232217019423784,0.22921216986289997,0.029899368361381806,0.01029847555754815,0.7800931748613696,0.5088464708075349,0.18380007392525408,-0.4377543728247662,0.03669939128706273,0.3456050205495598,0.35250937571090063,0.6509933363380846,1.2,1.116356300572139,0.5741505145074295,-0.32627723574732265,0.7855484098119351,-0.0970250709053601,0.8495588554678878,0.4113889443709558,0.22706909060959665,0.13388146613239343,0.08879033307907525,-0.3097959065283936,-0.20352506832138656,0.22756634186803576,-0.20022406408518673,0.19091582694992196,0.5594805209359828,0.1661693773826487,-0.2654682129964974,-0.2491580580430795,-0.24458066223758776,0.46307654633062323,0.4718491538227952,-0.3878651560529381,-0.09378236205998447,0.3504497054711742,1.0,0.6646354635982891,-0.523563299584716,-0.1610716381111864,0.6075806544159159,0.8110112921155531,0.5529440401480693,0.9498814838948781,1.069762031425046,1.0434462389621049,1.1680440325388395,1.1282999527692952
real_0211,-0.6810486926827994,0.07093332143385786,0.06842920646487888,0.5261218171743504,0.03451069591153137,0.03476777873413613,0.30306107370761687,0.23172074750375785,-0.8642601548653555,-0.5895904721032156,0.19383327613995177,0.4256461952311379,0.23694352506312916,-0.30023141981455004,-0.6105841897402656,-0.9704981439521888,-0.15322043614443145,0.19329079753039088,0.1603050284032751,-0.5852457098209614,-0.5325035212170893,-0.547670008746941,-1.0167103893181373,-0.5670820076875484,0.31164089125641387,-0.4012466398970324,-0.2951766121535922,-0.10501934137160507,-1.1649289051143197,0.22167937384823486,-0.5258328661988398,0.16423678724480226,-0.5348573079655561,0.011155754886996824,-0.2705877661623768,0.15091133261988507,-1.1684667510754632,-0.1322018344399613,-0.19872813585404378,-0.1226576102755386,0.03882346478554903,0.3550990431598662,0.24088880481868136,-1.1087877109337332,0.36180264945521984,-0.2572616601477714,0.37592508267776703,0.6166545119499416,0.18884305569404047,0.054981857774944534,0.29730445820221413,0.29698988148238215,0.07195495529034887,0.5635838036662143,-0.23572820912762182,0.3711205191745947,0.33659167666077655,0.38251676633570786,0.007948214074924187,-0.16636237707877227,0.07213122210446418,0.47764709381149983,-0.19573678825938146,0.3162651148855391,-0.23238173571115162,1.1373853813534018,0.7658562470508335,0.9595833509221192,1.2974796579371726,0.8952878140187404
real_0212,0.6816554034652291,-0.17279216788090504,0.44771846632827456,0.09609333019906204,0.0619571141840508,0.3168390059377043,-0.7613677118387099,-0.34480509766037687,0.28783211754202315,-0.28243136174428196,-0.20608531201168975,-0.34293924192893027,0.037604347361841456,0.32805069032917766,0.7350981905139764,0.2086777747180952,0.5383905948886226,0.6349897623937097,-0.31867201320632627,-0.25769194056164374,0.5143184799826566,-0.46171061730280755,-0.4696251372946168,0.34036050345773156,-0.09589999073170836,-0.513091360036129,0.16803957449889786,0.4148667466212835,0.4702402299861614,0.06607333230771624,-0.009536770847570993,-0.0881765347398251,-0.15004464072284104,0.11160548233200479,0.5732772254300612,-0.14582446095486568,-0.7192327794521364,-0.17628598678681304,-0.3589567951358291,-0.7268079200764545,-0.23033462306857838,-0.2725460228719042,-0.36511209405036343,0.05327170161318021,-0.6463554280382132,-0.6022164973634132,-0.6044341715664965,-0.6790343639769099,0.21160611271959726,0.7691790849057766,0.2961757787002793,-0.09386747564562181,0.275438040004796,-0.48129658213090093,-0.44699399774827125,0.3907608739682705,-0.0027067511255947493,-0.4127294049964387,-0.4219033469010867,0.003667242892182305,0.5094972724147868,-0.4941653200402907,-0.7549366083364019,-0.4173531869307128,0.09995878650311364,0.8010410923390654,0.9554014955953547,0.8844211783844689,0.9456651232625416,1.557432960352387
real_0213,-0.19140873597489472,0.12765321855465783,-0.1661041293155172,-0.025159677952914766,-0.1573204290172414,0.15105583618615384,-0.34574850338304053,-0.22918192772877702,0.022628666427454428,-0.3128614883135512,0.18921785043947634,-0.09615860729126119,-0.06288267453973563,-0.01198255349909121,-0.20816141139924021,0.14315909540793498,0.23686560143559698,-0.5877802510058725,-0.38309085343001675,0.49500456266976517,1.2,1.2,0.09795280033636186,-0.2604703149830682,0.36044966642614723,-0.3130974723286532,0.6459242810875041,0.5232861028860414,0.17069948234629861,-0.06998294778680594,-0.17292198653466495,-0.28617877236522626,-0.1268013828939624,-0.3235548286020749,-0.2656568821573486,0.3220727205620384,-0.39220018345420865,-0.471687408483703,0.029051929763948017,0.31293525834531893,0.18594269304180888,-0.31430235530498574,0.321957541664312,0.22321794668605024,-0.7425022128898608,-0.2570373675522412,-0.4149190720180625,-0.47746863263447453,0.2180150661031514,0.25792010851844305,-0.08057231938808938,-0.501326140940575,-0.026634451844867593,-0.24566632809832126,-0.6072473197767672,-0.29308606630663103,-0.6314557513147413,-0.3830918434888676,-0.5331183718130484,-0.4677224216594822,-0.08229325386896309,-0.3308365558789849,-0.048634884690946054,-0.0061485435013892255,-0.06756793531219074,1.0045947238891626,1.0149216209523608,1.0505769629939798,0.7695502317446465,0.6080173958923754
real_0214,0.07705657926292518,-0.08765995934339578,-0.20820323356888978,0.2961874063465084,-0.19030501334667024,-0.030267438381755035,-0.6120718423065855,-0.7576601022642533,0.049902093306120596,0.28943005507344777,-0.2253009411505371,-0.2466321299873314,-0.14007751171175511,-0.4989808784430275,-0.062134933331772946,-0.00478662155923947,0.450396035241418,-0.3554579269241171,0.13055583512927804,-0.08240856772919665,-0.06748457671895604,0.07139094883893449,0.3695886438507057,0.42690055170977137,-0.031582048564691545,-0.4084189839793448,0.20096767624612533,0.18899221400047322,0.13376119696749666,0.5628570510172566,-0.07375018889255226,-0.3223915999842304,0.2645205922679076,0.8261101274525393,0.4691143996846792,-0.09662605981078669,-0.35461288727864027,-0.13115277656042307,-0.42233997379183197,0.12199841678904147,0.09831097602390515,0.2554239722865607,-0.31689733665701186,-0.6336238759468212,-0.6235325270127325,-0.23177849308435444,0.10755301984561004,-0.055377474309174744,0.32719940614480464,-0.29366845908515404,0.32866667265854793,0.10824942316419886,-0.17299741559935,-0.06361098908278935,0.04721885421460794,0.14436884306017983,-0.29585911770043105,-0.38338738738361894,-0.4867796218216034,-0.02488221533960877,0.30882639350154933,-0.03731834839294672,0.11654409322961436,0.06477246317842895,-0.21235898847946408,0.9273745849999633,0.9870849022268428,0.8992084517178779,0.9519125605859314,1.3152343308907462
real_0215,0.42508286559750114,0.6592720863105224,0.7417504307506013,0.3904457568254375,0.8127753521707796,0.11872884605297654,0.3994212435692636,0.5320189990241543,0.20098929730147513,-0.043201032031234765,0.34157230946786415,0.21295802578824485,0.35291076815574995,-0.4176375195860167,-0.02323406283439025,-0.43438556889732427,-0.15270447365771492,-0.23283968522394824,0.556479077397545,0.22809225593984567,-0.41240024427913663,-0.08292992862289639,0.39540526716861624,-0.17600458063115837,-0.18648102664783722,0.47819514827603765,0.06256436288290741,-0.8126738968056844,0.38910239722400336,-0.03325075774429171,-0.2758219834133256,0.6051997917647648,-0.05411076441734507,-0.13095212986961222,0.19410105386606372,-0.3062372520895744,0.037426387784319004,0.15119997691467194,-0.37910464414998485,-0.6584338768940723,-0.2575738512514776,0.033123971154277995,0.11181920304959511,-0.08107062066969647,0.03428721627951468,-0.601550983804888,-0.219175179154541,-0.5418516876087855,0.11992324112095912,0.6452446691151854,0.07646377923222157,0.3719179192488508,-0.2609316928053739,0.20994147380572137,0.16370819225453795,-0.6322518532630008,0.13344204330826223,-0.2055296822699289,0.09633818242190428,-0.16195896908762467,-0.656344177799564,-0.0768710898959745,-0.21288557551816387,0.08643647953048637,-0.30567453275701756,0.9508490358457059,1.118620918253512,0.8743867832549252,1.020406259448115,1.3419768626802426
real_0216,-0.010383271283706133,-0.35463025016979516,-0.45082971763900725,-0.7007037779997556,0.0784659695772418,-0.3606103777887781,-0.6740728671592693,-0.3695761150523921,-0.46231658918580076,-0.02201145412053598,0.1790272787823514,-0.312499158897332,-0.1195966560446585,-0.08684010815565019,-0.08466462542811307,0.11940405023670812,0.4692182721454585,0.11170038795699389,0.8422950985743878,0.8798743478173093,0.5752584408345527,0.6332476415600868,0.5715792879441143,0.6702977406014278,0.9413170373412448,0.42864433801454105,0.7300671735664529,0.3464701357345868,0.6271872510842987,0.7982522621635298,1.0951719688087556,0.6634900767565023,0.5791599853569074,0.6488644871900577,-0.08397706005511217,0.6850274156006333,0.3879632556311855,0.3996566744687722,0.12866119931814463,0.6794204981346884,-0.09055483649396927,0.4280365489801303,0.34810506914068545,-0.6823476473392391,-0.1828254794277149,-1.0474577629108233,0.23451236570177925,0.4272903186736784,0.4268092492240846,-0.08304918962495635,-0.3697904131506807,-0.7276451292827207,-0.5414052592802905,-0.42843049728393484,-0.10825464772747564,0.1917811016529192,0.04429514853790084,0.010943490772374356,-0.05915339291078151,-0.32683671795164543,-0.3470074589624064,-0.2785953305967518,-0.4126250142678611,0.020912845458175844,0.21615842965172294,1.1504136737956907,1.0516967839354079,1.062290566860688,1.0157977432680019,0.7869602985086015
real_0217,0.005002490998772204,0.029948255595316976,-0.1677404775829285,-0.29641944163552547,0.27157904030782887,-0.2546969730577996,-0.7379683902036237,0.034064803750955906,-0.7311605422906231,-0.5133931595865722,-0.4355863895243534,-0.0009001097463314685,-0.405138636719257,0.05727376636690007,-0.017962372796609727,0.4744432555427388,0.09836347146974314,0.2800303222533241,0.2858289591569747,0.25968931811619966,0.035983132748645445,0.04711218312134356,0.4180474180301408,0.3672222576167066,-0.37407350045690285,-0.3546363861067193,0.14172419308460812,0.43183358079457074,-0.030405327792280452,0.1015728733201575,-0.25692461620129103,0.26005012558928053,0.24420717638356093,0.08164983910948473,0.525828457504609,-0.5289820816437574,-0.056750123595480165,0.6221355447507732,0.8393964601285205,0.261854870633096,0.08246036805814129,-0.37793548750444167,0.45288687686314905,-0.6412596957569422,-0.27316399491934074,-0.09922083307106756,-0.12108670546145402,0.0773306920357398,-0.26599904679235514,0.02546833474576597,0.1862734906455704,-0.13591428813488926,0.12383403443135448,0.34580043031735397,-0.031471419603089475,-0.00538663826373928,0.001107465095724649,0.16691385054227045,-0.5647614582552065,0.16687496240588315,-0.22763143182895412,0.2754040827882804,0.12075806895678061,0.17364481849054472,0.2232576171517605,1.080717315550589,1.1002489027161995,0.9196014839741591,1.2267360957513405,1.5573184026389932
real_0218,-0.043904592949927185,-0.3351778205258373,-0.39879997114599824,-0.5453475063798622,-0.49145642126906164,0.05578585901099489,-0.5758484025132469,0.26234989243226314,0.0629602030586424,-0.38242248346351865,-0.026512189026432317,0.11516102970030748,-0.10708430902933673,-0.003387323291974344,-0.17145220653710713,-0.4562305155775599,-0.905231000994267,-0.8176925373084322,0.12964336615396663,0.34908014509929697,0.22925397200108535,0.3598812465543427,0.15784137620448155,0.3342652609195763,-0.017824894127343466,-0.011191323940146408,0.20711475132834206,0.39204756247530564,0.3915931657132561,0.4441889558046445,0.10597336647221262,-0.18220281926113926,-0.10090738146952802,-0.050130323517383925,-0.07404470251275157,0.6309566420327609,0.06857013552047879,0.1265305966641621,-0.560926014316251,0.008937112848612008,0.25284334948135684,-0.3307080486846006,-0.3188284035584961,0.45933165753054916,0.5374531400403999,-0.5711888489573608,-0.4142406849538155,-0.6269770714252103,-0.33720751314171854,0.4814163514807839,0.12108394362317934,0.6458878542108777,0.2915600601008326,-0.23553337168876526,0.1564904840458483,-0.5322057482454915,0.37282192311658613,0.6083693299384566,-0.2848040068892151,0.44408471587332066,-0.12764532704892714,0.22089096139278172,-0.14580255882624085,0.04998364900806353,-0.18992969782909055,1.2006097161164115,0.8967441576653861,1.0488208777956705,0.9277459149993109,1.2488725707363295
real_0219,-0.4376246952948469,-0.6771370448268753,0.17719905926756116,-0.5651438163308098,-0.33824028757592495,0.0518302270670855,-0.2763286341291889,0.0476575948796209,0.2741002655279478,0.12580810699437137,0.49852602252050215,0.34293495148189945,-0.23710202004810876,0.12725623356322321,-0.025743169214222848,0.4665148215928009,0.558693265424322,0.24192731320794267,-0.2898233898022356,-0.37517520188723974,-0.17051575085381826,-0.2094473282493919,0.7724238176239239,0.3166917668527117,0.36575122726063,0.2101114593332059,0.001015520765926184,-0.03148709981896172,0.197090039879998,-0.09396166280692467,-0.06169905990744914,0.3520860607601754,0.1975970654847855,0.5090441433710647,0.18680762044345697,-0.7191456365854145,0.2503575151718996,0.16488804267447993,0.4441835329935858,0.7064706753674908,0.35686537431170784,0.05077774457674118,-0.6580323951202239,0.40969946405628077,-0.6962378304769739,0.42893719561221444,0.21358848834259997,0.3068149813743871,-0.781080965562606,-0.21497478875137696,-0.3207245809565496,-0.27627013448451976,-0.18884928310302876,0.4150859778059959,0.3644665254389231,-0.3071530492202347,-0.6946492870871619,-0.4476523602058994,0.32550979544705644,0.4870738691233584,-0.41110675860638535,-0.3574579472774486,0.2585407213284007,0.45404379126865424,0.39124954080723323,0.976824148112515,1.1346723112615822,1.0546408045704245,1.070406894360585,1.2427847517057278
real_0220,0.266396377753,0.5347283462594838,0.08818091175197319,0.03133272039873678,-0.0898956820222692,-0.19197949077701784,0.5862399204945503,0.3766054875527898,0.22539560031840578,-0.2503769020917423,0.20045162325620414,0.2777104384679571,0.5585767589790048,-0.034266313543450874,-0.3447699802884564,0.12645185623017485,-0.025265530360644627,-0.7010929778987038,-0.6037903182024046,-0.642198845777511,-0.09707919119468279,-0.4276719238267488,0.3341710089859403,-0.0812916001460224,-0.9094963611138647,-0.8008306806223707,-0.23151334754975603,-0.5962788772995312,0.46423230165185964,0.28474480260227847,0.35185196751708525,0.0011818233279605318,-0.6311502049295086,-0.11250726923573903,-0.16843630961523395,0.5369931718852501,-0.44816201076329654,0.304595608719966,0.5357925827139915,-0.4360092441651446,0.31907900775859305,0.6616124712229845,0.8176662436937657,-0.9372784299490574,0.18083479231501465,0.19655818811177664,0.5190221300226016,0.18820950034019268,0.043728450647845064,0.36363501865142045,0.049805001344351195,-0.20272409380546652,0.3135016276461584,0.5955105544637561,0.34526798961646177,0.5465234835329196,-0.02775352793542735,-0.008159331714774246,0.9720473089313799,0.5789106790928434,0.7258902032140689,-0.2003232062518837,-0.2716122597906545,0.7705900521439514,0.33950905723707164,0.8956086082493946,1.2443405421435987,0.772114199781685,0.8022745701130788,1.0070055467564691
real_0221,-0.22778062663324872,-0.15811497313156667,-0.5065476005939672,-0.09619761833804617,-0.028533393880305815,0.49454950733948017,-0.3815511499559388,-0.5947777595156039,-0.006658532166251569,0.020805584823021604,0.30855697621706935,0.32758639474965806,-0.22835536046596153,0.07679089066368756,0.12565956663129865,0.47905363248309096,0.1473748838724811,0.4742144985723558,-0.15704724489430577,0.8782116480767886,0.9913672875175142,0.9747115855514717,0.2726796024162736,0.47005360244468625,0.2235122895514925,0.2539440449066285,0.7699567510136766,0.8008186720131193,-0.08772554089978395,0.08292687123433831,-0.33073108656691275,0.5230950509005716,0.7827256564656565,0.2496542010951975,0.26390796548293727,-0.20193561524455164,-0.9920214278386507,-0.5841839693012513,-0.25740097475256923,0.3341894620490548,0.744856612374365,0.4052520909113403,0.12834287374323453,-0.7689780267621671,0.09207044474666663,-0.009720251469523091,0.6909200363820843,-0.05696900497615539,0.28448467814542516,0.12160634332151421,-0.022115732516707915,0.2729692943110634,0.05116150772888278,-0.19949087445574326,0.005861588380903477,0.056448745653951714,0.24918860710463017,-0.1597353838373139,-0.4659137376881719,0.06739220688318559,0.1599407938535007,0.14617909402961518,-0.26209647289277305,-0.14085769533769305,0.45759010594164573,0.9664211774679251,0.8544775720522881,0.9037517752269175,1.0900634556087625,0.9456934604453309
real_0222,0.6807422909579826,1.0,0.2675487772231248,0.1530818802859842,0.24594557050791224,0.4323944092161101,0.1815590538174127,-0.41965546559831685,-0.013156688498959544,-0.02855923593598132,0.5274834801682428,-0.7020906624923966,-0.2517953241372061,-0.20413855316006627,0.049276178050871894,-0.23923311357465438,-0.4905002740302568,-0.8367370663597743,-0.24422774757758411,0.26063599308742935,0.4964678473516528,0.001117507398776304,-0.023751857511435603,-1.140291584631665,-1.0610121167990127,-0.4182914825382921,0.30510791563738404,-0.040379666631652926,0.17954289017154673,0.21479481836657036,-0.25733685152400354,0.5227143543343575,0.42504290504592285,0.04172174340064536,0.6167436143943088,0.9543392643620868,0.06265044846762405,-0.20242241666221886,-0.292368024925931,-0.16649372872702323,-0.6801288909468655,-0.021379600258333402,0.2353348637938106,0.49904411129127835,0.29040102609273893,0.45064102697786657,-0.08869974488983966,-0.3114083240169308,0.5394301997179838,0.07175854656915892,0.6654826242691743,0.7195473382523311,0.3492909640454557,-0.15977091210728497,-0.05127265814056359,0.9783361779992074,1.0,0.4488419477373558,0.7112492847670979,-0.16352392104574945,0.5780980589251742,0.25036350812684394,0.33043190109984866,0.28948495980422545,0.3560617149885088,1.0363745186906832,0.866845651642816,1.2875553879832924,1.0006217100371273,0.947647793240098
real_0223,-0.40806948942195476,-0.41740507650356073,-0.5702031595084268,-0.3636448762672161,0.058150389175623936,-0.32621058719921975,0.058310725436794934,0.1303881238599752,-0.32395429957120303,-0.17391248425854017,-0.1376309698000935,0.4991220618605077,-0.017351442133596334,0.09695811927796501,0.3106834316229108,1.2,0.28557282421721936,0.9762317534353767,0.04354771300268598,0.15826641862819416,0.5780027175525525,0.21463051509348943,0.6203801329505483,0.31531495807223947,-0.7331295875922125,-1.0677212369380351,0.4053703709967677,0.35658509357823037,-0.30422131006752295,-0.2508152306069436,-0.0053133891187787255,-0.46036832377242526,-0.6731324695438169,-0.568431345127936,-0.21279375789090083,0.2578811420769079,-0.2907531677719726,-0.845456489728962,-0.7287559018834625,-0.1948262941464015,-0.6427040807463622,-0.5884479309994398,-0.582170448845875,-0.8349731852347488,-0.07010148690635981,0.37038147829904955,-0.5068441133472829,-0.08411203086313235,-0.2722416103808572,-0.07973283948113104,0.08965614973970537,0.11192295568696481,0.1417238599682961,0.44929259383938985,-0.20947554741857344,-0.48465382689827424,-0.33055788480917203,0.4330227439619959,0.7256149948174286,0.34254113147189236,0.23427865620317234,-0.28862150250754026,0.6122961810290188,0.9392891231667816,0.6720006823997864,1.0264860037680568,1.200367650448035,0.7675840974531426,0.8500373323430965,1.0976326490798793
real_0224,-0.5533598433886342,-0.05047617595554027,-0.1738301470289082,0.21679742451019346,0.5752415612834172,-0.25465365363389303,-0.5484473221287557,0.20216971385303448,0.4180986190345109,0.15014984588846705,0.07571281493721833,0.2617432595768054,0.04085672422531346,0.12889683002381533,0.20716448736018728,0.12212894534578343,-0.1698796675455368,-0.5248486979850484,-0.11871669862595384,-0.09199504257363794,0.5105522203121894,0.034731389556322156,-0.397230472540781,-0.3954864652950149,-0.13241049050925946,0.5461292048050053,0.2435592133028583,0.48964902792388215,-0.21116125985014755,-0.19226942213577822,-0.19892487186496585,-0.16793047194495656,-0.0832948976248195,0.3154600576806993,-0.005652233908647036,-0.3467153344398023,0.22124777131797677,0.2366295088848641,-0.12840287513922996,-0.07556731822697392,0.457227183109712,0.1428159936417308,0.5661144558502673,-0.7828096887519346,1.2,0.12032255841155215,-0.013965086507886765,-0.07779600227380623,0.2509578389797165,-0.1053967542006811,-0.05268009897643041,-0.28077786422880363,-0.15891181220438746,-0.14738211670312024,-0.23156771645276436,0.10434144483371637,0.28544074681431475,0.39370406242715345,-0.34328479613677276,-0.5515560433513195,-0.08145513679192633,-0.5266489879161764,-0.31513286265350143,-0.49426087490822074,-0.19736246731026236,0.837341789164995,0.9712984019957409,0.5766691102058938,0.9528341275650294,1.350296568758474
real_0225,0.2046231965627646,0.045650168178046804,-0.1384777520929613,-0.015788550027938275,-0.3506974981630843,1.0,0.3076940557430794,-0.4471519562196702,0.12382590306965656,-0.23348791928471163,0.5728956874305137,-0.5908581082781241,-0.7066838675676043,-0.31375884875614024,0.1672720181033941,-0.16591980897338593,-0.08288084179504633,-0.6206083686213799,-1.2,-0.6055784026551362,-1.0511426158598214,-0.4936176450499693,-0.19981468910050715,-0.369241415022927,-0.6804076238827119,-0.3135745867377349,-0.24258406283851192,-1.1520948770960313,-0.36253013551104685,-0.5507722366374315,-0.5914551882171624,-0.002707886549313231,0.10536927631779511,-0.19495560002171888,-0.518509630089348,-0.29274829823125387,-0.5984925867858678,-0.17103628588956865,0.261553372384949,0.15102190900638066,0.10512930011299369,-0.15285660566904927,-0.1282688462221993,-0.28659141916095315,-0.06814527438962677,-0.05836745477846364,0.3480468399802446,0.18833848038360648,-0.09536645041259746,0.06094219693375025,0.7383606245154851,0.699850607406636,0.24320342582913912,0.36438121457794864,-0.1658755457830504,0.10657633795376255,0.37567849689200356,0.02504080771990988,0.584959304892751,0.3671613655657329,0.4770104391508704,0.0716738371900464,0.3113083600234312,0.16965307617936434,0.009578150899206255,1.0135734672441812,1.2105732088099836,0.6276309693514976,0.9631648506969557,1.045328554465355
real_0226,0.021595900276124045,0.030827827431454874,-0.2630183901247752,-0.29466661154962476,0.11615923970162716,0.3168320105212601,0.26648278510865725,0.06635162027654343,-0.20685857628297422,-0.4364010100161252,-0.11318916417826665,0.2462473805665192,0.3934625632701562,-0.5071085440239049,-0.16852776862021956,0.8436002755625707,0.11960277200939319,0.3782937016144599,0.08638412574965154,0.4776140741970155,0.24850669891800892,0.3040933863407187,-0.1583344628916647,0.26066646647367137,-0.22538248047554144,-0.5009661170978761,-0.46744364873084704,-0.3856629352593608,0.14454131309025842,0.5314598797329464,0.5674774152377404,0.17963332531798404,0.25479951798483635,-0.061216754136518746,0.594446251791457,0.20629026144909016,0.35688416383021854,0.6682223145820323,0.6492505687066719,0.6158490942115588,-0.25609739327554953,-0.04981463010010413,0.16255332227083605,0.49331374643826187,-0.07810601181373458,0.43115708322612356,0.1714499086031987,-0.7363616695252327,-0.6974941540356554,-1.2,0.3728188266013127,0.4330471529138267,0.30562011033976283,-0.12010098217186821,-0.08740880864708102,0.3316971888186901,0.1642966852930869,0.001466460110030707,-0.25474894613730054,-0.0072036422449308045,0.03262268065082371,0.17612712401195244,-0.3203034039390126,0.29292067305532055,0.019852208838230818,1.0342342495208359,0.9336196432161724,1.0058219893153337,0.9459689741325807,0.7721390942156774
real_0227,-0.22562368802380298,-0.553562177291872,0.10386579035889389,0.43070822696246963,-0.6271534889887004,-0.07275663943265641,-0.1883797092980629,-0.21414169471779795,0.15380936407296492,-0.11119510087936195,-0.022111659166938177,0.474910687985076,-0.1400400490442896,-0.21534073179833998,0.021718217625422368,0.707069896376943,-0.15924243294974277,0.14045750639262622,-0.19925772969489708,-0.3097053161473305,-0.0824065557309445,0.3700953710397684,1.146773826834665,0.10011759124004678,-0.07357487698148794,-0.34744576838807306,-0.18476971890738003,-0.29890329571639,-0.3494987542134723,0.46328817244205084,0.523449570937901,-0.61299202806464,-0.527086718793668,-0.48168655408228794,-0.7741695653836399,-0.019363462204948,0.8442554592625092,-0.28773221138797617,-0.8264136801407482,-0.5472468189126146,0.17188374786355765,-0.0988740187602967,0.5744738281917628,0.522836582024043,0.418569401102696,-0.4321369083554719,-0.2974969621885708,-0.1045539044928593,0.40421900818855405,0.12459163755762506,-0.5731352957827337,-0.1248303390699942,-0.5478118923736321,-0.036634928758547645,-0.3583416201555836,-0.4464775852571095,-0.14755878089931615,0.08642514994386558,0.2370250163473648,0.24334427519162383,-0.6374247278268613,0.08671068770484087,-0.21943450406436218,0.39407692381015663,0.18155236362267527,1.377621105630088,1.2182568364406068,1.0061834556065399,1.3542682484535367,1.206106765596245
real_0228,0.2929711366306526,0.1636372291594059,-0.17798037697330982,0.3783797150110065,0.16898087159595257,0.31942708318094987,-0.11411906308855774,-0.6689173463188824,-0.09731540448375757,0.44669735284418716,0.7327510927704766,0.6158488958058609,-0.38973215711187814,0.3927240524263876,-0.04481539507264743,0.1757303265667509,-0.28738126750434284,-0.6487345089449574,-0.4673801195656117,-0.5583051189485096,-0.2045781416749677,-0.4123511699075288,0.22329036593819773,-0.2935834346607019,-0.18720286275555767,-0.8279656399361589,-0.07820181799772172,-0.15402414749312018,0.39496972582803974,-0.002265869561960255,-0.28035121143803865,0.1964404229688627,0.7445595040973924,0.30512338128137645,0.7340664669392128,-0.16142826591799286,0.5003958539089695,0.13828144363492778,0.3916090449025838,0.33765632740553264,-0.0747515196708877,0.8785979200011532,-0.010014648853319109,-0.7279931040091425,0.15990100905517887,0.03577665104033269,0.21533091233266247,-0.0544069330377019,-0.0028810145750149457,-0.2990726602243825,-0.4191276735637091,-0.11067271243594451,-0.45545953650618254,-0.5346549351814959,-0.2656881005470891,-0.13961521901255003,-0.040055537397534334,0.08803347577960402,-0.5341720795088462,-0.6221441555270942,0.12713617934325588,-0.11160826942784861,-0.3229676141435378,-0.034306618586080716,-0.05693201901099787,1.2815266916922505,1.0197228725208178,0.9764778289149758,0.980310799538424,1.230287686598698
real_0229,0.21903781898753263,0.11075093672190722,-0.015151917484205484,0.3852390001906646,-0.11732478625104298,0.5796856666296882,-0.09016966657696263,-0.27080686450088526,0.029435874247114868,0.4658830131179439,-0.04738199727935571,0.07045993666339335,-0.027661733278315014,0.44096369569285004,0.36295655024314444,-0.2717061940284131,-0.16195515076964892,0.607804818558345,0.7111252534059845,0.1251625218476637,-0.38139960922962385,0.032142586750786205,-0.5965471632836961,-0.5724780194585214,-0.03802744637345971,0.7062373759631251,0.25404627193091384,0.2558493068963521,0.00402293288095441,0.07521731681485055,0.2551016246129108,0.6274170666199446,0.3824188535077656,-0.37043183901267396,-0.4848388363066837,-0.0943694047366178,0.386275233484827,0.42061678389436336,0.5647588231011222,0.12633876226132928,-0.23710612694430225,-0.7148755958579953,-0.07993503385346076,0.6994275543839898,0.5317199264993222,0.5788497247523263,0.05145134459174008,-0.3552458328730787,-0.6210235893681069,-0.8334008572398555,0.411449927220536,0.449192311770266,0.2669328037305321,-0.7070603785238825,-0.01725184757497385,-0.2512867494365605,0.19882977998837123,0.4435527910175742,0.04210717240777508,-0.13911458139719093,-0.23910437824380856,0.1827742556522002,0.14261943151772372,0.0761127031809828,-0.25006671572929146,0.8720134974161771,1.0387343234984043,1.2428379657857003,0.9512207779645324,1.1636648821119464
real_0230,0.35443355961732786,-0.11243157323093246,-0.18741360444643027,0.4396985921008313,0.7469330471979047,0.3610355054226918,0.01810468924050714,-0.05471471373903713,0.10733364476207732,0.23361531803581462,0.7754718348655383,0.307216430038495,-0.44965856558113926,-0.29753987747170163,-0.05498352507737302,0.5020299499999967,0.001476667011415437,-0.7288137263852614,0.13457206514862838,-0.02574155977799547,-0.9700012517368967,-0.14597890358256221,0.01043344196948992,-0.27688110965804613,-0.5451861098619424,0.1491018040822737,-0.5736328664410538,-0.2760439154988536,0.056678764068674586,0.03867411431606686,0.18202723833943116,-0.14172828513361968,0.47427359467489477,0.1598306857036653,-0.7593050413114629,-0.17432520033262552,0.11702893992869365,-0.42546898952493073,-0.10975731181241154,-0.2552926310608585,-0.46127576370677004,-0.8143893621801974,-0.35562841987549176,-0.08632788720654128,-0.11086724569520455,0.09471225855811213,0.0065903125031731465,-0.07508496156775134,-0.5076331123984407,0.22262210794875906,0.19260279495530006,-0.18945189446795438,-0.024666700402637742,-0.26087515797831956,-0.1507648629303136,0.6007128273646211,-0.08920769636758404,0.17556040527200453,-0.18833663460052383,0.26472189777154076,0.1256853709889767,0.1759304155016562,0.534840338085833,0.47755791699982114,0.34724275216015216,0.9568924957676236,1.2347077032504856,0.5,0.5805098084779716,1.1863747266312457
real_0231,-0.11750620898105126,-0.3408345700909386,-0.00807346398691434,0.3610722746491858,-0.37847684906184664,-0.0773461514877588,-0.26150554218622024,-0.3092373580984936,-0.017060390605980618,0.720407212506904,0.25710522276668424,0.513985384687908,0.3341422633583142,-0.3255669833518284,-0.007212565599020123,0.09864466094827262,-0.917400817720763,-0.806330045277762,-0.4671835779338195,-0.4353516384894034,-0.46701367136262034,-0.29524069054128993,0.1441073456228671,-0.3646897341578671,0.0697177154167536,0.25673023087202296,0.108345346957048,0.444026517257342,0.3133856126090589,0.0154401405056127,-0.18297621825610882,-0.36552731991608906,0.109291561043692,0.33222943019396717,0.4041135122187865,-0.3260846160538109,-0.36561069558020826,0.8892930286097545,0.25410312912810007,-0.2522855867728359,0.3470275403405762,-0.04701232996624789,0.24947728023964855,0.12717236791046693,-0.3104821345445437,-0.02814458651865915,0.023849119642792415,0.4146240601644349,-0.47136381253813114,0.2585517992890739,-0.22106675888024221,-0.3953259774888457,-0.06879961676671831,0.20380981210490332,0.07785061687462483,-0.8281310528272227,-0.4523597508967969,-0.43674732297798563,-0.19648579604683947,-0.299765123575521,-0.5572162687325183,0.15270915877895774,0.4062364028987404,-0.106214613493878,-0.5685485678851134,0.7804836997244495,0.9457344283833743,1.0791867748861648,0.8211585296041045,0.932267967460548
real_0232,0.01649731285195416,-0.06407204687992343,0.2682816023019415,-0.7612404450220642,-0.3529164928156414,0.12272171185995757,-0.02900369121843909,0.35420289790944,-0.23583349962714986,0.21206125482359744,-0.49395852078745345,-0.024320376595966853,-0.05116614650529184,-0.1875507635377013,0.10742871540132491,0.22532716325187116,0.2417507155793427,0.19700109052092082,-0.5037063810049351,-0.12360856163483999,0.9293570266666835,0.9314128098363178,-0.15037451466174645,0.08448181891845218,-0.33386326289415225,-0.7807450719113754,0.11699942074558456,0.883385802747148,0.11456075133009677,-0.1270652165939648,0.29933554094695364,-0.32424654845841344,-0.11832028406124823,0.29712860829331555,-0.3514086298482739,-0.21821625990686314,-0.10504162599611375,0.4612831964145797,0.02860952621489843,-0.17531312792689732,-0.6202744534146952,-0.5470633764474387,0.026119000894643543,0.44518787525706127,0.949654527478884,0.8149823308739271,0.48703391614318037,0.2004566065350172,0.2824540523410317,0.14847450409709906,-0.4095169874443145,-0.6239465516121532,-0.1521876389742027,0.06520299314266209,-0.010223834838560058,0.3747059471353118,0.12143450877417143,-0.014001954741488375,0.2601038496081546,-0.44856269253970127,-0.17425644038902569,-0.052775266949380555,0.05340858748185648,0.3107143242965674,0.18738145262465175,0.911393947905477,0.8588316856112562,1.3122876403607147,0.9473853151087295,0.7677527082173551
real_0233,-0.21306663107411297,-1.0,-0.17662705265030176,-0.013293945458456458,0.17682570521987084,-0.5568878002238464,-0.7519740292181054,-0.47772305752082994,-0.4773172677483064,-0.2782349294492845,-0.4881045421664711,-0.6531191735403108,-0.1718054693901024,-0.3932438292662371,-0.30013728769943443,0.08861919896641794,-0.13598650274311433,0.18928179790011826,0.3736515419893945,0.854012060703995,0.3944964347279067,0.37887032840207446,0.4026867886336716,0.5033483826497885,0.9855026724076157,0.2789917911511034,-0.3247907307471404,0.2325466272919603,-0.27216403987067206,0.39620104839591946,-0.015558273044459933,-0.3473934025455859,0.5713994125796148,0.3819715261344778,0.04903669436629247,-0.09324355714121445,-0.10182631400611704,0.5758890219537487,0.9270148971722237,0.00909098429125102,0.1942852016996522,0.4089252004281194,-0.3946957592940734,0.840694412131423,0.2257889254922444,-0.3118239919078539,0.3253903948700796,0.25357501829132484,-0.14669408156303967,0.24011321183363263,0.05634052638103403,-0.011682066033902426,-0.8800694052418375,-0.47383212607895525,-0.21358062242004977,0.15021143497840234,0.12911556530290696,-0.519436795758743,-0.219936347866093,0.1442038372604036,0.09042084344955413,-0.08297438840543638,-0.1177552778013712,0.4274514435443009,0.32537995068504927,1.047340750538551,0.9327153687957468,0.7744438470216573,0.8628294647646715,0.7829516423398051
real_0234,-0.10638209785389433,-0.8477405533147552,-0.49863875064267243,-0.21128731096485298,0.15029154420954535,-0.3097868163426598,-0.5437427441683433,-0.5229880338778701,-0.18519830477715174,0.14455963683617776,-0.024454650037940284,-0.4174304930098239,0.16404860622729828,-0.24058472013501783,-0.503163415591745,-0.3196311527587792,-0.3400954930040001,-0.7343886583263675,-0.534966205030896,-0.25244665284245144,-0.5016749370031753,0.378720100367682,0.16789086317350022,-0.6215871008819738,-0.453091985418339,-0.17156890909353242,-0.702742713671279,-0.5215137389604989,-0.23707586788481863,0.10397577508539417,-0.28414949261290007,-0.6405429549623657,-0.4405716190631133,-0.2284970324419096,-0.29229295545538586,-0.06859194893325789,-0.022990227141784003,-0.3642420879063736,-0.6574026103581537,-0.7154357680797019,0.16211370883115098,-0.423838789978198,0.14628721971548223,-0.3770590012454431,-0.0804879551005066,-0.27108996775946204,-0.9190218909241721,-0.3639330721658475,-0.4161552240401129,-0.06837083002815585,0.1309508822861543,0.08040766371003591,-0.22300828323052216,0.0041954964811506115,-0.13990975019529056,-0.5743622576616798,-0.23539252668783464,-0.3334648260416568,-0.12650690941161252,-0.278410655990876,-0.1995005061010816,-0.3317224317740182,-0.6192808268902575,0.0888866461520858,-0.06664244605590336,1.180878043133235,1.067850092596471,0.924038697642021,1.2763415186755593,0.5911341878855355
real_0235,-0.10337400520220505,-0.7644677686295135,0.03327938611795741,-0.4321091932558362,0.6453812068101543,0.18020219265224366,-0.15156935940685956,-0.2575273877685114,-0.26926979248477384,0.7419853593028067,-0.08906290543227824,-0.12005358086179185,-0.9574273372056643,0.10890553258340169,0.3052935676836843,0.3881310722698599,0.23104461788080935,0.14649076955827803,0.1151946682369112,0.08423721801743678,0.41830528177337717,0.24565822992094752,0.34825606568485157,0.7461717943951459,-0.08189559418851707,0.1265664331289734,0.23907791918657076,-0.2802091219809606,0.33643234835616903,0.07695331983297873,0.2022072249001695,0.17674209298758348,0.10804091809074652,0.32446517641307515,-0.14023227582484135,-0.738613063841948,0.6354085515612031,0.42803637568952857,0.47202765681970454,-0.5508759813829954,0.20974083278208935,-0.8006254080944124,-0.412306490778763,-0.6328610221640953,0.4276888078294872,-0.2008953921680688,0.16697880354331504,-0.6005799938408859,-0.17230298710055025,-0.1405544456249645,-0.45691830815802686,-0.5932016170544705,-0.48117806906120797,0.03464571578323656,0.08433178382093658,0.023907216523171994,-0.2765455791992981,-0.7258146400556231,-0.07772629074996064,0.2644519558542538,0.19212137996523346,-0.3497177684798847,-0.05001934588568605,0.45593667292387224,0.25762663813163544,0.8906374243384587,0.7651361391729229,0.8494216165542758,0.9670124449207562,1.0592371528864875
real_0236,0.31296087811269485,-0.36591259478327637,0.4333435763767864,0.05209806697104296,-0.8063934353947108,0.24499546132487057,0.48289092832724095,0.34570049053204494,0.31086298845390015,-0.11729996121046884,0.27747520367963974,0.30650184706160644,-0.011918802807212976,0.032406704830356695,-0.026365266765125732,0.20424695676247284,-0.17077192280983775,0.3798907901947424,-0.383016728150451,-0.16301525879544373,0.28949990597825187,-0.38258300146543067,-0.37583145172486254,-0.13492418471211232,-0.3273911351208523,-0.6687336801204251,-0.2427633728079453,-0.5475507574378103,0.3445219019066051,-0.40829355052810284,-0.4639111797674685,-1.1100411984106127,-1.1042515838144857,-0.3315365726961205,-0.27197547078028744,-0.7091051804900065,0.10102959396681775,-0.43653936993238424,-1.2,-1.2,-0.5585765386824936,-0.05576919649533358,0.1152936261632604,-0.34993162685580453,-0.5843002377360411,-0.719394225892154,-0.28045885743494164,-0.7207898946011829,-0.26273054735598156,-0.49470854258027475,0.6047571191545672,0.7180530680747513,0.11291612779096868,0.1818013237230252,0.24802661984878477,0.3787453457685702,1.0,0.3154688800845581,0.6701322997706409,0.8069985869929096,0.08514853978006491,0.04835698869396861,0.598144535545873,0.7601526651812694,0.4132812968520558,0.9018780339898305,1.0956206353976683,0.8211307907844942,1.2576888498636505,0.9791378041933516
real_0237,0.1804620023468123,-0.23186916332880037,0.13888079128063638,-0.23502267563781107,-0.21441922366325827,0.5234777480799012,0.1508537887274541,-0.1709456891316387,-0.17501201642251382,-0.4127789039260992,0.24101045886699274,0.6790551935412091,-0.1135126114117161,-0.05000780166089069,0.5187927743089801,0.4683457152538917,-0.25615163100759,0.13909954027495322,0.5151187019528106,0.3882521705227907,-0.15207253131768284,-0.20910088754340472,-0.2963389110836182,-0.10916051895984002,0.2203915940158738,-0.24282167923273856,-0.14677280189340847,0.03830862579341991,0.15341576169002993,-0.1237527504600242,0.171173341372081,0.2682023295000059,-0.4231888898221775,-1.1487863973111345,-0.2363219869411876,-0.08936787643179964,0.19737189020977802,1.2,0.7540467906225845,0.26990058410785045,-0.7145364516134357,-0.20817453216405998,-0.05745344659866253,0.36609043933735363,0.11905413691699468,-0.36744908204654453,0.44525257210132885,0.11820008516706514,0.007596227730447419,-0.23948914108277095,0.1362425781622198,0.2891685200596707,0.3202042962564213,-0.2558029628035157,0.031766958162885287,-0.5802089676191263,-0.06541034058623807,0.18184366448801126,-0.14725597408733182,-0.006607721102285525,-0.7563757878839479,-0.2844142694456857,0.31870085316312574,0.5305919708654124,-0.04837184699964372,0.6779066455392018,0.9191843023573385,0.934747598995392,1.0123409268100736,0.8900030738675728
real_0238,0.3705182721666223,0.29946183658479586,1.0,-0.11479774227136816,0.05887638585115568,-0.004689052322426627,0.6172330770387571,0.4831795797808558,-0.3473810002419616,-0.08321716481401166,0.03836830597931932,-0.08416661984517816,0.29369402988550214,-0.21860972614592666,-0.35505971461121777,-0.2946726444480817,-0.47409341518367776,-0.5556819604014156,-0.31085288225815655,-0.7618761177666417,-0.7016253754992637,-0.0264442464930583,-0.3436068100669848,-0.15234835799695906,0.3291869361600279,0.583771260334173,0.024388715001313056,0.2741494856611779,0.01961937109546873,0.41609783971185194,-0.09853652352404527,-0.11653935693085812,0.5220422120045258,0.3451749904955624,0.5526185615043394,0.48059236470874456,0.04859645318196123,-0.23876178225602582,-0.10769560239260134,1.1019193360213604,0.9430968022828679,0.5029109283846731,0.2633160899663469,1.1390542359774642,0.8199948745763805,-0.22733043255353882,0.1384061602978441,-0.3000478901629731,0.17740497232771524,-0.06557962975782652,-0.022137635018641404,-0.06551386769901606,0.01945837991521404,0.03662125091690848,0.0884445001659968,-0.3560156974234559,-0.07755918121982838,0.23702580343624938,-0.3301742198858723,-0.060106223579648003,0.19103492141832407,0.2293076297354993,-0.28108091049723355,0.20274672590092732,0.37897055982179884,0.9756001119182639,1.1721718991100345,1.2854970567369008,1.0074455672843152,0.3
real_0239,0.46768533810238266,0.6630084380573816,-0.0557115449642389,-0.5545492128071492,-0.2935802406045917,0.17937469692547717,0.2817996212200459,-0.428039393405306,0.1464717075230675,-0.33468334539785505,-0.060817573503733506,-0.07553608969392948,-0.32584259265850735,-0.15034639668485802,-0.6258752518384879,0.2531485655041518,0.0061585175998643054,-0.29129731836469996,0.379875443760177,-0.5323803347061983,-0.6410460994458014,-0.9182159510446826,0.7713932396679042,-0.0179280615785832,-0.3428501941498233,-0.6885530556264017,-0.4173364643278169,-0.3209109304694731,-0.7965321331829855,0.31983921711708396,0.04205664169720637,-0.3017195154433946,-0.40486463069753087,-0.1603827866430209,-0.6042702754020252,-0.19818415213532214,-0.3278017647463704,-0.20125668758009918,-0.6627952911504288,-0.5960687825332346,-0.1479798278646992,0.2087910965829023,0.009531136892649616,-0.6163352019596197,-0.08268964621003438,-0.24461461602268972,-0.43030280101336355,-0.5421657320922547,0.593672582426672,-0.12255135157499106,0.1341964680173958,0.3158737679316824,0.27656091900510676,0.5981859519401407,0.3023577612079572,-0.17823228329109636,0.13600244936285039,0.1807720107936149,0.17192599661576388,0.1191334051702436,-0.041025988700929494,0.19230262807911264,-0.3501071564528121,-0.35257129915342456,-0.3162788746292328,0.8406378382210655,0.6408609542649293,1.367477335097504,0.9822407104574998,0.6881706325764578
real_0240,0.0031036761698130253,0.27397728674802024,-0.3739770061192771,0.22170455959035923,-0.6655450078712172,0.24288938543151586,-0.6547881634448778,-0.2509248655224776,-0.3027257653279659,-0.3759688509101197,-0.14570846733311332,0.07714296892812648,-0.24332753343009142,0.11297537018255752,-0.2631121886564687,-0.620506065700362,-0.09345983019616619,0.718821993374279,0.9718344525175389,0.07777766568313538,0.15900461612179614,-0.4398328435892318,0.69126812701339,0.4600457976489111,0.1393910548025316,0.4274159541997425,-0.11875498369631139,-0.12589123668587332,-0.5270057501319824,0.6054366391569999,0.4224399870920652,-0.04665328895405165,0.6487039932199475,0.8668797182200632,0.7526520959923416,0.814485877661889,-0.15876135410047618,0.322445955558661,0.13289999352166834,0.4603426339450747,0.7573259141108257,0.9645167167917806,0.7087869860308162,-0.394998512639287,0.13466584388840352,-0.5350952419183522,-0.22322517921046053,-0.4473844927979913,-0.8164823320243295,0.32677306936191486,-0.7247212924149151,-0.7827711894794473,0.18594034464170042,-0.15293730630961808,0.1728627252251658,-0.7369396547827943,-0.31166399247377397,-0.47740371291927325,-0.28916736759655987,-0.14220910115437083,-0.20988135107463063,0.1808524145182789,0.04823030955831091,0.07988795606622487,-0.5690225443819866,0.9205840858950889,0.8820151337343747,0.9328121549919705,1.000759250324292,1.2802101628507918
real_0241,0.3236226992579753,0.19267506882029484,0.5394156173491049,-0.39545599169796947,-1.0,0.5241990499414286,0.592635120038454,0.33522875012702147,-0.3257643586383572,-0.3715899882260386,0.556754096109275,0.4996127034151065,-0.29060138069091207,0.11447312334857937,-0.20900753619829535,-0.7300403750175661,-0.37243499467206587,-0.8669411833574308,-0.025387032158092678,-0.6990386597403235,-0.876562381963449,-0.343704619100619,0.3160267782813956,-0.5941807800066669,-0.3992894563317154,-0.17609025004587806,-0.4861095892518109,-0.2589141738752686,-0.05300303531992634,0.4565210960793785,-0.36520637069347356,-0.7492344867589754,-0.5772499887259223,-0.30179541047316916,-0.15365107591781957,-0.1820485748410261,-0.12496542667922973,0.086334961023482,-0.31896217444305136,-0.40438768824031557,-0.04975953095487317,-0.02124033693673472,0.16964791895092823,-0.31134531377994284,-0.07925146324050021,-0.0618212148567589,0.0676951942566634,0.46046996075656144,-0.6152008648812286,0.0010915145166697083,0.16626182306017415,0.7957718870202384,0.3557263508910465,0.09681109101633438,0.01141660406275859,0.4510226914283464,0.34200327554004994,0.3365293779690716,-0.2488426563602593,-0.18507518442368087,0.2594282367510094,0.36558179364785676,-0.1797324634954771,-0.11705333160990214,-0.11268498986769666,0.8684708832748618,0.7470297773148847,1.381012042812894,1.343759000609972,0.8338434999842173
real_0242,0.18779705731462154,-0.1261621099737211,0.08223262777711143,-0.551225110526319,-0.760005632740553,-0.20756238351704076,-0.3226207408839726,0.636862571334904,0.3208957446186141,0.1965143103112897,-0.7518357135285514,0.4087096330970861,-0.09780298470403613,0.31851367401566166,0.2980432809250544,-0.32960716145932445,-0.0811433083176344,-0.13729133059050616,-0.3675861833186994,-0.40264818503733274,-0.4061242913137672,-0.2107623630183787,0.5877214434347593,1.0476069838061035,0.903618677679415,0.5729043554368837,-0.3117404238743878,-0.39645485790578644,-0.3153536724561728,-0.12470792150589731,0.4113542331477746,0.6143538029402813,-0.013378672670509838,-0.6021939595167017,-0.18241796193743157,-0.2147376043163726,-0.5695162444192,0.48601641565344317,-0.1492440253455462,0.07081937560858666,-0.5471735781860704,0.43637561452641194,-0.05702040071662953,-0.05513195335825242,-0.2633010148367892,-0.01821979891315038,-0.41598211111722605,-0.141346978360185,0.008535785622765297,0.9524636203927952,0.08019706482839584,-0.44067806412693833,0.2026503188354505,-0.17711379504585265,-0.22923130493933258,0.18918853082848822,-0.3372412362935808,0.05228058680504288,-0.22665351040196063,-0.40715270871779324,0.06114566255359601,0.09275488399456952,0.04241100959113781,-0.13720980778824957,-0.43413464590348655,0.9858606168621165,0.8760655800454071,1.007115295396925,0.5360778546497563,1.0901479194142103
real_0243,0.12029074270851417,-0.3502458451268451,-0.06624095696380233,0.5234019428471635,0.7855009469791606,-0.08614824167796442,0.061962626956124096,0.1418830867885344,0.21001623170049377,0.19221403987940158,0.2684952052011388,0.028149864991834875,0.6168393634752432,0.4709738475060153,0.10086875441813975,0.05039591098532072,0.4435654288979653,-0.5314036696471954,0.06247824989318651,-0.42396297658627996,0.2935276188004761,-0.338021698412785,-0.23893573531959605,-0.11099300925295472,-0.518537628285215,-0.39558461532147043,-0.24131463597532266,-0.08133334940298581,-0.4368264138914933,0.5327050968515818,0.8431464134823909,-0.06626832990219608,-0.2416534592634736,-0.2205916602726418,-0.14073330243778284,0.177105970387082,-0.0774500087495399,0.2339436036603735,0.9156150049976794,-0.1046175384235647,-1.1338902298011166,-0.18604568975314847,-0.529286343593161,0.27875676674263555,0.03144667626147759,-0.1866855768115176,0.6326870677116687,-0.5492844359183261,-0.45464734861967604,-0.7316884078877679,0.03972118299055296,0.3015916838756758,0.19633771343139475,-0.033230396442363266,0.20261133377509746,-0.27235849574358995,0.469307154670577,0.5890243503546273,0.45046307853451706,-0.49748315950426064,0.083597987361076,-0.002654800707781887,0.20786322943984123,0.08795103345832564,0.38431279323369816,0.7363407412965053,1.0371498851663414,1.3507382053402162,0.5996908511122643,0.6523286425061859
real_0244,-0.19830436214744876,-0.6658601108717087,0.19369820750845437,0.5562747304777544,0.24212171773712732,-0.30608140115057614,0.6832268133975096,0.3816864701218475,0.08954771128736953,0.021962308986542244,-0.04297697533836347,-0.2112923302748288,-0.1093782375066477,0.0009579699504014595,-0.6176427628196256,0.11077672973989577,-0.2509753886597927,0.618215086212136,0.5023270853470819,-0.7962589871012885,-0.5505501608740069,-0.06725888444420687,0.10550775148262857,-0.5101857197485731,-0.488389835720824,-0.5740264205716172,0.0558733606916666,-0.8771402295809129,0.09197395100007445,-0.1169763690344263,-0.18697444886401238,0.06603376869345036,-0.595619778621656,-0.6380425676105208,-0.2564817615313203,0.2203758467559725,-0.053988860943794466,0.03230002362319619,-0.22615361178093057,0.06052521462916874,-0.02927807424618813,-0.4210517521437262,-0.2225658312393055,-0.31628246618427364,0.22321284970773508,-0.04689751376523097,-0.17548991299335406,-0.10816111325415453,0.4334459130014013,-0.44330548029695827,0.6757260208471971,0.19048315555699205,-0.275897039774674,-0.6933743942601821,-0.2941667199669034,-0.08418754308330811,0.38193377503342507,-0.24620766309980993,0.06650478608581108,-0.31705903749660375,0.16040027757912562,0.1111654374794704,0.2668685425559073,0.07499935146996102,-0.3232405150854484,0.7799432131913514,0.9731160061825368,0.9813402700693017,0.8913658337887772,1.3596763705898078
real_0245,-0.573483416106627,-0.5635042874140961,0.08263510036193356,-0.5170958538539753,-0.37130875262704255,0.3085690229531488,-0.5927773181077661,0.3812498272161508,0.3401282771221124,0.06220709744495226,0.3872622568035305,0.7342618243405525,0.1640506504464345,-0.0032139100926897005,0.31643881972801824,0.26509172477844317,-0.8033886285884811,-0.6957316559596491,0.2640088481047085,0.6189212285294953,0.31723029551645054,-0.6847196233547058,0.061949529345980164,-0.6812260487741473,0.3033087880938895,0.11176871039615588,-0.3664905250181518,0.401182105522884,-0.4301888044257018,-0.44521431642229764,-0.3561749281535624,0.14150595015224948,-0.010331721596630695,0.287674642549147,0.17068324607386504,0.3441319327784121,-0.1069819633734291,-0.060015296083936014,-0.26822708010573876,-0.0584725166844387,-0.7016957278869813,-0.18481732680878252,0.07545642107365971,0.04425902939185981,-0.20088295771425413,-0.34537495290788,-0.4794224859724869,-0.5171333943818195,0.19978359799405146,0.11751152371938364,0.050844862956267875,0.4054351746945608,0.29226741833562137,0.42281374555424556,0.15258941702824588,-0.24096967747064607,-0.7710500211891026,0.1345486564006986,0.11567747184706355,0.36427084618915295,0.04858372773744231,-0.7854066931622269,-0.31390167624649484,0.49880523753383516,-0.08754358683154806,1.3193870668042447,0.9619933646577977,1.026211565209229,1.0029055763875139,0.9639930849863309
real_0246,-0.24261539103352686,-0.12622875739250736,-0.2744266701921508,0.395790055833561,0.042730807874325066,0.005038114554996712,0.5068155685805594,0.09964924796676454,0.46358956025840137,-0.04013481186907289,0.49074616111240243,0.4532423698425285,0.4510149899383347,0.16502737613614538,0.02719700041923482,0.24485619254864344,-0.6700099838193816,-0.7822214533399611,-0.0615174350362117,-0.5011680481864623,-0.3689302515070375,-0.03309062033080282,0.03912549955984544,-0.4211414174924786,-0.4466286177762443,-0.6488929106928628,-0.2809888224905827,-0.9846180750347474,-0.6719663283068801,-0.5847116434866442,-0.21673189842992507,0.1666631912026506,-0.322537529421433,-0.2415172884176211,-0.24345182724806255,-0.47266819392085413,-0.12975906419664518,0.1297200119639774,-0.06661143865188018,-0.5551651566756473,-0.6893783450239642,-0.14344483973426325,-0.13436247893734424,-0.17774933269419319,-0.28168152229303844,-0.7580997855753968,-0.4583683629465871,0.20430247379801292,0.21278429667558932,-0.37544178909319076,0.573531188503286,0.6166435173894709,0.6699685047714717,-0.19484969281003875,-0.792899787065898,-0.08658116261691697,0.16042281406920186,0.16863304248979283,0.10483283623638198,-0.2930410267491265,0.10084434628589646,0.2491432890235443,0.05935780240873358,-0.6709993876959255,-0.5579335193385709,0.8068866128088954,0.9761222692929908,1.073094894528567,1.1380208849528024,1.0725100991208838
real_0247,-0.05262095827626358,-0.12533198542042345,-0.21281962560821804,-0.295299463103706,-0.20144409580591588,0.11059553364820057,-0.2594634982202444,0.10313912856315595,-0.6315608454006423,-0.598877456600625,-0.3779050791398355,0.09989617723194706,0.36604869876773677,-0.218973155636058,-0.301537434205231,0.42699645911164463,-0.285917764692838,0.09951923166257234,0.6138072964551506,-0.36249870976554216,-0.07701549616733336,-0.16487525761680577,0.25406458917047603,-0.3969345498942751,0.0784981598978595,0.19452675549159068,-0.17196512982883447,0.07476063645334774,-0.7772843559610009,-0.11653277605336401,-0.46157393942797553,0.1575106931350865,-0.46075100834455535,-0.2257509310816382,0.1095711737113423,-0.9069282160779475,0.25325944452714244,0.362307842932901,0.5124574445237488,0.30475288239196796,1.0067206479004545,-0.2558035801647409,-0.13677671713818504,0.8858910029505725,0.6628067180953273,0.4559458678964171,0.3736606775155321,-0.18989721268976462,0.19442027241663365,-0.42326684099596384,0.20983200957025597,-0.16672639189303,-0.06664659579869177,0.2667238583302274,0.3567824602392199,-0.06457380746103647,0.188247625971916,-0.3190560872075867,-0.2881488024203963,-0.18425929182093845,0.3442141100306271,-0.025415333795891705,0.23567001032798002,-0.3200637163865851,-0.19688581043742978,0.835482163231804,1.0305082360929916,1.635770735873507,1.094617439605495,1.5814449479704211
real_0248,0.00042869298241141605,0.11373376008504711,0.04150906549842862,-0.04265617514119287,-0.010747317002211937,-0.08407437573274211,0.13662505168251962,0.7907751364613309,0.3121009117251317,-0.1854686457236242,-0.08536064454796391,-0.12044324226444662,0.5097782322273807,-0.3082174839558784,-0.495077804608045,0.47633875148321964,0.3371609095580613,-0.3331060787010054,0.073061912995167,-0.02463430837180151,-0.4034432191425221,0.0340279217922827,-0.15000518171131635,-0.42536975523450227,-0.635884317532215,-0.13721901198012046,0.10485749223404218,-0.37501529583689286,0.9202456932997399,-0.31578721044160674,-0.26553153926706063,-0.01773808191206065,-0.2898265561700011,-0.504391828869489,-0.08831943573874117,0.5303563670910875,0.7025095595455486,-0.38520917543945865,0.262277835381943,-0.1768647348215174,0.07561647154359515,-0.0786380388994674,-0.3732425605455236,0.1948879621476526,-0.1594252025129825,0.07514960146757399,0.20958333244745644,0.19411303752179226,-0.14605454398263729,0.39784498393636575,-0.19944359942871018,0.022702624195324584,-0.10279660096944368,-0.19703313461487293,0.22434099535261773,-0.359720616623577,-0.14529040608476051,0.10285821286607078,0.19637049374943147,0.0877846567857375,-0.45916686558895015,0.11067839246431468,0.07966942119808797,0.7057030591074245,0.5082846521908465,1.2755370292481971,0.8487195937085339,1.1702571149689578,0.9231508174238859,1.379110025147351
real_0249,-0.268286843184139,-0.12498446462421149,-0.477422475031404,-0.36455663212551176,0.43612064181189264,0.1331012434092542,-0.06705526740533203,-0.5404775669649845,-0.06262713814726162,0.5273571147789416,-0.06478881657444624,-0.43275798797217585,-0.17511268459248666,-0.42083816536729757,0.651306596667561,0.4241652002236616,0.5183492204415528,-0.3755476509232921,-0.3533064341323202,0.9324547092035604,0.37938401114956843,0.34875609357456744,0.4309796733760715,0.5262472453924255,0.3972886145746443,0.15320186414360382,0.09215920071306234,0.15427829587590614,-0.4149800127884565,0.5129742089404675,0.5253568410658619,0.8265101656764537,0.477300098209558,-0.10307353890807804,-0.488871502178014,-0.05474355967526706,0.0202487100719235,0.013632765876644134,0.21316807492769663,0.05403932771598144,-0.6340410267521768,0.3235193864765981,0.31887621863449866,0.3898736299531031,0.6131916278292047,0.2662304399101777,0.2212726499925939,0.3415326906673519,-0.09535762196622445,-0.012925851293539287,-0.2686325344870233,-0.25857568038220363,-0.1008619197845589,0.2282268444330628,0.7332081667234728,-0.5252098070695039,-0.7448032599165054,-0.11689942590302808,0.24362530016341513,-0.015381672251620217,-0.3633446736229418,-0.43886118027782567,-0.3386230595670567,-0.5322095011526194,0.19634783753769824,1.435760075386061,1.1060274461348576,0.8585470940097073,1.2038087386483525,0.9233585946782356
real_0250,-0.01974131353828009,-0.2873024762746919,0.4401834365554083,-0.05583627048452069,-0.3602638995469065,0.1830633649107666,-0.15944208261628,0.08954648282869405,0.03727776644510921,0.039851059467841385,0.1302365202408575,0.4981058920540588,0.8006394974458915,0.23937707304967232,0.07541160547777352,-0.5726130713131805,-0.49746451617895027,-1.0791018671133572,-0.7381430469944391,-0.7122811704504345,0.15595882812332768,-0.2890374120608447,0.27158573633484345,-0.5184300539401466,-0.8613883155849011,-0.3047916427728833,-0.17806280338814395,0.18151640498521865,0.4333279895569799,0.09822285823932624,-0.5220555056589561,0.242438592255849,0.2951773047096347,0.13863221706264595,0.6302015053752478,-0.050100848206464224,0.52598379077031,-0.307741134334416,0.4433838639711406,-0.20663962317264045,-0.05316453616605399,0.3023404762003125,0.9282348518597925,0.5742527283512767,0.19911965054407282,0.11159192258042705,0.4331684420502034,0.594469306761683,1.2,-0.656229181624939,-0.19645853197910892,-0.06632070175632888,0.4182273627698488,-0.11794588946875433,0.0373668079515009,0.1230815576322758,-0.134695451072098,-0.1217442636589562,0.4875920032044478,0.45973144788477427,-0.4270198159387023,-0.21302382267616538,0.3109524617136413,0.2237249783109305,-0.4358625670023695,0.8242650056761988,1.0993998955578226,1.1937995740551717,1.2060390806305463,0.8516949537824102
real_0251,0.27262232065046094,0.13547386250459514,0.20853432002992572,0.5135857980223437,0.6168174981740315,-0.010932387565157398,0.27920399864791934,-0.07129407385958483,0.2063413610987808,-0.17696602321874172,0.13983888291440835,0.15490864693742115,0.9951350336826654,-0.009044180821033164,0.37949523028659776,-0.23531942534448055,-0.5362146028539518,0.07202794124676584,0.17923905757979547,0.3421857818007467,0.05028077158035489,-0.3296005157382218,-0.690169173556709,0.46144059102488927,-0.16522066246479236,-0.10677419048736862,-0.015835563549357442,-0.14319969422561896,-0.7942162786231259,-0.4355072047644219,0.30244825751197735,-0.24837131645384902,-0.22400568471961804,-0.003412738491346959,-0.06567157871696874,0.015360608819871108,0.08578876390567672,-0.11091107416483563,-0.2296386729692864,-0.09638993964535893,-0.023736452773582675,0.7336176804993435,0.1639905823131654,-0.39248687080193295,-0.3290502317395642,-0.13647759987745617,0.22449494874868597,0.2914864563668296,0.31911572007317235,0.34505597982721953,0.20110484950952343,0.2938585551637953,0.5769667530556025,0.12019043110061584,0.3095521644052556,0.6352696811392047,0.23240712878327915,-0.45830846688728855,-0.47896754837544314,-0.21292906540805848,0.3670370123470397,-0.020497024448197683,-0.3739856643598497,-0.4606232428281943,-0.02422544039483804,0.9447626564817955,1.0577556906484151,0.9276334925831317,1.0368115662543131,0.918613747120117
real_0252,-0.28079729537571624,0.22593987709033841,0.15344543386051052,0.3739721371710563,0.62599799167636,0.34748217380210833,-0.07493511346688232,-0.5673034894468918,-0.38912487064596096,0.3607771601980174,0.6217397605672238,0.20667935365394324,-0.12957457470721753,-0.12989870714649704,0.18649036894687543,-0.10261429266490693,0.0548597932240502,-0.3090845134244504,-0.5866535350285941,-0.7383824763349923,0.20377815940256602,-0.6343463187416524,0.3511010785826405,-0.03236047476759028,-0.4565052325502231,-0.790146945622474,-0.27105320006488093,-0.17484980115209375,0.004672494405036732,0.6512186110661606,0.4936222156371244,0.053968381915227355,-0.6688751652561354,-0.38689874901630394,-0.1832248402039775,-0.8227976428433499,0.6804614441670886,0.8399726341358033,0.01683648988920422,-0.6005469793567668,-0.11569859266658983,-0.3325525416638794,-1.1703960353293184,0.7003565509954123,0.7559707966961873,0.3779216133145382,-0.6982084699463572,-0.7082225801044243,-0.21233118634974854,-0.13505670852730095,-0.2104724703218199,-0.05592406695723059,-0.7398873612886792,0.06277277636651808,-0.022029521508193987,-0.36268943703408646,-0.17189699555907823,-0.19540998985100347,0.05896285089147565,0.5796201321108999,-0.28993844353462167,0.42570931382921673,0.20801317350186646,0.6347379513676003,0.5179584151767815,1.0512333326410763,1.0834800164126894,0.9020499634197582,1.1925315144973683,1.127474562119134
real_0253,0.20534837391993627,0.6359022566188265,0.11371627561488186,0.04993758473951274,0.11162704599051089,0.04791266741540403,0.39391596637154586,0.15628354850537243,0.34771710625565505,0.6949476862679712,0.05029230649532916,-0.26598846131624226,0.0852919716686574,-0.2964060584910249,0.3496999561184267,0.13061920283320583,-0.2639730026235548,0.16058790336690582,0.26966065014965407,0.05005546585068922,-0.05240008722612274,0.08683709306387156,0.3085131220969084,0.2100201792888404,0.652337026582448,0.34019597849619876,0.33563759201303006,0.38136469952769814,1.0789163635031864,-0.12785130057804156,0.013807751121856691,0.30180068410926714,-0.47845581628080275,0.4074620833304992,0.8282188427373882,0.9898468241284369,0.16048816431292737,0.24532985312806885,-0.011374369350572268,-0.5320396665665162,0.3990713205053881,0.15695870392817923,0.5482213670837308,0.29186067017577993,0.03723906585406836,0.04843597471858702,0.23660367352591166,1.2,0.8973105864489744,0.5882932142478987,0.23681624612825586,0.4042020694093718,0.05121105613760807,-0.18837489979668848,0.4950336983339503,0.4919425672438325,-0.14701224210338343,0.29166081207648453,0.5275882327662063,0.004440966237998025,0.685024574970759,0.4870475366590572,0.39789378628338257,0.43612268418750955,0.20801350682085287,1.2593046466608389,1.044462700121299,1.1817202719784223,1.0545290526864257,0.9736939664372822
real_0254,-0.554400973695733,0.2720646530632461,-0.6094695174782697,0.2794123744992825,0.35175151852004943,-0.20730893061057284,-0.2928579697726989,0.06974193939343959,0.053483505786649,-0.27366445854108484,-0.19512180263343862,0.35988262224230183,-0.099538657320954,-0.14335318182498602,-0.5118059990795675,-0.02959711891491542,0.1364632261048479,0.027640093599567282,-0.010930314542946556,0.3914944816550401,-0.3817084702684319,0.13023685668064264,-0.127738630232255,0.3352519189625975,0.29528508222104,-0.044400956321099756,0.27041260033135667,0.3728109475380452,0.05860346292269181,-0.28731021172684773,0.14599264003039472,-0.20025617457988948,0.029716949637703167,-0.027800450170365008,-0.10526150901100158,0.4449881685688682,0.3688559510295291,-0.33432603571958297,-0.7981105427510188,-0.45152163668962125,-0.3133094423476935,-0.5736543564843658,0.09731575003397441,0.11687895771356983,-0.6886954472590976,0.00949972816430973,0.13073045087643306,0.2966972317265082,-0.43868995769225233,0.21102293737441444,-0.4767458030762083,-0.2980282617411936,-0.283525536660385,-0.4796373145075871,-0.010690908828200405,-0.06287909119390737,-0.8625182797359451,-0.07724833963235743,-0.01825686993899164,0.11814032528217304,0.08941553557930437,-0.5558454232322257,-0.3950060522975129,-0.339883232633342,-0.14895981911207534,0.8519714382357644,1.3052609954096601,1.0062171175542305,0.8877033946434233,0.901188963749132
real_0255,-0.10600597868087985,-0.1796937167604755,-0.07830955081232899,-0.10661134635180154,-0.08934569167591812,-0.6652162700146265,-0.17982739499900582,0.4243728664277834,-0.036686556150430046,0.6092909508430177,-0.15921312707008117,-0.20629662852797906,0.29624790443013205,0.42113537893540154,-0.09574552360112991,-0.051635505880073915,0.4520826402008848,-0.6266489207878836,-0.87852856530592,-0.9141926850141328,-1.0681798218446885,-0.27917724603188887,-0.786006049783798,0.09174374339856466,-0.23331001991095088,-0.6338957641624524,-0.7018832927888645,-0.5503473758707426,-0.27935213200936304,-0.20122815330100433,-0.5117028250856367,-0.2889821450015844,-1.2,-0.16406576727018513,-0.508245817357601,-0.35158193628223694,-1.0091085447829424,-0.3793402715119645,-0.7458443076404254,-0.5841792409977444,-0.36221438623485175,-0.4291526128449535,0.06427778209659875,-0.753023799746161,-0.7446900153806807,0.20709148516329526,0.11768990926041815,-0.2579031899115325,-0.4241226848858761,-0.3880923442582705,0.027197796322232824,-0.030160443779153848,-0.048596800793506395,0.365363120751354,0.6288930664558976,-0.03450225857148146,0.4883830905972271,0.6422613571515854,0.1368827232512967,0.21140260200077823,-0.2356946101461225,-0.30556057137992,0.1791291298288645,0.19899270186510304,0.297954087348874,0.9632083231086835,0.9869358743421235,1.0557151829023612,1.139563367800001,1.3667953126772605
real_0256,0.2744938340626204,0.0698424647155928,0.696711034081123,-0.09575335926045242,-0.49302754390247966,0.3540016285311013,0.27895101763672303,0.29043912924534315,-0.34100943710582804,-0.4900659467464523,0.28626876938180607,-0.15811157266090117,0.028352150054841502,0.38814180518182206,0.5202359113544553,-0.6930006686993859,-0.21273042900866923,-0.33168104795831743,-0.9559872718456579,-1.0342089275257347,0.11408428494799672,0.038044090447643036,-0.3655280830461589,-0.09341075599954317,-0.5621104039962352,-0.699423736785545,-0.8193111437953396,0.3439548652123819,0.6685744497917135,-0.42296156694310855,-0.3258645752257559,-0.6804575572417331,-0.10629932014154704,0.6054276168457686,0.4094658971309107,0.16011246834149295,-0.4798081637970066,-0.792681323626945,-0.5446127624255914,-0.2661080921299114,0.020849340535897574,-0.6246974150116236,0.014709213910983263,-0.9535255778317265,-0.6053788637886354,-0.4063101237641185,0.03228961651815798,-0.36338953344446867,-0.021404456694968304,0.4807283057817288,-0.08134039972964019,0.04176843322496241,-0.5923090208889882,-0.8306034265041062,-0.4934309223848276,0.12393253149789915,-0.1730695488012743,-0.5261862919696696,-0.5089636563231537,-0.27152350807235,0.2457487605409703,0.35013798292295234,-0.4090348642704436,-0.35507081071991115,-0.8245868011698325,1.1166006364092615,0.9539375172498135,1.0027970443730585,1.0221226245157355,0.9714475270555408
real_0257,0.25447156590408443,-0.08052347837592803,-0.06596761457464619,0.06142893499203737,-0.14330694363438168,-0.39351725556427797,-0.2812370198861782,0.09098068515882335,-0.10850912754919999,0.1217270269627774,-0.6005079313207664,-0.1619902504470505,0.17128775755129402,0.33335564008163443,0.616479370653841,-0.04825574747234643,0.5204331315344495,1.183846104286872,0.8693684355880137,0.6760650047679411,0.35755793618917453,0.40796547494080787,-0.30423122458661433,0.3488068598523853,1.2,0.18208593873306814,0.7425716743937062,0.35507940005785205,-0.16612582063518733,-0.21948125861934856,-0.10849518613833746,0.08837886723446284,0.020721937890528435,0.30948729777841394,0.0887740789121417,-0.37037794408995706,-0.23916642800167326,0.404238088852866,-0.12690771766568384,0.07962977417049374,0.2593401215626295,-0.10713582532064364,0.5438329352651258,-0.24192158705650119,0.47818065191430703,0.07148781108509143,-0.33689835822939734,-0.05623711530222472,0.030272721928858645,0.032083311670200676,-0.17277493678269829,-0.18703688134015078,0.2655535160742184,-0.022703622925254418,-0.5655619473997477,-0.18802805984178309,0.12569022731255772,0.32853664928422216,0.2839373792196277,-0.22614651522437906,-0.14638123464115788,-0.09070873731198158,-0.12722664766464395,0.09886323497037519,-0.48626702915901554,1.065214911169993,0.8869708629463933,1.0673166253210868,1.0002679693508973,1.5748972732593298
real_0258,0.04192264505813344,0.00217097612678626,0.18453811752256946,0.06699724619101241,-0.0693479889823929,-0.17296684013869237,0.1468996575546274,-0.5144974490490708,-0.17849419755632578,0.2624313733475618,-0.5337557365576885,0.26306846225915054,-0.0946426951784784,0.13535082636339069,0.4974688083770988,0.014658451370726168,-0.15661828626276125,-0.40607876223612227,-0.4702196395974504,-0.5395636517066646,-0.8790075201362222,0.03124031062157401,-0.2172783442836883,-0.33452404405310854,-0.31141868653996546,-0.22857973156907882,0.19500434210444406,0.041465021987653734,-0.5991624054461356,0.29890539803640376,-0.26356389780893835,0.3760573220523293,-0.18713089301522073,0.2740159862141592,0.12091139003777043,-0.5739507598638673,0.1344157861108441,-0.559153240805955,0.5938533842662495,0.1679377971351051,0.004310858331776872,0.018754759223419074,-0.12720256213693137,-0.21710743258487042,-0.7103236559426581,-0.05720331451389484,0.7837847672213084,0.21835907057574744,-0.043307335004950445,0.09899242911584094,-0.5146734410012166,-0.6530738473197529,-0.03974484907359367,-0.2561558518099464,0.15197874009840234,-0.32411569411761276,-0.5225631911214174,0.5125533311317682,-0.03448525953454371,0.3601288937985807,-0.5209355823030182,-0.43979734172197515,-0.4941095425395684,0.12977964046576934,0.12296597277926827,0.9435765893154852,0.8451605994133244,1.0849931794872298,1.294590714437915,1.0226856409380432
real_0259,-0.07934502631959144,-0.13530434985707346,0.2630995787446716,0.7639349599456838,0.6531197871425533,-0.22743849001112243,-0.16164628400353828,0.6657020595297631,0.1469496340679378,0.19795763524299395,-0.25476657342789616,0.17299170888104604,0.3879161438099533,0.1223212070369731,-0.23618812404603615,-0.1796540150106672,-1.1260806880375434,-0.2773196939808308,0.2382794399523968,0.8587686827019919,0.3290726575653188,-0.389105358161367,-0.3766604649047783,-0.2011765037743727,-0.4447245016512891,0.06720270675141093,0.5906242795187248,0.2857234857875821,-0.04674478008027244,0.6715420606672071,0.3888732584978696,0.33911648457576804,0.40467740883643843,1.107756537349985,0.6437059568055258,-0.32284951530282435,0.6911615534569284,0.8746474753881076,0.527951048127656,0.7515151123831271,1.2,1.0017892565396924,0.0494029340179776,0.2690797291937028,0.5579869709066072,0.19592905817024373,0.2881946565329015,0.6777566324413925,0.8854247510328821,-0.15913662070197587,-0.12497851079686782,0.055314893646056754,-0.29215764938957617,-0.20225019492714705,0.028787337663949652,-0.07588956796649363,-0.36217223021806133,0.2151406622860664,-0.43162396738849806,-0.30500928396960936,-0.08749724636969257,-0.1835702340739151,0.07555353766511956,-0.09585299615771573,-0.29663459645915036,0.9799265553225939,0.8133292318598387,0.612606613458917,0.5098255742919826,1.446329598556182
real_0260,-0.29878337990852377,-0.5760621647835525,0.23266404478368738,0.5699192853034774,0.2182601812425077,-0.34800609225118573,-0.7736842387008481,-0.48574761480533324,-0.518330315351915,-0.4781068526484804,-0.16234075710946316,-0.6496952984510123,-0.9284803261741296,-0.6241761964053112,0.29844597221324315,-0.2605580046988191,-0.4047387417997124,-0.22382582535592035,0.02669033472427768,0.091862300278292,-0.06506840782114354,-0.6213892752471061,0.07776300476557968,-0.15501587590608368,-0.63401984339979,-0.19607069399767255,0.08777068471805857,0.2688012520141053,-0.1558889174589031,0.09770508094717742,-0.1902836704746644,-0.7004062769536101,-0.5110060460562343,-0.2652459199661902,-0.5261871483013538,-0.8171585099697735,0.02588492614904737,-0.0005647353316700496,0.44525356397504057,-0.05126603785701928,-1.0591138497071708,-0.8575485616304808,-0.9726079023683425,0.6177430852879733,0.2348181236676688,0.31864497573956374,0.28598183002734906,-0.3584980606328808,-0.06366964063285281,0.030486747400325427,-0.07177180981025548,-0.5842937323099762,-0.1282398246639451,0.12896813293045986,0.017834969696081945,-0.47502505928658323,-0.6690556121654889,-0.18898149376094356,-0.42244348596483544,-0.13505469024687114,-0.5175615911468021,-0.3890490194077658,0.11707770311035368,0.556136880939352,-0.3774163023805859,0.7937656287445027,0.8666804030153622,1.1333145337219066,0.716463165968086,1.0893298556776567
real_0261,0.42419419506899064,0.15472976362893257,-0.3208903010473529,-0.2491448986566819,0.27888239883515326,0.17830957598867084,0.7599010304154721,0.1327736245065761,-0.0873583636722329,-0.25748248239862803,0.12046027638953855,0.09686282614627832,-0.43787061513332376,-0.4325756466311474,-0.22134208834805333,1.03286799648878,0.5203132355494802,-0.11834434871983827,-0.21539880706399153,0.02934584416820016,-0.23807907725471808,-0.5940970552968511,0.904572589447654,-0.27903115656080774,0.23051357715949283,0.17886337988284373,-0.4027924965167357,-0.11172529283629405,-0.26065901025619603,0.4897414631577294,0.012448527177256792,0.4962948394280781,-0.07842778129258404,-0.3313598071314127,-0.9405296546074289,-0.5833073201603056,1.0247176967585783,0.28385351475848175,-0.4884113825129235,-0.664202986405513,-0.6603647655225423,-0.40863883487152647,-0.0035829103663615287,0.3876422943495602,0.0063627184090412365,-0.19429023399091966,-1.088492472709886,-0.21514474079955567,-0.13958736780500894,0.8545214698573323,-0.035124542031932084,-0.11627731274904791,-0.2827447117828471,-0.05430392603472077,-0.10344055628877813,0.723706282316988,-0.16283471163317917,0.16046196529594436,-0.06211537464032462,-0.1839315159300026,0.14433361306708806,0.16772084743221127,0.5269495007724245,0.31543453361401774,-0.21507502770460354,0.9642739384038003,0.9893979427521893,0.8035961160339399,0.7625859147251259,1.240740143312362
real_0262,0.08051527308641751,0.460240606913629,-0.22216250257413037,0.20438774045169986,-0.1263363274225296,0.1255145217640676,-0.017753828790986848,0.29704082292380796,0.5060470725383626,-0.2055887688487714,0.04216432884194846,-0.055994499848933225,0.30085958713223027,0.3931816766101149,0.3692008977775743,0.140797174638325,-0.6278453189840936,0.19708268935431764,-0.1559462996654325,-0.2750123930736871,-0.3288496750072139,-0.5595258640951686,-0.18950997049338744,0.4182599974745605,-0.11671295186351449,0.12752666806885787,-0.7555775426884956,-0.6074983419546071,-1.2,0.3214765077228138,-0.19400966606157508,-0.08146934093148789,-0.3596091322403371,-0.5155152049848567,-1.0023771275152682,-0.6829442458568012,0.20406037275634284,-0.0565792325074283,-0.15785469281250342,-0.28150731109385163,-0.014096986548008523,-0.32748803546442046,-0.31910652796850636,-0.019894787732103746,-0.31753282438642655,-0.3857081511614176,-0.6032855506693054,0.015888586070969893,-0.007376341010843563,-0.32945446690699504,0.5955800967366389,0.8327284936622278,0.18899353890191437,0.3580918217246089,0.14341787866000394,0.5130972083272337,0.10515089152836661,0.6140353177716437,0.3554048600416399,-0.08155726494731969,-0.03380228638657687,0.1833509647561048,0.08895284510475432,0.5345837067768721,-0.06738287013814594,0.9600418764986567,1.0501442692746572,0.7115401728881177,0.9273478704862389,0.8188472371205688
real_0263,0.4741070545954355,-0.31610905222349867,-0.03566830433033965,0.27378402763044934,-0.2942158952977159,0.040724165466082235,-0.5094201652295963,0.3253915272376451,-0.039218785228138,-0.5691014214455649,0.10271192915090627,-0.04230031592941289,0.24433138918520345,0.1374670577218901,0.007842491826085799,-0.1657805130570815,0.1494664874611528,1.2,0.11267383920675975,0.03362708612611782,0.5023262751964215,0.4027783369020936,-0.11028438237269485,-0.1043115947939848,0.5351593895689881,0.6452387415650928,0.749216578039066,0.3472048541734072,0.6901679251460764,0.3249234672788882,-0.47793129407266,-0.01248234516804042,0.5380086467634596,0.5161104731806918,1.179525885458587,0.5775781485017517,0.5823316813251409,-0.6863922870921264,0.007167486204306915,-0.1835925229007106,0.3627234136897862,-0.1585581067326973,0.5011358831990153,0.034501517615898064,0.5649004461699803,0.8840235873125504,0.5547389205636402,-0.03380449373427792,-0.07277080688235045,-0.26759309991515706,0.41137471528386554,0.2757002925501091,0.005122742263206824,-0.04384730804051554,0.016810232127785853,0.35938324022347384,0.17614577921196836,0.43369155644593016,0.2639357812535625,0.21835549745204536,0.5529469110143437,0.38484819127826086,0.051131494725587666,0.6783264128478192,0.5058831548514148,1.0348254834439383,1.0076713087828242,0.9883177512282635,0.949078366046794,0.7865601943531471
real_0264,0.225495866907844,0.18818657452572737,0.04436183753100959,-0.330894985865921,0.10149130551151236,0.22058405699631714,0.37871052152966694,-0.11692526359192443,-0.10381444741318906,0.5427957477453789,-0.552799109202458,0.03339502505795698,-0.2848573635452265,0.06726701689397135,0.2367023383110652,-0.2490304986624931,0.22820266674178924,0.23011375181284582,0.34204097759672397,0.6060566543836774,-0.26950935632245177,-0.5711829091678631,-0.27319224913933304,-0.0336923453636117,0.6076921123586321,0.26913605728240064,-0.19340024090045618,0.09298605648984741,-0.08162002993999695,-0.10013478874941224,0.48669952122435695,0.8361838860788464,-0.6027872428574949,-0.00042255133706979706,-0.03590411489998897,-0.04243940587071612,0.3952317192067461,0.12587909620012477,0.4572743029547218,0.4299664157465473,0.1825582265389777,-0.45146260460914533,-0.13554133024646722,0.010881508024102132,-0.1273046605958407,0.1755442071886541,0.5829491877779022,0.5988693963507072,-0.8852393355884235,-0.32353987868166784,0.06265735013923039,-0.47580850343547776,-0.1326348821128516,0.27991175631073023,0.5528763503788952,0.203623468016092,-0.08909545813546613,0.5037272276851554,0.5042701946509539,0.352440082434601,-0.06140743867769186,-0.08766295430914638,-0.41691730334379484,0.31705928733531086,0.5777632787929187,0.9167009171771476,0.8851697083855431,1.0167962006628908,0.6985348704453904,1.114926488753747
real_0265,0.2074411437669118,0.41737213784903615,-0.009062211621316903,0.17552659574882556,0.5922511154090034,0.6929274131162881,-0.09581053345090439,-0.37508813975586425,0.048354546073240176,0.2697693255692266,-0.11150560784488396,0.4875894632190596,-0.08899236032568095,-0.526739017844948,-0.15461629432173532,-0.3628741900205816,-0.7069110937659837,-0.3772065283811625,0.0526133608277254,-0.30401208122247225,-0.12113700132637781,-0.16550978129122876,-0.047408734743178596,-0.36788275912349827,0.024622404172520373,-0.18396516440274652,-0.2682680489019349,-0.5960274002446588,-0.7657375720871371,0.13726657214855525,-0.025677766675791098,-0.15911311321910063,-0.4298843398525331,-0.3140098666889018,-0.04571843673208335,-0.056833840889934664,0.8222320040510479,-0.0838591260787533,-0.6682896759934644,-0.4579172940668914,-0.5802740488178572,0.24932899392022756,-0.4523907623431801,0.08824041535300288,-0.3687227024192595,-0.4627792180141075,-0.6628201537117113,0.11120042040513531,-0.010667898557536692,0.4557338284746375,-0.1448882373308979,-0.11090091421529169,-0.45805008334503544,-0.6027001752823075,-0.18282605732126006,-0.2245742328843403,0.1120505949036956,0.09521223067423819,-0.020040375876956222,0.10702245079536869,-0.19885465589252502,-0.11182734173439789,-0.08961635343477449,0.1948577774352493,-0.012677547193468064,1.0707307783817708,1.1350276846029945,0.8612987670855439,0.8029683935378347,1.2471383106163287
real_0266,0.10980663913113589,0.26931824251776476,-0.003476174261598092,-0.2591819186040754,0.20683192639195558,0.9971958268755251,0.5091005564903687,0.4543438108106095,-0.5887909277819285,0.07837925752902357,0.12230737540307103,0.8551908132851459,0.654801488705792,-0.14745710388511896,0.008058975526892874,0.09169770401733159,-0.15981448637113307,-0.17032466583996375,0.16043495120867166,0.16508744243294932,0.04654812054403741,0.169011625032703,-0.8728976782017986,-0.7804309236275748,-0.593946327473298,-0.08804559902263678,-0.25744379048322447,0.43925420902572454,0.35478049275104545,-0.6599570982189399,-0.7706714812119119,-0.9370026066935347,-0.09677810827144606,-0.6690852045887836,0.28584739899941936,0.8033711652760147,-0.20667660351653927,-0.40883415465338085,-0.672332872603867,0.0049086085978651845,0.04390652835747953,0.059757829264307574,0.20481017412716546,-0.30719132690001383,-0.430993656033233,-1.0898161506616777,-0.22931889504068192,-0.2793777783734299,0.489022140384001,0.4579427044256374,0.3829757125667814,0.3001580775875903,0.2990547758041732,0.16298540629946737,0.17854541069206245,0.14478284837786123,-0.054713245692107386,-0.03902739394502761,0.41547892250162277,0.8365436870097164,0.022297046022808097,-0.3602131779871418,0.39283094849255823,0.2610375979505927,0.08559008546605593,1.1519073726729743,1.1109119008451422,1.1662063715335949,0.827831664295286,1.0100641255001157
real_0267,-0.6455439375114086,0.2782359920349248,0.3632466536351796,-0.168481638148601,-0.016310406783043536,-0.20276176496287937,-0.3920088699588692,0.677470507517058,-0.033698731737628364,-0.38019194847179033,0.059700533619148226,-0.15623688348949752,0.3553127421333852,0.09020677504332612,-0.18862352125011594,-0.05822554314673288,-0.027364776867488873,-0.5044453899086934,-0.2727998467611831,-0.7503909861001163,-0.7780076371415258,0.33447228366887466,-0.5639090446787826,-0.5712505352303142,0.11198483026258414,0.4487688399599202,-1.2,-0.3110633275043279,-0.3655830033629083,0.0293493793736546,-0.2965309147110305,-0.8257315264863407,-0.24636779408088993,-0.5867811768720573,0.1998777628651363,-0.5469142190455206,-0.3323049835427606,-0.19928090454762304,0.027632344887955122,-0.3432885226250528,0.34165467492358137,-0.11050502181106545,-0.032845247283925925,0.7326472702672883,-0.09287629070979436,-0.15666288640643947,-0.18180712102791968,-0.20497675056483575,-0.4112790904374383,-0.7942515430649759,-0.23472025508787236,-0.3868113329713105,-0.3057797540341246,0.6027705894230209,0.33413131739359236,-0.7679331676952218,-0.23108104919895522,0.37883048217825593,0.6094396709032025,0.2857488005803998,-0.10217472567775374,-0.16966586663638292,0.057623248105889965,0.1684456055313503,0.2948418182136852,1.02331439915027,0.9760527538866974,0.7315649667258186,1.4914848184151783,0.6784016662290757
real_0268,0.32674982131745783,-0.025250107476385383,-0.09642604719240803,0.21648232696657294,0.3804908095613295,-0.46944952544326624,0.4849477943582432,-0.00489308670460879,-0.2004139807050804,-0.39168082505691615,0.08699632977004343,0.2679989460500363,-0.4935434863667999,-0.37967504239617433,-0.33477320837948255,-0.3474111401749945,-0.48166432588155306,-0.043337412395843516,0.09157712346862905,-0.2042967817546638,0.2885846109924744,0.40289721375896814,-0.8674472675654852,-1.1326236790154398,-0.49959139618216186,0.20695007463105125,0.09321893230709173,0.4103931621937237,0.8767134733022207,-0.20499250519143888,-0.9644380082789964,-0.4086346201060466,0.23640147208132747,0.11907611334126356,-0.5522174645288283,-0.07740623443860536,-0.07051070728796272,0.2596176374328367,-0.05663548807413564,0.23155160038578468,-0.06932842684781887,-0.7922291610080717,-0.5342697862380525,-0.21044046976811126,0.14939437614558762,-0.09204513886968743,0.04618153170273172,-0.7073081517606473,-0.17580525747707676,-0.55387400982876,0.016695120422164065,-0.19986450536677272,0.2101177538244605,0.07951783636798487,0.38239485388781197,0.054050651853062244,0.062012680344618584,-0.11748022742006818,0.23785191295679947,-0.005795616888342893,0.09782587859885036,0.5736119221754161,0.4261258400059953,0.5030175613930477,0.36689719365356926,1.0527634612598806,0.9020625783002932,0.9186112502454882,1.3603483895494293,0.6599354084276683
real_0269,0.3930983432622863,0.6450494513815596,-0.11707378273403234,0.15631356252865647,0.27722330761995084,0.5411280437238862,0.5771003525147663,0.47768110186144125,0.1876288826910335,0.5266862178676389,0.20712539903328628,0.5423452724943936,0.8442691128058569,0.020590460637904724,-0.1735947887093835,0.3591429073442088,-0.3748249785997499,-0.8253441082042844,-0.08168193758908421,0.4568136672414783,0.29703384320335796,-0.30839083048267873,0.37391237625437196,0.04314258889466971,-0.010221352939381709,0.5496477611320315,-0.08874261520598269,0.7631934427249615,0.15512939651908422,0.15194470293658582,0.2581941407207307,-0.2858374090057157,-0.008474505406657529,-0.21790426488493242,0.17950094523834717,0.07021545701164034,0.1560023520237908,-0.12364607694923802,-0.08443335716536748,0.4085776047193299,0.2220892944088889,-0.48179153341052905,-0.1796360352685308,0.03788153844205993,0.19114049969558664,-0.16303072072655952,0.28652088402501696,0.21135836537759076,-0.8607842122247025,-0.47368052118260445,-0.25363969840937556,-0.05688431497391026,-0.24432274852754415,-0.30646275436346126,-0.394785330552163,0.1974391126914488,0.03440751161064791,-0.3707322907849992,-0.27138266050330473,-0.04170906224253815,0.19243695900661414,0.10261421348928214,-0.31709712900633463,-0.08817856753561595,0.14965875727387204,1.0079733021366801,1.08226418812447,0.8830251730133999,0.9176501164630702,0.6432158994534397
real_0270,-0.10837256644327165,-0.22917327532677748,0.15660537205133682,0.05961286294668321,0.11604072499227507,0.10519675792681829,0.5588799151327083,0.0923857719384036,0.37072623317566755,0.2928168340668229,0.05454329736696053,0.31552178058528746,0.012123868366831695,0.23950720929362287,-0.05461374353200767,0.17922167094652733,0.24217082675771848,-0.5233574891283512,-0.7390813893985317,-0.5328834962005402,0.09401682121486472,-0.022346820621382258,-0.014244868712138464,-0.3354642616285251,0.25245080602712994,-0.25753807498590375,-0.322412984205105,0.07545220627353674,0.14813023293495747,0.04455500898295505,0.007208934888833229,0.10431064203236165,0.1338511930800393,-1.2,-0.5046126445570887,-0.4282099073507282,0.12478042311039912,0.09347691029521202,0.7026774845264838,0.10386650302460727,-0.4096655856549867,-0.4891932377708313,-1.065177481133378,0.49264143446794434,0.21033912074043654,0.5013219778938873,0.529526166727777,0.7048082277933655,-0.5571694540774661,-0.09856536594419431,-0.07826254634190581,-0.3943222877731893,0.15024982596479963,-0.3974004445104288,0.09035679580400408,0.4507595436574924,0.20763315866014856,0.18909306630517367,0.2312595878682718,0.5467867061513675,-0.08748199299257009,0.1468347491346935,0.7032487460411146,0.6714939961029645,0.7539092050404749,1.0000126589637122,1.0281960381229156,0.9906825459321321,0.9272833419386403,0.5580944717651548
real_0271,-0.5066866872081259,-0.10827823934846316,-0.46963467451206437,-0.030175369874435982,0.18606581652118007,-0.0875222902296335,0.29081940426351194,0.13530976019333824,0.3702737791217179,0.3063928973378654,-0.4081949042879918,0.013161594129138894,0.4936401870380634,1.0,0.30287065326033424,-0.6513625469599081,0.001067937385498512,-0.2143427066139635,-0.06370643668041474,-0.887185292244849,-0.1448308260472845,0.43980639143801403,0.5068224925542225,0.5107442992093245,0.18648029709273609,0.1288838164131962,-0.24744516655932886,-0.0013507108863338034,0.43836786093978575,0.15063752843017722,0.1916169573654466,0.10017801178304464,0.1603645974936444,-0.4997417130508674,-0.36810439881953017,-1.0301994533297654,0.6062718678897638,0.25788725585658523,-0.058686505810280905,0.47487873075998305,-0.29669212401327344,-0.8050128570042188,-0.24483774271855258,0.4885095934844962,0.020092577310552532,0.4635204146835029,0.024449493538621914,-0.09105014637082447,-1.0628515211701184,0.0010998600916886333,-0.052883439206126544,-0.4679051973309554,0.3445204641791839,-0.03473283083799244,-0.3007429922640616,0.019252883994407707,-0.024991128061236913,-0.1530299400370769,-0.36068249532419044,0.20626454837480998,-0.5034826569781065,-0.33525696320577564,0.11687473029014565,-0.3373378084208401,-0.2223472823776719,0.8917662949685728,0.7827809110877428,1.0557728569294478,0.7701592005623412,1.0273713398617719
real_0272,0.06796239505773251,0.23783417318450395,0.021085256657926932,0.11587473320234472,-0.2557573374014606,-0.12757087374313156,0.08028360785573484,0.5245125971701858,0.1223653826634037,0.053746053730956755,-0.6061851656950207,-0.40647783897448037,-0.08531441315828835,-0.12075836866274009,-0.6084397830956905,0.13333217875701203,-0.06798680583691138,-0.08396490779725888,-0.855377540931458,-0.8375226562961349,-0.9671940264355006,-0.48348100511926523,0.5015843189578965,0.08646077584925665,-0.4186256038663277,-0.1030655640626707,-0.3027498532909475,-0.5546937243484891,-0.3441925568761788,0.025218184976252514,0.011454579152524038,-0.6941931209528663,-0.4279705761470034,-1.102508355854987,-0.30800722970331895,0.11581356930305696,0.8551284661841148,0.44951543013589673,0.4453093795342976,-0.22440878874679057,-0.21322509591205804,0.6955806941078481,0.03078892795647608,0.40278190528082786,0.6344388151481942,0.058949514659246104,0.12065553820944935,0.29182363736393824,0.06753587919202815,-0.18398417043093554,0.07579429062804935,0.12436666196552049,-0.36275239990256136,-0.29323913894174425,-0.30984182548471484,0.028996907931379195,-0.1716328715898525,-0.2396614341144352,-0.5247545576463806,-0.27228514052989117,0.3866152730117664,0.25076364080297364,0.3291716074353785,0.17430604745730569,-0.46945660489287777,1.0474741392509963,0.9898029616023393,0.7984214100752911,0.6183739173549466,1.2812609804270063
real_0273,0.2642084094229158,0.20745056651589666,-0.046781061229609344,0.15983372771360524,-0.07634079391377266,0.3671595648383738,0.28858152965981865,0.40894731526070977,-0.4936419753179757,-0.4375593231867325,0.14149421920049532,0.07849365649033241,0.04076477883850401,-0.3372719731744127,0.25716225536437115,0.3828368303707158,-0.2575608478936746,-0.317189608684379,-0.2583681035363234,-0.0017531233434815612,-0.8602075516840771,-0.0009342950459877608,-0.5373391923070081,0.2952349521978254,-0.006787571224938724,0.18102416719447176,0.18852014253012997,0.2643210799046983,0.685920984334064,0.44124266457206823,0.47923323207572593,0.42161890491963366,0.45062010694763216,0.588099731409738,0.3629721921287293,-0.17877510317002002,0.1318828767526384,0.018094739990452528,0.17985013037683908,0.36746349490542574,0.15092834570543653,-0.20660280549677504,-0.20944740592041647,-0.3036963337410712,-0.22455766468545296,0.35139035810014707,0.28986362888201334,0.5606691990474589,-0.08555350636037205,0.12446325763624354,0.22069149415954809,0.051253346236764794,0.28783528706555583,0.06643620471600878,-0.25334719959330076,0.0707771661797285,-0.02598710907127434,0.18657900189416354,-0.012255455861877226,-0.3075878426710675,-0.499702074367,-0.1630527323292635,-0.3391861000452827,-0.27604678643042185,-0.3548206721191545,0.9854070102379766,1.0393053718111571,1.1448565354912457,0.9766239627182952,0.9966460532687978
real_0274,-0.10976218990790246,-0.22528930764119873,-0.25687649854767625,0.13020160234623854,0.3566998958473979,-0.29564802960243775,0.09149886517427397,-0.09898357145544118,-0.05323177709651133,0.37186616545620577,0.36493445105982936,0.4734561239277443,0.12155726517659404,0.574672099217545,0.029704508972888215,0.2661714327492083,0.28708531933845527,0.8000494872226791,0.26554048114529955,-0.04623603347769693,-0.41429963361018834,-0.1094574813213605,-0.3108470014263086,-0.2013066959249999,0.899255234753954,-0.26219030208290606,-0.10840651724356565,-0.3339628316738346,-0.0009058291614300137,0.2602926549252132,-0.09028818700277302,-0.27931647465141535,-0.7199054778874143,-0.3820621662366181,-0.5204446986066847,-0.5680218509544158,0.11109288217777225,0.04324225017946594,-0.08697486999645479,-0.10193671644497426,0.31281778923442694,0.6268340911452035,-0.36944711194155117,-0.094138133541138,-0.06377094214634747,-0.18445200722703303,-0.3463452770599839,0.028906706674150427,0.12567411007978313,0.43385829070193577,0.0003229452988242829,0.01931920090179947,-0.5883110237787352,-0.2825280385228106,0.11295733276069327,-0.18370375511699447,0.1324962447440749,-0.12325322446651303,-0.006883955288473829,0.1518586807580837,-0.3673219932949545,0.22929087115345306,0.03153337508631712,0.045659854086517286,-0.04706546808853694,1.3139752463395893,0.8650457820268369,1.0126004736669398,0.8004296033511948,0.4348963106655369
real_0275,0.09056372885193097,0.3985589227077273,0.12248230842879737,0.16287360832429737,0.26987007585800277,-0.15805219577486124,0.09324526040573441,-0.08337408029798919,0.15756240479487799,-0.11472189469469554,-0.0467229455332884,0.15547145357964526,0.3268064451815634,0.1097010716546933,0.24442975550070148,-0.7311999793139153,0.26517557105710166,-0.11891573094339762,0.09407608059906188,-0.04806820290396944,-0.2531426847348511,0.2208118107574403,0.4665907012685387,0.3829690636504878,0.20887573341410057,-0.30919328394315976,0.6328271089558507,-0.08417350367165764,-0.27561373609054995,0.0015014690445854,0.38279928262483504,0.4616101038913505,0.5670390227120337,0.9468089181314451,0.11068748939307392,0.2861410352713853,-0.18046969368259086,-0.021870637748465042,0.6154597779887495,0.1956529841646545,0.9768449644097251,0.12310292755787995,-0.12766159496605792,0.25333441962239495,0.02362762576129342,0.7505841920219088,0.9052276669179714,0.6569137491195819,-0.03930293686860669,-0.04633065823137753,-0.11613144508607245,-0.7524551388426453,-0.11491554966389315,-0.29697670521087,0.19127533913150943,-0.11698143530703943,-0.40367845080249287,-0.2292996570468043,-0.45241140357760573,0.3960314983272887,0.3415644588309731,-0.37146830694961014,-0.11765431631894822,-0.08659523158024705,0.08109750190557966,1.2360032353712864,1.0284765089256165,0.621610749337618,0.9830298936675981,0.9523098849163628
real_0276,0.5796509160827356,0.34558933427398697,0.11100325079521907,0.8466066367020806,0.3931843709469476,0.2767419318071952,0.013576498977599487,0.6630772259135449,0.19317228586955,0.38111967570850025,0.2237405633706942,0.33831198078856783,0.8605922588689502,0.5889450362410322,-0.6260881607873288,-0.12152689170047347,0.14423032438188227,-0.6700837048141098,-0.29759575327837784,0.3103644289786024,0.8678299675513195,0.7123712777094042,0.3341611982059149,0.7817301133357444,-0.46442663080583224,-0.4272274560743116,-0.032370831450307946,0.44710403037314655,-0.05599067011368868,0.13154099805263644,-0.11039411378446935,-0.3270519810726522,-0.344045181169501,-0.2615559946581043,-0.8019931583110345,-0.9397124487726729,0.03985885569251457,-0.018038271720475042,0.009150975223160926,-0.017456041901864342,0.6703732542164469,-0.08283910113003307,0.01322298101128506,0.20979849753072466,0.4645593306286432,-0.3075872162801264,-0.171147670334766,0.18871201812443236,-0.012280887867915176,-0.32337349652308595,-0.9867765386893034,-0.5604634025584767,-0.6548604074051629,-0.6171140138911265,-0.4681387050054806,-0.41861217655717725,-0.3090950339150814,-0.9646975977666786,-0.5410563761355449,-0.18125192777291727,0.7745192388170955,1.0,0.05403190061109518,0.350363219347429,0.2648604797012917,1.057876982883475,0.7817766272113317,0.6082817119205938,0.6799588301913044,0.9593002508418482
real_0277,0.1333673786135421,-0.10812311544403612,-0.9516704431613581,0.09212224905053933,0.19984594643387363,-0.20789050214179924,-0.006755439415968794,-0.22997826493579848,-0.0755926879460693,-0.1895276875371027,-0.2352084359120728,0.2048378874268031,-0.21105071164514683,-0.2698100719672306,-0.2958645824770019,0.4835711893872906,-0.5268275310461616,-0.5427415956221984,-0.18941219052763378,0.13573011394394183,0.5334837757435369,0.3615946970244697,0.27929009576880887,0.12659569174851498,-0.3794645213969774,-0.7370469920315013,-0.13728431392829102,0.003393559986451046,0.12354455819568667,0.6408763585059105,-0.7897444890292573,-0.4214786446809093,-0.8491970345094698,0.509984576639948,0.5587435871650251,-0.5137404903808911,0.11122278452422736,-0.19461698992232876,-0.18863513475204666,-0.6572153550333245,0.11838187204023047,0.03310886726942604,0.34687441912710465,-0.44927142151728444,-0.1382082211289257,-0.5206866061054556,-0.6294133487830466,-0.3038683955257265,-0.2700351118557749,-0.3012004288268899,-0.19927641815736394,-0.4285492141210493,0.33410668262734644,0.6371983457351231,0.7348529984338411,0.08466837820123865,-0.3745630670487437,-0.12554366447159865,0.33599377768854494,0.11131608165356564,0.3790867447709564,-0.30602604892182267,-0.5201898878755505,0.2616305205605791,0.691668879838176,0.8855414185457848,1.2004279150018256,0.9975361414141377,0.8476051083379484,1.5239996875563597
real_0278,-0.1612346256013991,-0.6139467365485222,-0.4958763457339096,-0.5362894605657281,-0.11019936592103581,-0.36799057100215965,-0.21842451035589605,-0.3851373969818624,-0.04136593232830625,0.09393502724302918,0.015685953359918643,-0.05108540315592406,-0.362622296067033,-0.3770781525864602,-0.10460182180156022,-0.38817637572381974,0.031706087933094755,0.8473355629891397,-0.17235692980214803,0.16512233523080921,0.8528668949057839,0.4486525704936677,-0.20258869008905167,-0.06793269870840798,0.3321291337679635,0.18120550724081771,0.22039151229727622,0.24211347561870952,-0.05980372911853212,0.8242400422283216,-0.19436173370127244,-0.28441037230547794,0.10309188092688723,-0.3012675140386888,-0.2190915986624319,0.13612481717130848,0.013410546402731167,-0.20299209387136138,0.28868375475507974,-0.003269896259323857,0.07511444600786712,0.7416473743095292,0.12665707274075683,0.017037203246139953,0.21884194810775226,0.4562325427055392,0.37350587688913306,0.11785265391079437,0.09254218677497068,-0.03535469792668609,-0.3702040019719949,-0.11474634195587853,-0.08158422260482746,0.20213182409368827,0.37182239798643413,-0.40564388977457166,-0.2593666262058973,0.015208128460771917,0.2082733755168879,0.5297578773624273,-0.17037842502782624,-0.19206318950527237,0.15319857794397312,0.4313733997872549,0.1556747987536664,0.8331382792024873,1.1871924977589148,0.9558065364427292,1.0297254190605662,0.6357155217701109
real_0279,0.1379637483710898,0.32228261358092253,0.056252386121050484,-0.3467981574832265,0.3278294045706239,0.39680425737770375,0.27118548857996644,0.25621585786342654,0.1525481778024149,-0.06791801272442778,0.034353040892539155,-0.3556980532282039,0.042853262015462884,-0.432581429843871,-0.23997171813050558,0.014868082156058672,-0.19065638436731844,-0.580829368467056,0.12030880882754358,-0.31688548207002626,0.16452142750010398,-0.023576541771756894,-0.15223687355067997,-0.40930553592503294,0.5551254600905882,-0.06469572948024328,0.14039973636624298,-0.31834889468017247,-0.25931623838086126,-0.837993758282383,-0.7595481294581344,0.22496821724050517,-0.041806788400686794,-0.2489205459802323,-0.26555690924469927,-0.025691030673898236,0.33225694555329083,0.3376089302279408,-0.16235578170010403,-0.38829661647075864,0.06478301668583603,-0.3286811578941743,-0.17695306039879322,0.07294951852370297,0.012646066348935012,0.5942984106844378,-0.22178022469107023,0.26008053032043915,-0.12068537670547606,-0.7608867745492323,0.049132622913420555,0.1061124915805322,0.3022505450546189,0.11300721795639303,-0.35866957383736214,0.3239531069441652,0.1972223249648109,-0.11090946299662155,0.34652285525461884,0.09088494416016282,0.24360485729052594,-0.21500550678785893,0.24383805620074406,0.2666805942473178,-0.2636112425471475,1.1786714429633298,0.9621223998545553,0.9793159772850732,1.0732419195567875,0.9023305993502011
real_0280,0.38888955521324803,-0.28752380550890233,-0.43264990817830806,-0.13743096810716204,0.32907116029883865,-0.11763385475540455,-0.006483246661715797,0.05415244813025526,0.3508024992326711,0.7244439766169282,-0.022907838284443725,-0.28095882631543156,0.16095945742703413,0.7205821469481526,0.7926312032306728,-0.04085719026279167,0.48147815210459705,0.357396448660405,0.29472567424766644,-0.02362248803856566,0.2685552011417213,0.3060471860932762,-0.6063403997667971,-0.6626391750477987,0.1344916810947641,0.6975320374524355,-0.10848277555496093,0.008661217358028196,-0.6131143822720183,-0.866815169196724,-1.1102130792725218,-0.027281036309872986,0.42919195133399735,-0.4996134030897939,-0.2440418528934669,-0.6626135001278609,-0.3319797006056982,0.30634346588868705,0.3029923278236871,-0.3125682827756344,0.3085336948776856,-0.11646189208574782,-0.3338037970507487,0.5309990686107103,0.8482261247533405,-0.005596060816557966,-0.12382993200453399,0.3375620556105684,0.5837416806091753,0.179715715474815,1.0,0.6655413976275418,0.553831395174808,-0.07982555468804543,0.3065589549028868,0.49130872591181834,0.3988074194322523,0.3480630951025102,0.176401678011424,0.2491441511605864,0.3958265546037139,-0.07863961146303523,0.6269120289473562,-0.1632818294202666,-0.22562231982904993,1.0394123837720708,1.054518150675861,0.9944035086939564,1.083494391748403,1.426463170136141
real_0281,0.316932763475963,0.3538642726287483,0.07486400660102341,0.1336316482691249,0.1816720597636243,0.17951972598150762,0.33269404500923266,0.5271392368631992,0.7978312771728798,0.811174635650118,0.3597402647071828,-0.05125690955576705,0.042505581678135215,-0.11099058442177993,0.1414923556545359,0.21839960081498244,0.18212548835145642,0.4443940048781378,-0.4084651612806678,-0.43925185048195414,0.09741437349309631,0.3118967936134071,-0.0172626017484682,0.1270968900034893,0.37441220625863925,-0.0059860173485831464,-0.2262750537628633,1.0850920297666078,1.1720036458958538,-0.2812757342819506,-0.2883030442123163,0.06824689012240755,-0.3197972215903659,0.3083565454353631,0.448896571387104,1.174863346214716,-0.23368529038337063,-0.638101325191678,-0.27983067966773845,-0.10330349763816242,0.3833212491911597,-0.09686965335688988,0.4407550346166862,-0.34324898946880383,-0.06875344012287908,-0.10769416583807111,0.135412332329861,0.27807129309605827,0.4109134618735013,1.044213507968233,0.5777245022303913,0.3504869637989963,0.06715001816712836,-0.47283952780247035,0.20592467541025913,0.03556512191892429,0.231258034152358,0.3790516054336143,0.12624107910045276,-0.5950515088797166,-0.022263526723210934,0.17123485974096012,-0.14515998886410483,-0.5034860929814057,0.39945637397735223,1.0720215105087416,0.6385117051300188,1.0451119679020362,0.7359022031685925,1.112494585336637
real_0282,0.08719022792752644,-0.16936899832111585,-0.011499754142903782,-0.15798387568044028,0.15630927025772162,-0.031003243693719987,0.11444905878369206,-0.25865270601965995,0.18009347578150092,-0.9695258501971441,0.360968098274326,-0.4859215618356236,-0.3327624792917107,-0.12621424033980014,-0.1418345245091199,0.06959970708894983,-0.01669381108586598,-0.49866985786673923,0.19036156391513148,0.9445274561330786,0.0016590010096093847,0.2301236754527203,0.2923141172265225,-0.05222670284630024,-0.12651061420560725,-0.7390599613123484,0.3530136568067185,-0.06115707571929659,-0.9680040584263713,0.3026523917792393,-0.02714751696950503,0.36728591046244347,-0.22070863375565078,-0.036443839002564204,-0.36239049357263137,-0.18382168873197732,-0.41134423190925967,0.18693878488327634,-0.11681069488549534,-0.08597585974852961,-0.2799128356518697,0.1938377864395878,0.019334881194532826,-0.22769555988798362,-0.5061759559335253,-0.9757059322531763,-1.2,-0.9529210263672145,-0.06225874192248034,0.1705886084916314,0.25101015217541156,0.19316418726628845,-0.23894793472386794,-0.3612442576715523,0.2466368450516909,-0.3477782886475271,-0.16157054462347525,-0.026235312465514814,0.42550126058719867,0.2670409198277109,0.5025374205508144,0.3212543373321578,0.05226642073398014,-0.3906329236610748,0.19507158952215312,0.7383121019538711,0.8265478509602001,1.18952992196966,1.1709371460271123,1.1408282683791062
real_0283,-0.044698819638117955,-0.48579916287163916,0.22351209188031276,-0.04453263940553271,-0.2566676317117514,-0.028268954295266536,0.18406349078514822,-0.011115285498333547,0.04472135139134535,-0.4158077582590376,-0.0420713409688394,0.313772672053201,0.13108579914890206,-0.07549673639022589,-0.2761037114065687,-1.0205980634886094,-0.6298756489655181,0.1602949011185485,0.07873500190787341,0.35064557191224505,0.015291432846079457,-0.09543985512021821,0.08893502631659787,-0.11304237440680814,0.03173778843512715,-0.3348805660813829,-0.18306312531069965,0.17010915047953382,0.661170683830025,0.5430415441378436,-0.34254689138716865,-0.359836503941999,-0.6674755981728692,-0.11168588180184927,0.10289461447341008,0.47945182514243195,0.3239789148854481,0.1209325882502911,-0.48871757942432187,-0.5510155120572646,0.7555994181976649,-0.017718086935978865,0.18212254819736615,-0.33740971239896994,-0.19628919414602908,-0.5000628923810837,0.17882028497034638,1.0600561478801491,0.42966407722196087,0.2524899199020366,-0.06212587215591951,0.6284795473445027,0.9859239893772269,0.39150064802690204,0.3634591427988944,0.7647559500728647,0.5830926994652549,0.6072236719496432,0.2623166850120943,0.35595703588966104,0.1498268731719621,-0.016625659727615403,-0.01836503308485625,0.3338474610199956,0.3878212180263136,1.139115772233727,0.9559331619771805,0.7777790198164883,0.83995766067963,1.0286461092559696
real_0284,0.2306672156491678,0.20993890105367832,-0.4839107374351815,-0.8974034841910657,-0.215768731887795,0.5676533289382094,-0.07075794201705195,0.1380652750096176,-0.8112490113820239,-0.3558715875137036,-0.06030422272600045,-0.3277596948010628,0.2619577856906695,0.13706189783663777,0.38744566450971285,0.7662511059354274,-0.3081969869889597,-0.20684356574545196,-0.1626547324026589,-0.37710855619214384,0.3086156551534163,0.38977924961092936,0.6799829399882898,0.5601667268459317,-0.20826128883127998,-0.14078778677939582,-0.36772845452346564,-0.330566563800276,0.9873026914083389,-0.022921807776732566,0.8618130673188398,0.36790513455997714,0.3445549848994329,0.397675705967361,-0.18204878900822627,-0.5528395080978273,0.24268869604093535,0.5690096533228463,0.04841625571603064,0.09317863638464124,0.06380052970422857,-0.5620018525435961,-0.19740511269519787,1.0302221699912917,0.27959935611712866,0.3540906184605122,0.10959702863497409,-0.6640812024267512,-0.2663361448132635,-0.07465736379529861,-0.3591663432788703,-0.7934448452543285,-0.30985096454228284,-0.44160335853737176,-0.03625231940937435,-0.8513803624705638,-0.1679385986468187,-0.16700339317831614,0.5607263923953627,0.07542309532410063,-0.31395439028475636,-0.241593086737498,0.30426329374848526,-0.16443992883366182,0.3619236118653375,1.0681630507321545,0.8391800467859711,0.7656056814198411,1.1265715829214613,1.0824858846643162
real_0285,-0.4596702177819073,0.3024991592511255,-0.14378650733403925,-0.11238673867821193,-0.24486122981299638,-0.36384465487211787,-0.4221830724625387,-0.2262315758540745,-0.06167508447618597,-0.006483511375666199,-0.5049068180285056,0.09232143028184266,0.1859971832710104,0.15118843075918859,0.06730079645747003,0.8672251627950076,0.45673144558779305,0.2370012177229604,0.581018250679949,0.4581651184750319,0.4737352139897627,0.05000810019732447,0.05475928709398963,0.3574426207358939,0.17871770580258914,-0.3563212582473173,-0.35400106747762755,-0.004442881190231631,0.1865586535805297,0.6458805791109351,-0.214643924955918,-0.4173639019480268,-0.32307184428905084,-0.7163103535887977,-0.957383398297208,-0.32337495554966234,0.7767941544603782,-0.23694403632841096,-0.3296272411626857,-0.2752690412834095,-0.74968356180917,-0.48660328288420623,0.21655157781157658,-0.32299954540464587,-0.011012312053971653,0.14430634878275117,0.0037985980414938793,-0.15655000832399113,-0.10878143180955682,0.5114025683182756,-0.19668736015854468,-0.46609892472540837,-0.9690638189433932,-0.7439811483526094,-0.3802899626227229,0.44989363427679124,-0.7587852665384474,-0.3689431009400632,-0.6492549148764296,-0.03929493797740151,-0.17441275763450276,-0.40665465229395953,-0.7344970993345649,-0.4689245220683801,-0.21977779867596547,0.8334353973378283,1.1071594723945988,0.7813352284225235,0.9978722646763614,1.194402382569634
real_0286,0.2238965358467402,-0.08800903701305561,0.03380641879915154,0.04827968195806,-0.025484534151637477,0.2740435698739324,0.3631301948666852,0.012534069346074952,0.2949788538589992,0.3515051690154456,-0.10868460312942153,-0.1956660151782413,0.06855747784328099,-0.23533418107111975,-0.01597169061760288,0.17927480311922409,0.39316549721974836,0.33858834512294506,-0.3797271379066147,0.4123329122265468,0.618048522202062,-0.4947924799588933,-0.21795949234453418,-0.24684427565706213,-0.3669707535484128,-0.4967594879088299,0.45218194161677383,0.44807311617130596,-0.13589564830566322,-0.40539201626570087,-0.1885708283011632,0.2037949981388768,0.26293999033053156,-0.0989231475909287,-0.0800792500270096,-0.28101621807434934,-0.010333055230626227,0.20550838770500154,-0.26188570119634147,-0.04682236409319956,-0.1783364214526602,-0.1648228276722001,0.3811635253269824,-0.5867602259386498,-0.11902348236051662,-1.2,0.0718628786099039,0.30405424420739996,-0.490385406753792,-0.23774330850040296,0.29353985155158874,-0.06618506515090629,-0.07431196364132632,0.1720638673100685,-0.13128569097833645,0.37563115524721485,-0.5353958235439484,-0.13981585871039534,-0.4399176648396826,0.0836755967663096,0.22900732951804112,-0.39784334949720673,-0.019888996036816445,0.09218628471383679,0.14443623328814384,0.9292712788825077,1.2995944796121992,1.0577833334337414,0.7247225001844104,0.7976284202768085
real_0287,0.45138984171590496,0.6268004746710144,-0.057642256005752006,-0.3936871394637563,-0.21865672454732019,0.11100282648225772,0.51365236021949,-0.11877244225037611,-0.29705592056915164,-0.23288945215065218,0.004186230215382495,0.2887904938350843,0.46108530164436046,0.14799518834231917,-0.46123587879217426,0.5744556778875156,0.38816369631892933,0.42720286647225536,0.05799115376267382,0.2906328906921983,1.0367782813531183,0.305671819673034,0.13117510644954175,0.3359937925227447,0.32263165994301246,0.2970311010754157,0.5502423799879411,0.27096027167782577,0.15538225804754016,0.4586359821083992,-0.2456958698023331,0.33041407595009764,-0.05942288605724919,0.550974007902037,0.29778636226641003,0.23877597678080556,0.34131056461662945,-0.012022465983489864,0.6925857288515099,0.07519607901650961,0.5837065522906859,0.602065422286655,0.8477438225476662,-0.6496489851140542,0.25132124988300897,0.45634111730118637,-0.0031514882002988596,0.08419267227813282,-0.2224038441390009,-0.35988783977622585,-0.0744186166538658,0.003510586745045,-0.532341459705895,-0.7102074757142463,0.22939278551366785,-0.1968859295939519,0.06088400302127271,-0.3574245025714447,-0.40945756826566465,-0.16691208268784596,-0.3361033620342002,-0.04834068527818114,-0.43074341722442805,-0.15212188003726795,0.36846105997456313,1.039557580653478,0.8235077920856047,1.2489894757292892,0.9367604590837624,1.21951464472705
real_0288,-0.37491688418549995,-0.2941765408891129,-0.36527814180617574,-0.6788750305522407,-0.6253209556348048,-0.26887941149962225,-0.33648478761183204,-0.4806332969484163,-0.6075584875099775,-0.9032567559514162,-0.20732614773934416,0.05863933579172871,0.12298369486087082,0.10800947793552394,-0.6910408932135947,0.058564056067526474,0.1607899966363018,0.37835993491032754,-0.48761967931025346,-0.009859034764458582,-0.0660893268881763,-0.1213335165763053,0.09305280072324172,0.17988782020410282,-0.15588871689247621,-0.7113966913770888,0.14704399257229397,0.5422760720789972,-0.837996064711082,0.05453348900263773,0.21550378285907787,-0.11556735759730656,-0.16242645647630127,0.548313060808703,0.38479362196209294,0.05873221560787653,0.7210278589542756,0.15087834935504102,-0.03654837392264683,0.0033833152004652633,0.6778094376322319,0.6861800594049178,0.37190435015833656,-0.25169331148352314,0.10316951619939689,-0.3964834843994576,0.24103788522292394,0.1978530060930026,0.4815646999700526,0.17863854789038996,0.04749752892682165,0.25164477377919786,-0.2122531865500498,-0.12363805872870566,0.19870024931787508,-0.2298511503502763,-0.04440368823473099,0.1981861800723881,0.36932111512322086,0.324258991273455,-0.4928650009975461,-0.07645856610614461,0.3457930212474369,0.3043013978692764,-0.04846572431915612,1.0078700197534365,0.8743804893872211,0.9137321123520978,1.0730727484127536,0.6567492457786153
real_0289,-0.05053594013616638,0.002170949093245064,-0.3110210148603519,-0.16329230271881995,-0.21823467362550164,0.25474901557481006,-0.03334612451636172,-0.1192493792485748,0.1754653394627587,0.207333900117523,-0.013422041279034702,0.3193649583301189,-0.055251766153354094,-0.0828532405579847,0.0030772238826457313,-0.6956489180953634,0.09530802780733624,0.27257674156637307,0.2886094733255406,-0.13371536582718158,0.5512596546960193,-0.4129778222677118,0.37092237288062385,0.47185568369392605,0.5051743556798898,-0.042130252723764465,0.83311710151271,0.3566112972109249,-0.6574966394937781,0.12458509443243851,0.8634006740927845,0.4843952868617259,-0.007021597657063709,-0.3558604827997819,0.05690208536408295,-0.6048130386945815,0.37632903748584245,0.050161320067965504,-0.186889243867454,-0.1880859647638546,-0.3155686671909628,-0.5622356698246133,-0.8047016377346973,0.34360709060951866,-0.379857675181334,-0.1647813676755454,0.1742551990354673,-0.6816824166702516,0.061225866818775225,-0.6836503204444326,0.01579441017850628,-0.00772971407092805,-0.15506925620611722,-0.03345236028183763,-0.07540186639771107,-0.17674395710305918,0.47416033349511816,0.253924687864505,0.4455363804680508,0.5294302012646073,-0.744611504055259,-0.33138936132650765,-0.1186287589439313,0.298580275294355,0.3552245150331242,0.9561743221294667,1.0353172552464895,0.5,1.1225930760949199,1.0820919932078845
real_0290,0.2156641661543683,-0.4863060113469483,0.13439664688136413,-0.00992396036884296,-0.5170976225123751,-0.01804042837575812,-0.3328224187135275,-0.5473120085727929,0.003998869715482575,-0.2802865141151848,0.10388342223425208,-0.482757191572096,-0.3779994034093969,0.4936802808677218,0.4354048502109635,-0.16889407344294274,-0.12645059677716355,0.1797382553003441,0.3003919743712282,-1.0432310145987755,-0.9509612265106173,-0.8498495076704347,-0.3877569128314135,0.17600720515343138,0.29035283636746095,-0.2188887428315557,0.36232573221819087,-0.5746886710460117,-0.358559283328554,0.13602591344146622,0.01663462557274902,-0.33504222094682445,-0.11748979262826337,0.6809622044523952,0.3236749549960244,0.30681698567875987,-0.43459665299016215,-0.5087051160387985,-0.46860633187426115,-0.514074738791606,0.295102269940505,0.4954731312329299,0.21221019861475715,0.1741474467716392,0.597512029553055,-0.5021427591873344,0.21675433688778725,-0.25636424803226615,-0.4279660469708087,0.41140351084346255,0.37808829206274247,0.544644730079575,0.6113647159780959,-0.35528902836260745,-0.09485518895107425,0.6264987976998888,0.3776835392655416,0.4612995379957134,0.3470521727306328,0.24166513749656676,0.4009030824024665,0.3879217327833166,0.4387179035246898,0.6892102804643122,0.22774549556409832,0.9844767597901058,1.241667422274943,0.6592014274779249,0.9718024205111163,1.0446852408215819
real_0291,0.12448556643883764,0.3345589117767754,0.01875774501552799,-0.023086925312245224,0.11579290286220054,0.04525416742047474,0.6033825460184133,0.27904408470937475,-0.37583283313107324,0.35590526799575045,-0.3570178292804933,0.06930091599972665,0.13283806430422435,-0.4386619598820096,-0.1310154505770571,-0.14594468191871854,-0.4459695063785295,0.430077325167826,0.9307269653203073,0.6057219013889351,0.9468059115371346,0.5294502532513283,-0.4849541041295551,0.11894463729831899,-0.11353170209327867,0.2034189468816429,0.6263593216879595,0.6797710470020765,0.838942128990553,0.1984576899340597,0.14641456242801798,0.231780097810319,-0.13891579134791088,-0.3847308532291713,0.3097232255461086,0.3811164806203884,0.21529715785068176,0.2653877822161034,0.35887730148113134,0.015518051605071357,-0.6868855728518055,-0.012164922672433317,0.5132665887815314,0.4003875731653688,0.41308611506117615,-0.22942850185671912,-0.08899142454073482,-0.10220002643485698,0.6174094551078187,0.5928842757836184,-0.1654412115464311,0.42500274472790733,0.21005584191684645,-0.5931005639501545,-0.49187964040269105,-0.1669589056064686,-0.14914069413300363,-0.06661417263467101,-0.3585560294765271,-0.2820041706887423,-0.158045128785199,-0.3830448889608287,0.1354855297552855,-0.5141429492873357,-0.4590897589825408,0.9622033932689672,0.8166438531190146,0.8333926554407977,1.3063557781202106,0.845926727951973
real_0292,0.11135907374629267,0.06468878585690288,0.054488142585827806,-0.11176150693900945,-0.2697187128523768,0.8516591843270217,-0.2189772111476771,-0.14433557805987787,0.003618216946324549,-0.06563389074153494,0.5414044622304531,-0.2437051169165244,0.008820522160223531,0.18878816181406324,0.07844404877211561,-0.6153446541683844,-0.4023094525409185,-0.7276151840463352,0.5072998936338704,0.12338938203367661,0.4466676015670903,0.17500003323052152,-1.2,-0.8158431285751969,-0.41208767111495515,-0.181379933801929,0.3069273477152546,0.13035156412496673,0.16950517830660297,-0.8032567077537321,-1.2,-0.5966029801598864,-0.17597816297165006,0.40660131163645113,0.10349669413706794,0.7190382491902706,0.36856549355878687,0.4472368633465778,0.4082449466773298,0.1008059955095303,0.232516504385207,-0.015344637749062157,0.14810356400646468,-0.1252725344861152,0.16245157638488303,-0.13925205824761813,-0.5102958522799508,0.1031580155836767,-0.5593012764832624,-0.8080090681535724,-0.011596348799221825,0.39977192380920135,0.3701887189550795,0.6307256239543351,0.8688517145121667,0.21638265740107016,0.3108741380791977,0.6225288407845213,0.06583078223311524,0.5341671803152663,0.07103413474680773,0.6198351085961269,0.11147230526799243,-0.5588234094667297,0.2821092051733009,1.0228843768153704,1.0373554183460414,0.8884542225009571,1.2015021541973119,0.9943286811685883
real_0293,-0.025331329695520707,-0.16000313850552184,0.12547775733252256,-0.32814282640991266,-0.3149609324942705,-0.18932300299060456,-0.12360730679585803,0.07077370457128734,-0.18605292182578564,0.05302196276508276,0.4661062414926398,0.3092852895273103,-0.021396398216751156,-0.5004023628184895,-0.06908996003697111,-0.45018394284308655,0.7240162249425864,0.2753957915550728,0.5824900298610223,0.4904730675714801,-0.09887160664630014,-0.3870622459090891,-0.30929008061706825,-0.19435148623829976,0.3320348954049474,1.023132079722582,0.4988982383673258,0.38441441586565284,-0.3395357667042696,0.9323472033326254,0.18033717864044826,-0.10329506400071711,-0.0029837519861961896,0.46126142095130185,0.5864427605052821,0.24903663476884758,-0.42183571398643566,0.15564439445164868,-0.04750914783319667,0.45984766294509144,0.5877258120414235,0.5594157055356677,-0.1628959405966092,-0.062488673926960996,-0.42577183560784676,0.09498340924469169,0.49397589553714133,0.35758539271873707,0.30640054260209654,-0.6630789521360052,-0.2316218475033503,-0.5750436841424201,-0.18820795150205824,-0.5635071733573989,0.11485681703152151,0.05118217522787457,-0.32075755250891025,-0.10676595333458155,0.06544154020375285,0.2491513521436041,-0.5769273533219714,0.03069146924140307,-0.18325169819877088,-0.4044026599258138,-0.5748724034545336,1.2207237959489736,1.2731948276219662,0.9183222745490547,0.9486691767200495,0.8443649618336118
real_0294,-0.4143683994682147,-0.00704311350650633,0.0008711937561615634,0.3508792881577252,-0.10923672721738174,-0.20013802307181527,-0.24680173994474106,0.06474871113893471,0.07841128444771261,0.06789784138208514,-0.37933684721781313,0.17002904390850865,0.013847129304963648,-0.22867591014246458,0.017241006624849925,0.1087437782368585,-0.09081468723988777,-0.458537170061026,-0.23493057093907208,-0.2541449168433396,-0.45316091022595456,-0.014235933434761362,-0.11164619237765458,-0.3898359613986088,-0.8863497901844615,-0.3365851489702037,-0.6587330403662529,-1.0091287373195543,-0.010533585391168127,0.035570138314760566,0.47755403390321177,-0.6359250920371754,-0.1878935639943398,-0.9727522057610208,-0.6484008992386148,-0.7195315675052383,-0.17255255088754604,0.18327364792960987,-0.15418868772666294,-0.9856039934208144,-1.2,-1.0538958059331287,-0.6651849268520647,-0.3055834644674591,0.2643216160356366,0.2231451336826667,-0.251651803615411,-0.061259365569836605,0.08924990707276755,0.04558406751449417,0.054062551009752866,0.6456958658849025,0.08757959196112286,0.23801270699055047,0.2899902575186891,0.315889120562046,-0.08951391031605199,0.05979423618261602,-0.041990903973662154,-0.03926369763371663,0.18105627062768204,-0.20438843410725022,-0.2718199862038182,-0.1617578372334895,-0.3850501276628296,0.6150012338603054,0.7522361277731099,1.0077162245961835,1.150024362427389,0.7320746682845639
real_0295,-0.24104018007169872,0.002005744575228805,-0.9839949201628749,-0.26451201208241615,0.320750992647161,0.23345613060006892,0.5679311243197479,-0.4403760531728654,-0.16997568747525413,-0.4612471272989198,0.40984246775411964,-0.12543595182379114,-0.22796834128642834,-0.5457518157666383,-0.4659444271806478,0.2631899123187311,1.0061484523997093,0.7175179652190735,0.6756118434067726,-0.1628804859075842,-0.31721619063707235,-0.4270069532240194,0.3098696109941517,0.2534848627530496,0.5088783650263086,0.296187263255153,-0.5301737811758155,-0.6764565665750086,-0.5507532312232856,0.4794069227091634,-0.2600034717291328,0.20797388947670076,-0.1271003288115287,0.2177373671200632,-0.03988585116790435,0.12104008117822218,-0.20599145963925328,-0.32979554698655306,0.29336818229622635,0.48935228118343327,0.07574412482607745,-0.02947696172527223,0.09629743989528729,-0.4001937305593872,-0.4984467480905768,0.1642076313998932,-0.10956789910484482,-0.7052106818730666,0.6747854654938482,0.7318048242408002,-0.04956704563675471,-0.5951662694240025,0.17658932941991842,-0.395478213584136,-0.1873727490415967,-0.26317279385788117,-0.13763474084356897,-0.6564855645244215,-0.3334001354138315,-0.04837003496490236,-0.3629664150589631,-0.13399451465592227,-0.45777756140509784,-0.28762003310521894,-0.6891241083137092,0.9644724603235474,0.8078396189731252,0.9376507338355106,1.3867586970376373,0.9115963145965889
real_0296,0.21356102149275236,0.13421305812803297,0.3315628719898862,0.4864396350298187,-0.1265190368631376,-0.07894632571348265,0.5870292485866488,0.7967221061067987,0.3177094893047868,-0.29146489251288177,-0.3651184688162802,0.3720638297768091,0.40655105644833234,0.17696929483843407,0.4641982405639193,0.17462899671620946,-0.48197259607351256,-0.4586085551964764,-0.14900620826351194,0.3812041077865931,0.8805201214411965,0.7667266136830478,-0.18663569935747676,0.20433046077036218,-0.12686519879126232,0.01639979871854681,0.5131702232461197,0.6306303838674776,0.9639942004152144,0.6961911142512971,0.04910116821609166,0.5037777957384686,0.6537673189732043,0.15961876061257232,0.028843937446992495,-0.5755600688829212,-0.228359333498074,-0.0912194320667046,-0.33883595064879124,-0.2211313709415178,-0.07717905927368089,-0.5043014917542239,-0.4850639637282854,-0.9468780058445779,-0.19668364249757814,-0.04628932000028614,-0.3419898843597066,0.5406516455189578,0.33929160969516203,0.2710944452597243,0.5255690418321401,0.1192323339500132,0.09714835111866825,0.5735945781821835,0.2808815496765772,0.14642737357067603,0.11946957619578817,0.14845489712545473,0.3437434996193797,0.02837016318164669,-0.0494500360179824,0.34091419792883004,-0.21168632667248846,0.11053699657342832,0.12763022157030415,1.026476863205867,0.9364590090308743,1.2098679221086814,1.3920969201566054,0.7240028411570847
real_0297,0.40431362779625557,0.011935650939989573,0.127488231543494,0.2838032429419052,0.15238732867333948,0.3450118988473777,0.07665436576031606,-0.047082583500853974,-0.2306414139778833,-1.0,0.08508153990033442,0.1679763249280584,-0.1435234352788734,-1.0,-0.3187588535312395,-0.04875298195150034,-0.07498802940216547,-0.8548121182447825,0.17985683131340346,0.7214320657207925,0.20150729364225495,0.442090476647814,0.008931614943359428,-0.1900965725947693,0.3818573595308549,0.26354361898009215,0.5164081899740128,-0.08384195798060552,-0.08085603559370344,0.4039955248622139,-0.025815152742496423,-0.054400371772461376,0.07728644707048528,0.09928525297995369,-0.002601069645013266,-0.7328642172240792,0.25702424803788504,0.06398595292765026,0.5733077764761894,0.2258556400170652,-0.6864061661528298,-0.5857747627726891,-0.1121504737570595,0.37530953262015637,0.29461119103439154,0.23588982431021954,-0.041603757212428635,-0.6107052595016457,-0.7418986514064834,-0.45008504006616007,-1.0,0.987902538097259,0.7989944032734415,0.7026177077001776,0.3084029314840313,-0.5982553339522282,0.323311973644214,0.4130423904171598,0.8353351580227565,0.2510114731085083,0.26411064793886885,0.11721504591115399,0.49464589237165657,0.5014093368602661,-0.09730215358575181,1.044399098453065,0.9219117380716884,0.8647965388637262,0.7544000238355005,1.080699366023312
real_0298,-0.37775316126122394,-0.23332211770050082,-0.24422437056138396,0.28219087600065634,0.5886567061587042,-0.3219566141301173,0.05255388134416193,-0.16776844645780015,0.43027375782051147,0.6111143978863065,-0.7240217468303627,-0.560065312611673,-0.7097102947768595,0.05555005600360846,0.12004814181022527,0.9592685061363856,0.5858137134090551,0.8676229142057165,0.8584735258753131,0.1945836604737189,0.1927423557678448,0.3467570754042436,0.7315286664232932,0.7482914942612013,0.2765497101815361,0.5894407333703817,-0.1894533000155729,0.298323848197449,0.37394683393129224,0.6278769340266172,0.5205354292861698,0.31180134026339384,-0.2846230847460753,-0.2797599910235665,0.25282331295129146,0.21287396701183056,0.4602360495861582,0.7485794119684994,0.6963337252245434,0.01010447402806094,-0.05004863755146217,0.5425878793583295,0.0604325882943443,-0.5967999511113329,0.16141404939605752,0.7338514696816514,0.2695638711814826,0.2930327923080005,0.25833695047161975,0.044430993789573964,-0.5460813520944288,-0.14962585782861348,0.13080475475305686,0.21044003765434377,0.210279073888768,-0.1323953644788764,-0.3364723812762037,0.7185031940923134,0.25888005990959745,-0.0537883892556598,0.045613667809077954,-0.482547241896846,-0.2032592329983903,0.04151064610520696,-0.4846904324627637,0.9442128128018066,1.1218901931630467,0.8275364081048914,0.8146933777685699,0.7124786264619092
real_0299,-0.3350564336022539,-0.18558605405780812,0.1000568006850846,0.252224259933838,0.23100745234878103,-0.10397077057531794,-0.006108611557895677,-0.16444077724603764,-0.38500519190740595,0.4876178797162868,0.16091219740466098,0.16224269194134186,-0.3808190265221047,0.39794323208100824,-0.09773695557275439,0.4610897768574568,1.030501507163846,0.35593523073413835,0.001541457705538403,-0.1373345158214093,-0.4217902736113636,0.046618310165513877,0.7271297220291365,0.8017906292440794,0.9589178067357981,-0.014628590738660716,-0.5179460955741114,0.13685766955429562,-0.2836594159660808,0.7781006207886534,0.3088688338052841,0.04581563300956057,0.5417215762776304,-0.07127947344187989,0.026959182988397543,-0.00023785942087705436,0.5401710291269646,0.7312323936503098,0.8656785688510681,0.19406150058024146,-0.023880452161515676,-0.2538838098154407,-0.20421009532598663,0.03031312874952374,0.11074112646820031,0.4723358222932168,0.4264632019136769,0.22088372413374247,-0.14157199557923217,-0.11855001242091917,-0.19731896276071156,-0.4244909722115614,0.10784923878333767,0.1492351492434555,-0.043367694711476036,0.08900552477465447,0.05847788428991135,-0.6142320938165434,0.11438157994864513,-0.2675733126485566,-0.018712812050613897,0.16548740648426524,0.21319427671848784,-0.39218730768849075,-0.110915754205597,0.7364917326282125,1.0362489579731258,1.0957751077040923,1.2969837573467702,1.177994255747763
real_0300,-0.2699667693997344,-0.16333279046760318,-0.45425073944130595,-0.26015574227779226,-0.020550560630979403,0.15709034997139554,0.39380153687707414,-0.0607249865697989,-0.5327092956743033,-0.0996924475619144,-0.4716958834014257,-0.5192664867895024,-0.309350311544673,-0.3349951354732751,0.15193318121482555,0.11051841643037953,-0.5948004465695028,-0.08486838070968378,0.2219982552708398,0.649291377626814,0.9223892173772845,0.3734386488588892,0.4810608781798912,-0.0592123511598597,0.22786755845229004,-0.4113074919911387,0.01653795347628531,0.36592628263359955,0.7309909014647021,0.2541161256677745,0.28518077705684364,-0.6953436436327396,-0.29641232312791405,-0.029619486413547315,-0.13831392458636946,0.49041261499645167,-0.4510667913798428,-0.34257958973072916,-0.4728056496922442,-0.4258937838872679,0.11134899354926163,-0.23956299061813505,1.0291700796002803,0.021332400119410004,0.04351300707642262,0.5992929661913897,0.4938527885539823,0.08980661892408778,-0.24097014981208847,-0.23762334481783512,-0.2921650241625466,-0.2614156095531373,0.17702568628760584,-0.28566583769224835,-0.3499577598304901,-0.19382357071717693,0.21722326080785173,-0.44397302711386083,0.03567272889348349,-0.0772767560187738,-0.117686554572571,0.1567886508046581,-0.49405974458995433,-0.011178283357591646,0.40467762867715845,1.0491993225571163,0.7337556910536808,0.692871586014776,0.7883437898324726,0.7046302330177949
