,pp_upper_001,pp_upper_002,pp_upper_003,pp_upper_004,pp_upper_005,pp_upper_006,pp_upper_007,pp_upper_008,pp_upper_009,pp_upper_010,pp_upper_011,pp_upper_012,pp_upper_013,pp_upper_014,pp_upper_015,pp_main_001,pp_main_002,pp_main_003,pp_main_004,pp_main_005,pp_main_006,pp_main_007,pp_main_008,pp_main_009,pp_main_010,pp_main_011,pp_main_012,pp_main_013,pp_main_014,pp_main_015,pp_main_016,pp_main_017,pp_main_018,pp_main_019,pp_main_020,pp_main_021,pp_main_022,pp_main_023,pp_main_024,pp_main_025,pp_main_026,pp_main_027,pp_main_028,pp_main_029,pp_main_030,pp_main_031,pp_main_032,pp_main_033,pp_main_034,pp_main_035,pp_lower_001,pp_lower_002,pp_lower_003,pp_lower_004,pp_lower_005,pp_lower_006,pp_lower_007,pp_lower_008,pp_lower_009,pp_lower_010,pp_lower_011,pp_lower_012,pp_lower_013,pp_lower_014,pp_lower_015,rch_mult,ghbcond_mult,riverbedk_mult,channel_mult,backfill_mult
base,0.0,0.0,0.0,0.0,0.0,0.0,0.0,0.0,0.0,0.0,0.0,0.0,0.0,0.0,0.0,0.0,0.0,0.0,0.0,0.0,0.0,0.0,0.0,0.0,0.0,0.0,0.0,0.0,0.0,0.0,0.0,0.0,0.0,0.0,0.0,0.0,0.0,0.0,0.0,0.0,0.0,0.0,0.0,0.0,0.0,0.0,0.0,0.0,0.0,0.0,0.0,0.0,0.0,0.0,0.0,0.0,0.0,0.0,0.0,0.0,0.0,0.0,0.0,0.0,0.0,1.0,1.0,1.0,1.0,1.0
real_0001,0.03665737464275169,0.01615873329364995,-0.19683986067099124,-0.11435438002222532,0.3593387089401178,0.014237085528871918,0.18555077492328426,-0.10866834296639304,-0.5391925050356924,-0.4693935422543785,0.3810316805064431,0.7245964047659297,0.42082810174436497,-0.03617334476078098,-0.2586637517965337,0.6329006259524725,1.0535205140269648,0.5820044481635198,-0.5261855262146757,-0.11064127799845339,-0.07495943319766647,-0.08006102050138277,0.4855620556664964,0.5248397973440064,0.5366209746886134,-0.03947995035671141,-0.21292226536163253,-0.6620289701199568,0.3403528259944318,-0.6222097500986064,-0.08796996125133554,-0.2327403640734871,0.24280867971820558,-0.28213730617046456,-0.4219703060539164,-0.016581576178293075,-0.21684927929946543,-0.43861712961479477,-0.8983081642512939,-0.1965090386403008,-0.0717871827913507,-0.07783639192612005,0.6963983661751847,-0.6797775270063734,-0.6653250883652945,0.3335545236147209,-0.30947861195372783,0.1519537194882123,0.20388128753174126,0.9976960547901329,0.640948594944697,-0.08236512682111513,0.46587271128023,0.3239414259698259,0.0709821859165957,-0.18335040133396707,-0.1115165467530224,-0.11582069014692672,0.5699504562717004,0.42946237345597815,0.15265821478938263,-0.38038175726479223,-0.014127582901864973,0.17311059288595154,-0.3464514500525557,1.0457075619631646,1.2591025321246279,1.1030820805801622,1.0779383410640004,0.6693647166770802
real_0002,0.07007193555620694,-0.20967113682278093,0.8993406474163698,0.569316099293023,-0.20014510693244902,-0.05239150656728314,0.13827172349143302,0.38726147600863153,0.1938240984413934,-0.09748086982538619,0.75702981060427,0.11519545222825835,-0.11379385488468777,0.3157709709095588,-0.2335003488326199,-0.15883477620292805,0.7843904931398319,-0.28132458234819163,0.10797613767664474,0.10184863095755173,0.6255787258267201,0.2781644421161152,0.17400530263541616,0.13812760371725427,0.27500149127063983,0.19220823190665842,0.07976228045619693,0.12803911729043885,0.4023882905321872,-0.38383068886178917,-0.27962215528400547,-0.05189567206356215,0.32126118917141366,0.18813457054213092,-0.03802984411969178,0.8096761473410419,-0.37017434882907857,-0.245063993064923,0.5374151496643647,0.8448796630426147,0.2493088130373241,-0.499556184768438,-0.038616161241683905,-0.5777219072719391,0.3780499305933018,0.42825156659995645,0.21499323009389965,-0.30131096354463993,-0.5539749157620302,-0.3318217162042755,0.327925061531841,-0.0939986529824971,0.4823716787013779,0.42666288444304573,-0.6050613036494862,0.040132791729412975,-0.43272886064550575,0.027874384856832215,0.004835006846838017,0.148992276866453,-0.20895809269016327,-0.8955055303697806,-0.21411803228083395,0.344706301253713,0.03573939310316005,0.8440023840639257,0.7699207892625793,0.8844922225288698,1.0205106367452534,0.8784514673252383
real_0003,-0.441776838720527,-0.04865669560592449,-0.3663857330727839,-0.22944063742797147,0.479125343174942,-0.35009339911769505,-0.018418642840706535,-0.49317225427979355,0.21848974515331632,0.5421057927338904,-0.10467191728373679,-0.08449680467944416,-0.04397132399343544,-0.3857512366040101,-0.5479781614347321,-0.9476952413172822,-0.34423188589971326,0.5651777780390493,-0.4476177198240005,0.11253657857297011,0.8774320312475992,-0.025280106385002,-0.964664742976304,0.2431244980624742,0.7503910896382363,0.5513433292114545,0.6404903942540209,0.6427422483356218,0.1928590924060231,0.21677862941620882,0.3145613255169899,0.6317869855943944,0.5843610608888595,0.3371905084970204,0.5823922957463339,0.30133156297681984,0.3865089471914629,0.5720205141460802,-0.4163632504096191,-0.3028706086521702,0.29354432279564197,0.5656931325135671,0.16708438391701347,-0.2768822444498074,-0.40419432241429265,-0.6700978635099222,-0.6721030686955719,-0.43035205462938786,0.9110334135590457,0.7839564025836637,-0.6916582455855129,0.1998840979524096,0.39510271899542393,0.2935012438883943,0.20088118146553688,-0.14618365455319457,-0.1380305690385735,-0.14188734967234234,-0.5833361140500348,-0.31526117522219804,0.10623552525374942,0.09640037652275237,-0.19915409495109415,-0.14548278015790922,-0.5732449489323329,1.1125676793709687,1.1295742020547284,1.2548894433882478,0.9705115020163665,1.1050566773686463
real_0004,0.5339926758688649,-0.17260743951540813,-0.04107767780959623,0.013389143162120339,0.08530901810086634,0.614591977429015,0.24290842846490568,-0.3289056100002414,-0.7633566468067602,-0.3743652960508705,0.2967381185105619,-0.08246578101437661,-0.5127949693016761,-0.28686431236765486,-0.16330166094938878,0.8295959424086286,0.3245860852910803,0.8945564285105803,0.6330658788716057,0.49487258397398604,-0.013966916146085829,0.35286797863409325,0.05579450018897832,0.11884167668642957,-0.010989968257679701,0.01001917051033117,-0.0900455985344151,0.4972336312863451,-0.026015778733784408,0.5828844630523258,-0.08630803477446225,-0.0035714589108901433,-0.706276911622304,0.3679010082931393,0.3466678999711277,0.2743241364629968,-0.3621356738078532,-0.14518582835562555,-0.17947610657519228,-1.2,-0.48807491030073014,0.25503136095260026,0.23522594123553373,-0.6690216482159521,-0.2196522122032121,-0.5351952859442585,-0.62518451392477,-0.38044578896585646,-0.06672241150358062,-0.5470529061434805,-0.3177725309183017,-0.48387409744218846,0.0740540381857622,0.36974915422851135,0.14356004498647199,-0.20206403594479183,-0.33307119430870874,-0.10409255534793517,0.4309219363060307,0.14693280768708683,0.030819648050583657,0.18653218835979657,-0.1955342905392782,0.33324795893645126,0.7261741486114853,1.141084707458682,0.9507212165315659,0.874482492712616,1.3176552214298525,0.9744008233472259
real_0005,-0.5516283352945096,-0.9383802979493607,-0.4872116537444643,-0.3790456832105992,0.12658131753752674,-0.7083033735997943,-1.0,-0.2797372094233012,-0.5175572203400598,0.23724096380686513,-0.5856682590546498,-0.9188547041811386,-0.48080766645223416,-0.048031026009035825,0.0409349625793332,0.49844226693057647,0.40427720113779236,-0.17214201807680313,0.5033145238861317,0.5236803635727182,-0.2522335681106549,-0.15929810774954525,-0.1294001915977695,-0.46146387986430015,-0.3306211018259905,0.15551432302140544,-0.32507126510918727,-0.0673822543265805,0.04818316626082746,-0.6963857270294099,-0.466803363554038,-0.21880859329631566,-0.8905916802767152,-0.2947401512609446,-0.5522774046245919,0.41207907604517807,-1.150438695890162,0.20485906128667533,-0.05259175175180841,-0.7460763739746153,-0.7557972996179516,-0.1611913801172072,-1.1134383405552832,0.41552049642350813,0.06118962650120253,-0.5654977116713148,-0.6990667530474005,-1.2,-0.5451667862571129,-0.45091147231209266,0.23130722351388266,-0.21321164427907854,0.25230458286205476,-0.05409891754696963,-0.5677385288358665,-0.12393615944619064,0.06833490323613894,0.17666392657523894,0.4172402222543485,-0.21583883846572277,0.004719797946416295,0.1515953351694145,0.29578598989768135,0.1319683723121782,0.22626546580607387,0.7073447217019245,0.9908013481256729,0.8726769433795528,0.8755585109410564,0.8373590948986019
real_0006,-0.30197992522244455,-0.08777920272157912,-0.24542115459374414,0.26715054206864197,0.2532744042055165,0.017516160070314774,0.11550979581736057,0.04164940431866064,0.018478813651124904,-0.5454221365408468,-0.05393864080260574,-0.20531028186000172,-0.2632275143371102,-0.3746462171076878,-0.6723166813524314,-0.1048557726421393,-0.29745464455603154,0.12516441416375085,-0.09157181561908521,-0.47205567370853985,0.19717229089714533,-0.2170708453824669,-0.6337395625853175,0.14458281583067456,0.005665082156535987,0.7228980603130768,0.08066456415102144,-0.7325179318149323,-0.3219899875947156,-1.1777019072309882,-0.004478158676879446,0.2887752516852953,0.7169319738709499,0.301013497195364,-0.2118779196812201,-0.25952306055064,-1.1348495792305973,-0.7286115775160034,0.16924418357072518,0.3548376422952851,0.15955772871226367,-0.10914431119399115,0.6900106881411406,-0.640181940402295,-0.1591522757660718,0.033267845584716425,0.052899851389207046,-0.22944079501377018,-0.2081226624213888,0.08496910466906463,0.2764030762682137,0.21484787640565772,0.3276509141005699,0.5281264450440855,0.304499050272032,-0.3776830281063254,0.7174604204506134,0.7028298033776995,0.4507995936336825,-0.40597791430099744,-0.2105431232581509,0.20404890364241576,0.10111425026632731,0.31401891099483775,-0.3295447973251496,0.8046730739706522,0.8420652233944077,1.1082263221609063,1.4120596341048157,0.8314468845688727
real_0007,0.3579544193670985,0.3306604734770043,0.42772689333797276,0.44046091024765455,0.6338118998924677,-0.06227924503963265,0.02541049037906743,0.04517835157453932,0.01789311975129369,0.03596338043422264,0.5505607131454907,-0.03486918832881044,0.10819922209046974,0.06966952415635286,0.030649407918683102,-0.30484128289252177,-0.09795415143096843,0.6625132415991761,0.1883066666251642,0.5552841479870986,0.16444882355219362,0.2175937522322423,0.32392632246238495,0.4023615223549894,0.6236902245811299,0.2926670250324385,-0.12395816824636446,0.0749053738743712,0.09858630864482366,0.7520010177869546,0.33494004328060345,0.7117127964089222,-0.4068197487100654,-0.07586191559882376,-0.012950396469492864,-0.20016022630108557,0.02483891228155844,0.5026465103891807,0.32671223294929613,-0.3179721312818797,-0.19399468510778248,-0.30712824823417706,-0.026870432492291388,0.468241513907489,-0.29715262942500403,0.17793418484813978,0.024784919764836596,-0.042905640084916125,-0.45367822127202273,-0.38549921917396246,0.08368065057715679,-0.16912777067461507,0.47862025909064726,0.3825021397078562,0.15546982113873925,-0.3297875684042915,0.16777130253869946,0.32311052945283303,0.5584604366483317,0.8036664305104778,-0.16253757677507302,0.3902148708009678,0.39907327237961304,0.36093253872047015,0.05261930125661845,1.0191760604750928,0.9498315741466185,1.1525852964673873,0.9549137101543801,0.8219157338968228
real_0008,-0.1845700811598397,0.679751790769196,-0.3191332968729848,-0.7422161836898437,0.21708009643242576,0.011463701370116808,0.007194455506060724,-0.1338496393558583,-0.080751695336389,0.3669979660419992,0.44396265981285526,0.6057536814075862,0.2023220202943136,-0.18040123582611123,-0.03592528473646204,-0.3639407271529744,0.05527180372351919,-0.4399660850651116,-0.16511470295455236,-0.9484516993628305,0.06765775845835194,-0.2047322188211677,-0.06783698655754601,-0.5150508017015786,-1.1692415976613229,-0.9404665605530882,0.3787744487918333,0.18353837162588707,-0.06820631043855656,-0.14672099328387173,0.2766933096230423,-0.4431675928082596,-0.5720595893744129,-0.31893140853327134,0.6650833062554701,0.22512011277377894,0.44310652910409637,-0.19965686436630162,-0.7484430382190452,-0.8547594186604283,0.1484192409946764,-0.078615930745733,0.17896112262133906,-0.10114008741050032,-0.31288428439681815,0.13807163667383654,-0.482994291109553,-0.162959807739188,-0.13843943809402628,0.18575486531508267,-0.18003069843820443,-0.10223123019902564,-0.13289828453678357,-0.18750049121503395,-0.5603656500590948,0.17256054175791777,-0.2982408597928311,-0.5908985596268865,-0.32391333072073347,-0.09493915569201346,-0.3557465415827931,-0.39899979533420304,0.21817661940707755,-0.5687943380412884,-0.3096657849717435,0.9525636111484627,1.1950066892048437,1.0896198727872408,0.7445967110059544,0.7801225928352644
real_0009,0.3658486770085834,0.33760017777414586,-0.6035556731147914,-0.5632711116563299,-0.16908136259388,-0.15038166827900698,0.3590733945216435,0.22309126482179045,-0.28007268618264597,-0.05512592710946062,0.4893810597195304,0.31981292386109855,0.31618467400407896,-0.07283477433167995,0.260424629337672,-0.4868824756738563,0.009778790922859533,0.684382255680905,-0.14958776772446608,-0.6296389847589324,-0.28452535298967396,-0.7743346824508496,0.013045040626995314,0.5055791488786161,0.3792446025095279,0.8932477193362712,-0.5680492898516591,-0.3391825197573396,-0.4978267756947673,0.16823490420171322,0.4375224485963863,0.2008639228681681,0.3010396660470324,-0.5016407218579497,-0.9384292394549852,-0.41697681450001944,0.6021969753647475,0.2820165954986203,0.0018931442742955772,0.625039952541049,-0.32217448666305215,-1.1755458477193337,-0.6134731049383815,0.4960491181367862,-0.3987432223766491,0.2509675893380986,-0.8152057900338928,-0.885327716811174,-0.6629447469733417,0.013462430197601535,0.28703449375061385,-0.13012621368560837,-0.5283130049456851,0.03372144232935218,0.1371643772856651,0.2242129763284925,-0.1867633989824281,-0.15877727547936285,0.3913256182945372,-0.10072318141654245,0.08429368375287574,-0.4592665029724673,-0.5283539921089087,0.029360531143941763,-0.5188839003209672,0.9974798263743567,1.0873982862981562,0.6628805365230384,1.013983916198965,1.5704082193190154
real_0010,0.19089793547569128,0.06308595625429177,0.3826757536891739,0.09303981633348668,0.14380289022208667,-0.4004375258244567,0.27068809711088404,0.3153713226181526,0.26607986079879453,-0.40526363508440627,-0.38575958745340355,0.10714496548000714,-0.06348742525725899,0.11104120453717282,0.10752311311817657,-0.5588798779907066,-1.1811292198087326,-0.23421765088235189,0.5047740101603966,0.1821384261670534,-0.5863240920536157,-0.3618019112006416,-0.4959450551091067,-0.8954248649390192,-0.3826848430542109,-0.3824777083942722,-0.7210492166666006,-0.6832266704861443,-0.7336958664511986,-0.31982908639303687,-0.27561695838785444,-0.43737508973702427,-0.7624653521321177,-0.11698613069134307,0.2662043801313297,-0.16932891160988459,-0.38900490376050556,0.05087890410374153,-0.3204574645840652,-0.8517517839850295,-0.2536809757159304,-0.7788555239128392,-0.02173730094193979,-0.06892337809303116,-0.029419659025252787,0.22130090731086433,-0.18482063916796623,0.09478546532043472,-0.6782781607545972,-0.5272948553703408,-0.16293905486724192,-0.29003513138504816,0.440956473739453,0.2371537128035304,0.05615246501062807,-0.8278951139280072,-0.6894437181250123,-0.5833994542344199,-0.19101772307616036,0.0827400828519877,-0.40165791344415586,-0.18134100681497228,-0.4552710767902461,-0.13229713577546107,0.4113191770643637,0.872043410863963,1.2598467408114917,1.1076068879856502,0.7847509599362463,1.0743777677963888
real_0011,0.0046048752189146325,-0.29466998292063407,-0.7623124791836356,-0.12359909174088567,-0.059986290051379156,0.3196194332526957,-0.03896247262178614,0.12579580005076152,-0.1259691875599888,-0.4176154097382452,0.14404840743061503,0.5923620985021615,0.38049030390633654,-0.41257837661415225,0.08213321632080159,-0.688985788379737,-0.294596294519554,-0.18006684627550562,0.7582039080216505,0.2553897809209069,0.3499779579375282,0.9872298612089954,-0.21836189134721543,-0.05246058335609265,-0.31074302868735737,0.6157183025668768,0.7983405326540668,0.30178129777772417,0.022021572476212028,0.06391703335734542,-0.10651942923974116,-0.37111685793967986,0.11441409703841557,0.3049562741666955,-0.32970873880667645,0.1996935171929742,0.3331115386946666,-0.3821122758302885,-0.1924729795342174,-0.339583893891734,-0.5036305938776767,-0.2814345057908444,-0.04114605076288351,-0.11733564237160923,-1.0995130141566751,-0.5793710696431484,-0.27648311350180726,-0.03826255846099685,-0.9838558442035787,-0.6413627118065613,0.21559350936803023,0.5925351989025877,0.5620108059370459,-0.147488571026954,-0.07471570311141609,0.1997099295029149,-0.33480253504878005,0.4549610242482331,-0.3628017466581556,-0.3406628471307029,0.4436831944900865,0.300131806950899,0.03005803307329302,-0.28286467327751513,0.23872404653357224,1.1319096962294242,1.176611783346654,0.7931383896651202,0.8496488304373,1.2216897636011845
real_0012,-0.13683878112997488,0.23011880545044608,-0.3203160695656784,-0.3759017979794846,-0.04985353615743191,-0.5107053776755769,-0.4310485998971598,0.07888267343005033,0.5588344072974673,0.0909683383296584,-0.21447583503047574,0.3559812397955511,0.06896939146811058,-0.2920339759258136,-0.465543267904718,0.5931757237397995,-0.8094098326223864,-0.2593363269922459,-0.12314776806452678,-0.24882435201228273,-0.4587581609810446,-0.9201531331513074,0.07460681588215984,-0.5520696085312499,-1.2,-0.36200316242689645,-0.7509919228105407,-1.1455715213900524,-0.2556868097801708,-0.5067324672340349,-0.19980924126033994,-0.6880889886533982,-0.48952743273827964,-1.0276183226872917,-0.7511755777074547,-1.0576514876607839,0.028246359614685676,0.4587693961930531,0.2791681852209374,0.14705221882480793,-0.5134119473724624,-0.670428170377366,-0.41687832296897137,0.2769472516345011,-0.06506705785204545,0.3684992252960869,0.05167673419003977,-0.3390198859682794,-0.1814226616925168,-0.0024280575958472764,0.33703404341948423,0.11779232940523132,0.11321829892643291,0.23513248512006432,-0.29980596450037894,0.2638810471594725,0.18293632038550453,-0.1604703466785044,0.4341208244416341,0.12181922589400138,0.1034093338569526,0.05859701996695681,0.02034360479037526,0.40744523404587707,-0.08403573551285949,1.1166687903143422,1.0658630018394364,1.0470552223176528,1.0794066600030983,0.8777306329702691
real_0013,-0.46244842620659243,0.1914253704539076,-0.005020554555871881,-0.08665786602935271,0.06445812923509958,-0.025335519113314386,0.39357816073476554,-0.8301324016120428,-0.5426975652316216,-0.19245275960723693,-0.013523985795336858,0.4139519558516447,0.2428338456043539,-0.08924182467434279,0.43755333001374325,-0.131340709610087,-0.4314016627161474,-0.7601685953061874,-1.1381628466148999,-0.787880198239888,-0.06737855725472075,0.21039280126131576,0.042979689309485106,-0.09802708985507519,0.0018686993774001044,-0.49474661968806427,-0.6253412877062546,-0.5674085254483293,-0.016614161198696197,0.28843192506295817,0.3713049675204404,0.6051378520239562,0.11567215486907706,-0.2143860141698163,-0.6072524413934577,-0.13300220426621473,0.01673835645509893,0.1868232059988053,0.5922093140984326,0.7434562879987493,0.21983995756125252,0.5926976975634131,0.36677488072844855,0.19552804375724286,0.13039866425360044,0.5119406166529972,0.6940514919171786,-0.1722936985968221,0.7861559460945049,-0.4544994621589798,0.324755498498731,0.1831147212814385,-0.22532320426909547,0.28174798182028155,0.5013226015674866,0.019287748734350827,0.32484157653672946,0.18644641723993063,0.6360891099131533,0.3703601521758974,0.3626248845338705,-0.1824955425315483,0.3705971766845088,0.5418362474335794,0.5995577955781171,1.0099046046341824,1.261590178925169,0.715253112920188,1.111116417730025,0.9535108307034877
real_0014,-0.7607138009440778,-0.5600180366996272,-0.2891887980753417,-0.14644205018706732,-0.1473133217201133,-0.588938078682317,-0.651786455624951,-0.04365374976056057,-0.11254707520959847,-0.6017407854601766,-0.7267857984824397,-0.6626247441453883,-0.2632710474666364,0.1951695052652208,-0.4619252573041034,0.18898544347868867,-0.5272284817294658,-0.6426472668105278,0.10074349449038643,0.04791287650651342,0.866586761999867,0.6696234207073741,0.726985221150675,0.2407223591191198,0.3175662134493339,0.28720382930242166,-0.256320400897211,-0.12085652525252558,-0.16239239769770808,-0.4561063270569229,0.19497131607380802,0.7168840220363859,0.6827963997921551,0.1606600486575384,0.2209464953104858,0.3449900381555311,-0.0030782965535231725,0.00969236213148122,0.12925512351176396,0.1348711473706893,0.27320648491243515,-0.1729097164242132,-0.30425719246866306,0.021275809725612233,0.2994875047911183,-0.14500968932830177,0.2500082093128295,0.011092372059983127,-0.5346359871971503,-0.13454689353032834,-0.32487950687349754,-0.02417617197788228,0.7665929257876148,0.3300999746616863,0.22976881375184685,-0.01186990221071877,-0.1794549907883531,0.4171485633683692,-0.1740783380669495,-0.5601075908732335,-0.45838611162886284,-0.6986988250768865,-0.32183603389729804,-0.34662662099622465,-0.0900748961883871,1.169086181045205,1.0658489738107448,1.0892644295086127,0.8755664599491484,0.8216115046574113
real_0015,0.222687317842258,-0.26259313358791453,-0.056032942838765386,0.44157190634227717,0.4232155843961399,0.25533347471199397,0.186282166924595,-0.37032322618452784,-0.2552042117956637,-0.3277172299331015,0.002641622035791243,-0.08036482951173864,0.24314397520271058,-0.4484573164921558,-0.41581432408621855,-0.6981969594606704,-0.8074435582034414,-1.1635206287567101,0.2927101621040257,0.1492009277328443,-0.756823794385881,-0.8867363859078354,0.41499245104547544,-0.5169905823664217,-0.6006266631371997,0.25476276065185366,0.07667646972971215,-0.24838622309737954,-0.11056503539420615,0.07022783479131108,-0.4432616771554274,-0.0728780387434571,-0.1643889633868594,-0.23958275065915027,-0.023036437530951782,-0.28702694586319005,-0.06442535526113943,-0.21021525244421324,-0.701400235092659,-0.7248516152521484,-0.4469195305133129,-0.04518331682730497,0.3634733088669983,0.10810762660030729,0.08305995927669974,0.5910402716069353,0.1881689460878428,0.10537692057863511,0.06839143127483946,0.5912316295965555,0.09948752400871003,0.08586760853049655,0.10111688937914588,0.4678418777305629,0.3566530523596856,-0.31220886187892677,-0.7090504200128016,0.4487071842133972,0.5329135972509378,0.27403477471798127,-0.4931460754919803,-0.17941977498455502,0.05355193225543733,0.15204003751741363,0.7428288484080249,1.070126401337807,1.124198226519559,0.8386802191385254,1.19748102900928,0.33707291627019953
real_0016,-0.7089736098797773,-0.21346604354690032,-0.11057837881078161,-0.5494964779859235,0.031555460331636344,0.43552379989636386,-0.06729048270961548,0.11778712228361848,-0.17427589336003813,0.05711971732868518,-0.25673563103503655,-0.20531325801694184,-0.9018182121427133,-0.7298412585208256,-0.4735252016302736,-0.11260620566748633,0.7483560899469048,0.42229935502447985,-0.13414080800955488,-0.37677078717320783,0.02594445871745245,-0.7057513571515116,0.21033301555636733,0.45927957072311815,-0.31525819017017953,-0.39696657594944534,-0.9881907537003273,0.008647852077026646,-0.6130257006126568,0.6285701586090068,0.6860095308524489,-0.5592085056427647,-0.3706786589677552,-0.9032201965746128,-0.28483542904636816,-0.7495220045215705,0.41350477157987087,-0.22578100186153696,-0.913141553668064,-0.41532989493612316,-0.06601984563532028,0.46827272284828586,0.12739474425739547,-0.38519358019493266,-0.7234433712804358,-0.7970872562956844,-0.24730482206518886,0.23269278209433616,0.19031447727932982,-0.10530664072059201,-0.10634683110345348,-0.4217007041276225,-0.14072167458864174,0.18091313052050673,0.19584259314595873,-0.2132334908647987,-0.06347645484476798,0.18586200248203869,-0.17361458846254987,-0.034829389005550764,-0.038341645380293374,-0.1943311795940532,0.04460838989799017,0.19349754056492183,0.4113386083289135,0.8711061305675143,0.9555143569697937,0.7434730699478956,1.231501551604227,0.6554976807880335
real_0017,-0.2248188746844504,0.13922721441173547,-0.43954297245323687,-0.4122857522869201,-1.0,-0.20125575622571024,-0.23941484542424732,-0.6680795833293711,-0.4382027601688427,-0.665036039669675,0.16539120201180704,0.37854333576664706,-0.5828481352327476,0.04593539658566275,0.27128661570125495,-0.36130862419297277,-0.2500614030269963,-0.3230716836403782,-0.1069857172273327,-0.13302888746780528,-0.0509309318802558,0.8316362718628355,-0.7923452154018171,-0.5737711508717582,-0.042834077365164966,0.15022658397540203,0.5007041887320337,0.06066592961328196,1.2,-0.5442118630407206,-0.02698428884832956,0.22977181530617463,0.3975668524265315,0.7338475202440922,0.6142533856511994,0.2625105322216344,-0.24572361745396157,-0.33714938701590025,-0.6269307537529476,0.051802321214035815,-0.2295939039776554,-0.678224974765939,0.20268517786043266,-0.08591430172624485,-0.287468888397321,-0.1289019663012193,0.22020348276177099,0.009243260154187962,-0.17223438208633465,0.023453329590601906,-0.08682322915226996,0.3992991119792737,0.15006225584356359,0.2398462732095489,-0.29337042074974484,0.18573072659209333,0.3843504713959231,0.3976618353164584,-0.1092357924869617,-0.47996602774214053,0.37352632757379023,0.10688233550958513,-0.0733668688764726,-0.016888611421671022,-0.48366199969201473,1.0553126176123748,1.0099818723788807,1.1427640272964799,1.2872603513126581,0.5473453300049014
real_0018,0.3398285878904657,0.10179762389455232,-0.189978457132404,-0.05359170795390168,0.6755956775857813,0.2124059920080242,0.5803019701073937,-0.6316428742554435,0.003775815446348952,-0.009982904338615694,0.5974228612663925,0.7462573640639922,0.19107214132894282,0.2610542442432888,0.5376362303546385,-0.3620854572974326,0.08609734536368914,-0.2600755052792087,-0.1573877363020946,0.49443127776828816,0.40312521750368074,0.32211683753228965,-0.08994549150828612,0.3166953047661914,-0.19191847331574727,-0.28411462464641446,0.6015978857255104,0.4633283741090305,-0.10058830459900242,-0.34712712864787604,-0.1730110689913497,0.04825112650891579,0.3886099944396915,0.38863369281594207,-0.1364803193702092,-0.4758949030806419,0.3253305213773832,-0.6000340982882424,0.6176874200862871,0.6560774002013503,0.2994391989578561,-0.38006467628751806,-0.062314756054215915,0.33758926190647853,0.013326764756561147,0.5612442546645781,0.07152136101335814,-0.05539428278879679,-0.21530299167541966,0.0637397617905723,0.3137330394089734,0.2931121639932677,0.3577222887701221,0.45173861432641754,-0.4365212431187893,0.12289566289028632,-0.030663590594960623,0.2856993115241591,-0.7091841577223906,-0.7258156599760266,-0.0793730604929322,-0.040389634977537725,-0.8207304050161273,-0.3164439538992963,-0.526034365410818,0.8561676098756501,0.8953864265049585,1.0483289043353503,1.1058826814251443,0.43755405551209814
real_0019,-0.3149779384638269,-0.5034991768270592,0.01016430198982876,-0.08446795386047166,-0.11952032284792492,-0.3829147906908795,-0.5272201265850198,-0.3327139430878536,-0.08830650763048019,0.18137844357017555,-0.11419359972411149,0.09019208895587104,-0.16939168529379772,0.6739615250847497,0.385762782360703,-0.25277300127275976,-0.617151857197707,0.2656195515874916,-0.06999868078589173,0.29515783774488125,-0.12174032415520368,-0.2887834261165449,0.01570541963045586,-0.5574800959178484,-0.3412028588456983,0.4710344164517503,-0.3850087443121256,0.266048650624499,-0.41558091052218876,-0.7571633267142793,0.31503475449284696,-0.44208799753267486,-0.09778214946939805,-0.16588697388800971,0.20889452219611165,-0.5055783486500796,-0.038794627845775184,0.10997577031016595,0.14887935444108547,0.32567119775182835,0.5678367492190834,-0.6944736533974184,-0.08915688855212567,-0.4649071672345242,-0.33942855434627,0.11462431758420646,0.17772706810857103,-0.15264893193073756,0.35483398438779523,0.18998461631936642,-0.13268079457137388,-0.17838527425574344,-0.5766010721204744,0.24127004881670264,0.23688357487297776,0.5572533918256446,-0.0015091112285794028,0.020519821966526176,-0.0870141032267645,0.22846126932616515,0.7901623592054579,-0.2176006727696685,0.384742797983383,0.25131523217467666,0.08325618521331375,1.131767545196091,1.1484375901892279,0.8772046397214206,1.2726857424171398,0.7011602564254743
real_0020,0.012230466407940352,-0.01593856971282767,-0.027500219487298836,0.20746229782619616,0.550686681324817,-0.2899346147784655,-0.20495078270990516,0.015799455643833744,0.491555316452834,0.7415615382433826,-0.15059344664500773,-0.15285606540928814,0.33616343416834604,0.6842833594993034,-0.042291238595961476,0.6057585972291847,0.18629203699126481,0.3305567847248327,0.012480692792392913,0.5269196766735681,-0.17123202091146442,-0.24611635710105567,0.2628810969377732,0.1489704858789718,-0.10121642709613918,0.12044601020305432,0.20556083374152223,-0.4389439016636285,-0.08008906149490114,-0.5777906428460942,-0.001465202231819323,0.4881315549207964,0.053262002453108685,0.37481700209561203,0.3859066684389439,1.084911667013912,-1.0759640614739991,-0.2585049713214611,0.32726627250865004,-0.10356730082689874,-0.15328099482021443,-0.10855902599862038,0.08555720317578532,0.018725557430356494,0.21547981375386308,-0.2666345142754183,-0.4585686065555815,-0.1597320442071987,-0.2875094072867132,0.5115497177580548,-0.2812933271652028,-0.6530340527187164,-0.3875239322758588,-0.2348991792525863,-0.6734385615442146,0.00011732779810139134,0.060419299838488226,-0.34752836934727627,-0.4169904453876275,-0.39344635634546415,0.4091552164224865,0.32579809836152157,-0.24679404251304993,-0.4279185204978221,0.07234132320302117,0.9925111133520621,0.8232544565327702,1.2902357698042128,0.6238403144051885,1.3312389198454078
real_0021,0.24037341417867797,-0.2888634991574589,-0.445935049811152,0.06820803101977467,-0.19149999426464095,-0.20351085838687033,-0.6465511094027158,-0.06276415296100236,0.23904733269266734,-0.09342635891814118,0.017538077184828842,-0.40683084660812474,-0.7021332881541194,0.1335734345830081,0.6593752534053076,0.09293275731337884,0.36578439570746163,0.17218384975600162,-0.3068718837740467,-0.058704666744826314,-0.9184840630441129,0.06533371585040527,1.0653882806386248,0.6148643604304995,-0.004236529256013017,-0.24016423103355572,-0.15577293624420654,0.21859732124770023,-0.7359992895498666,0.5563396202604576,0.9034285417422095,0.09000855854954903,-0.49083933461182716,-0.8342121965870285,0.2967369619076261,-0.1451245123316966,0.5761736679138956,0.906006885492642,0.5203099706573018,0.5344850042341113,-0.2457079127684495,0.24727228741994325,0.17959633423752597,0.07029615475411882,0.2643772403294356,0.30408794154964175,0.6341386864361102,0.19807859101509384,0.028289422017182955,1.0577051113925944,-0.28016731051171206,0.2817862277866098,-0.024930887807034573,-0.06914615751617946,-0.17725248672120725,-0.2785957533819433,0.3079898143916498,0.061713180514913105,0.07486515599624807,-0.35705335993239107,0.3908632659986023,0.20073353756501067,-0.4444183705381018,0.1753839245114255,0.13227544393820065,0.972270645468211,1.1173525513626492,0.9118695156860515,0.9364186902743075,0.9888909580739114
real_0022,0.1847275159077155,0.37486718592017304,0.05393445540441331,0.12500933240706044,-0.5665525268891445,-0.31090161875447103,-0.05647506124882419,0.2884420523272185,-0.19427283599197734,0.5492980829232175,0.39705405125720544,0.022811985549238863,0.3048749195133832,0.5563291531584237,0.44044896251776267,-0.20573200505533107,-0.1993616431608271,0.2594156107716156,-0.11428055261479796,-0.25691518525356116,-0.23890414322696252,-0.6566454208336019,0.35258056545080085,0.4743544745943099,0.5996476268989313,0.4965920650261052,0.24749803353744088,-1.2,-0.4653580264662964,0.1838704434617348,0.6584471690844155,0.48630507156534325,-0.24278554818475886,-0.4252533211644227,-0.3415702502919647,-0.31757933104769964,0.1096052251263081,0.04753669742262417,0.06480018655822072,-0.5036468107685458,-0.12847208758594325,-0.9723851259152446,-0.3152833743942538,-0.5539669479175435,-0.37114032443641365,-0.22077448271916308,-0.9383317430258483,-0.5386120724409221,0.020330217419187176,0.08848989784010494,0.1915623275067715,0.06030294723072053,0.6287070796869948,-0.09412082945856495,-0.2896053627306495,0.25328870199782055,0.3702200116322485,0.1495564263713347,-0.03280216361555237,0.40067081767662577,0.16334206349509783,0.09732587232395382,-0.48362137583356507,-0.27483388665085956,0.1079172472342224,0.8978605683394087,0.9714023413742261,1.006421534794187,0.8265989487353147,1.3226409405802935
real_0023,-0.3803253088652003,0.3071844496988882,-0.4284320415279083,-0.11502885374270037,-0.2485980670905262,0.883122738744551,-0.03885300309536344,-0.31999948693956454,-0.04255915343370563,-0.5777269009682611,0.18053629677960656,0.028314674839050025,-0.07833596557731617,0.3816603555022597,-0.05488530950037205,0.7187305128605634,0.3102876837223751,0.2890915062253897,0.44283163554440774,-0.2929125119122381,-0.18514667574881694,-0.9835459590477105,0.561423249427528,0.8916454302938358,-0.05225652437145714,-0.3891734631372217,-0.7904511669595734,-0.5819958365470095,-0.4341091161701532,0.10387265953179911,0.42064967113653406,-0.2523777620037972,-0.7832432197867112,-0.02941382417057286,-0.5417274675522199,-0.5605647514256248,-0.4513891763732007,-0.07789017103422115,0.2537858419899828,0.614222100405431,-0.11744360604771328,-0.459102672119659,0.07185905893059352,0.047670449110201386,0.11616618637667897,0.33553750778239727,0.35166410537117515,-0.6918665202704859,-0.5815888562886016,-0.3023698856385272,0.06191812506873428,-0.5184089368249638,-0.2457768043310689,-0.2707962310335467,-0.24730967739728982,-0.42997889686953056,-0.02271447182548252,-0.45422136286799664,-0.07662393181938824,0.12502309157865274,0.200959841557517,0.2554371088046961,-0.03470594329842838,-0.10548609061980745,-0.12695783560055587,1.1833812008011044,1.1756870640200978,1.05378268953572,1.0238451722254784,1.1027456442252188
real_0024,0.03252092769842235,-0.38783113738174346,0.08274429044285486,-0.056946401973053735,0.028579172873525353,-0.08457732103299202,-0.6036946447380738,-0.08506336197790455,-0.21731595406507237,-0.92269296275156,-0.32536094304873125,0.0887205377149923,-0.13468594713822862,-0.4807929162525761,-0.9892783642706683,0.35933241436035884,0.14732365156625896,0.055756403565591875,-0.1144600285712377,-0.12635450840933657,-0.09205315684558353,-0.5276032609711332,0.47485120304575085,0.7885773475743709,0.480781439468368,-0.3496898506906707,-0.7081650544899707,-0.003530287390407829,0.10003058781903745,0.2960111787416034,-0.6224994195613736,-0.10245843589257246,-0.0649883846339209,-0.09105791433673614,0.49218861792504975,-0.3046216014988762,0.7139287013741131,0.41783302869340583,0.5069802829088226,0.2801576246776055,-0.04699482201051622,0.07548166734354544,-0.09465389566935102,0.029519902449708414,0.4189697397272498,0.6050063808962629,0.0847566099340368,-0.2700148817220606,0.48491654895136865,-0.05949774646427091,0.009499935598557682,0.18633808785022632,0.49771973461951463,0.07694879789809085,0.24463059973641885,0.09902148868434797,0.52828025238527,0.3244089768382358,0.653467182567397,0.20284422936821178,0.552594425228772,0.7235225697445694,0.5007550318196919,0.49443449394478456,0.27797470446720723,0.9768205776896797,1.1126303483096889,0.8760668131742773,0.8857101561606525,1.1956397064287898
real_0025,0.48514113882795723,0.5652599140955847,0.03744939798159974,0.6959601234908499,-0.04137847324455826,0.49185557119515866,0.20209755242612798,-0.15214517611996115,0.20664166120467123,-0.08643512932601603,0.09982420060403585,0.01765560902104226,0.01939871889818233,-0.6055760672992168,-0.48327567240088143,0.04287091276971646,0.4382986676405826,0.23690085982132092,0.09606573427006913,-0.5282178131150342,-0.4167921831513491,-0.8643038097611777,-0.44267292120867724,-0.8019723913549539,-0.1971233437128077,-0.24617224770317092,-0.664024944343738,0.08294292883068648,0.9934374705344396,-0.3885544854366957,-1.0232056415985007,-0.5820380364243642,-0.291909638896704,-0.66154326488908,-0.15678486984596607,0.6132039520736982,-0.6769027339524324,-1.1680438464877498,0.10325263761015438,-0.24472737032028521,-0.8593628273717542,-0.4783167833015083,0.4263689156189544,-0.8242440641290636,-0.14920168369224351,0.3765242073095205,-0.27471812277945673,-1.045916261687928,-0.3312198217604249,-0.3588120549433028,0.05351220053334495,-0.2872340414110835,-0.05875236784628915,0.2077368318311635,0.3990499008265596,-0.22862482888921165,-0.1347639573867924,-0.17545263204737485,-0.032925927658091894,0.2551493589522541,-0.09760490361572396,-0.7718987503491288,-0.35657245254198505,-0.31893711355222476,0.015638789734176543,0.9357508266755339,1.2730969236470202,1.094227258679986,0.9667684316100535,0.7747757511738562
real_0026,0.09599103419332213,-0.05008207848792146,0.1845064321862889,0.008033666828384668,0.05381299074732839,0.41065651094815636,0.22430906970382258,-0.2655722985970845,0.3074848158589574,0.21795886813949442,0.29550927213877626,0.11915874936963024,0.02203312393438562,-0.19426502183789193,0.03604085893704539,-0.6214090685177095,-0.18396308249860382,-0.0064780487121723065,-0.15157993092095665,0.7214527955976792,-0.31786093996722903,-0.37755407898366433,-0.4409261456056618,-0.21070753552940777,-0.6703443466674572,-0.37560963790787927,-0.2508402568173553,-0.08084502604627322,-0.3900828552263649,-0.4039280503889278,-0.6754264985581513,-0.345290380226922,0.12536111509482076,0.08643723471150551,-0.012234408645240146,0.32865154894968773,0.03112983012647533,0.4862541159508552,-0.8107003050846135,-0.02533657385518367,-0.1861808871243767,0.28879489418636234,0.12396949696598768,0.28269799421776315,-0.009459837341351182,-0.5199030363794055,-0.16706600507509328,0.16038410196969133,-0.009596094516883504,0.21837761207601733,1.0,0.7001921424428217,0.37323408639581945,0.47007980087845314,0.27314390304326785,0.27064545722836475,0.6531253142846645,0.3547438374831363,-0.12933585023491165,0.4957797202560853,-0.06732544579835532,0.24153742191612998,-0.07314184227778299,-0.015658202828608456,0.49044719599329295,0.9471799674267656,1.1096162036707966,0.8933095305670551,1.3764349760408099,1.1309877385481677
real_0027,0.19475614022796245,-0.634112326496519,0.3334124256852856,-0.10321693174012139,0.283608086598244,-0.014451714071003784,-0.34471091259460085,-0.4430279007672463,-0.04636070624517054,0.20436069087585076,0.10176302849345378,-0.25403275519643514,-0.7000263700553004,-0.38064127813367493,0.0903222024690967,-0.194767664398847,0.28979544367182203,0.5395658662603396,0.14588981464852338,-0.15395241096338017,-0.08300554630903702,-0.0034252316211231706,-0.16219234823985187,0.6798968096060931,-0.10758127238537073,-0.707219125251471,-0.45811650195350834,-0.024696631466877193,-0.09374064000980081,0.4340047570438696,0.19857012101237714,-0.3580485731091209,-0.8124892204570824,-0.3087810452564043,0.5718573223469343,0.7260607356934067,-0.5380751032557015,-0.5375059846412081,-0.534319071573372,-0.9304800991331501,0.00875587202214933,0.4478510963586935,0.22591268119683744,0.34333628977595343,-0.2608107975745176,-0.7417533380561775,-0.37899119326798286,0.030556636866339824,0.06494699391997269,0.5132354300494749,-0.5698556789886641,-0.6417148253620548,-0.05109040973534405,0.012012124048265911,-0.7421769749616048,-0.3017685949542363,-0.37360285281972594,0.017691677335652686,0.10586447464698058,-0.33621991898818643,-0.5025148006533555,-0.08424202721284325,0.05785209066964973,0.27924701172943284,-0.18243827917382088,1.0798463778330023,0.7641939616520139,0.9176723355567582,0.9660560407159243,1.1821785585185864
real_0028,0.0453265656359866,-0.04601771797116287,0.37715711585526746,0.5624963850330995,0.6751421277343234,-0.11332698891677492,-0.18179098652143885,0.8200911400949252,0.48122875147939903,0.3608478078689846,0.22298131395996093,-0.06640342208934541,0.18587488646413364,0.45406483456046026,0.26909032298585056,0.10988734368544736,0.32859465336401783,-0.2886630643144472,-1.2,-0.6458387550123521,0.4000123535924558,-0.03917524870366756,0.44565830675228085,0.5149737376433725,0.0077646520168318,-0.8057380044793081,0.646150686614538,-0.8418158358022588,-0.01763827653348665,0.927861206909636,0.23548470279690395,0.136694439499248,-0.6694843520114312,-0.14466997790147654,-0.19273914697699443,-0.31233778918089283,0.6459855773575947,0.07213803016991027,0.2135037120211257,-0.4654856111585361,-0.8172627184860343,-1.0312328953948133,-0.5683660366594097,0.12465859536384585,-0.5248711790076053,-0.7289098813413113,-0.023973022378823233,-0.6307573626828747,-0.7383390589229573,-0.7866298732315227,-0.3144901485885075,0.17289039186833408,0.29093812480528886,0.3353981033322129,0.3728977348821539,0.16458274138316348,1.0,0.0016281405621518866,0.3507177180374202,-0.31842316435784224,0.06706144929371259,0.14832279575788,-0.1439485881435783,0.5678445783213231,0.13399217695951512,1.0548166096546117,0.9899570240652699,1.2725285279606682,1.0827584634380427,0.8558381769415768
real_0029,-0.040687228149437774,0.05628653212209543,0.08174986786040453,0.15885058281246264,-0.16659907534108698,0.25275118133028407,-0.07718325655309602,-0.2610905563242979,0.07381749647089733,0.174190557808605,0.3051201318633212,0.05272017001890519,-0.5140914943795318,-0.07972177824146293,0.38237689743707787,0.08181275106676879,0.004772566529647009,-0.09702391510183665,0.040226914367117644,-0.2398054603437305,-0.2291002429823204,-0.41486952499794877,-0.4554712152180963,-0.23679169626196073,-0.7262387417255536,-0.14074723323685145,-0.8084434394096291,-0.887761570448073,-0.04115429095175237,-0.8072542204967873,-0.7005014735719234,-0.6779587712200368,0.054949369255982095,0.09532347065713996,-0.501371843877035,-0.1832522266058236,-0.497871218497378,-0.6783747024791439,-0.4236506523418868,-0.5710914121291392,0.22535813453222772,0.02733579866551555,-0.7158174032841086,-0.07318469430984628,-0.3499767726442864,-0.25068710597590105,0.08838081453928798,0.5363430960511784,-0.007937889326900363,-0.08765066567430836,0.08673440714106184,0.3675869996268638,-0.1545714105019378,-0.1866081492941519,-0.1768287152141529,0.358866509218951,0.25877703556984727,-0.2960402052790339,0.457990682123338,-0.14698861199173283,0.9225934934790087,0.5988925308312104,0.34358980824571966,0.3501322273005502,0.450901516573883,1.0619098917393983,0.8241989211107776,0.7918827894975133,0.953546134015153,1.1398850926540416
real_0030,-0.5204857446990439,-0.8824937790726005,-0.3061713304287734,-0.04918096684841555,0.3148924265272467,0.25138157698673674,0.08124046548790884,-0.058013172391961784,-0.04091860708852829,-0.2304436282529377,0.5927318014892398,0.13079602345756686,0.09295316458751152,0.006084101503596879,-0.2565275923566208,-0.1431763426732865,-0.0928727440361594,0.5379203112097923,-0.03796767767948956,0.156022565298693,-0.12127418630911418,-0.17404936717520872,0.7064060688838926,-0.0011959500500772116,0.41452252862047834,0.44533817207082016,0.18591739170573818,-0.5738255606272239,-0.17510572000405183,0.2640914631321718,0.5244008123926965,1.1381109023570497,0.43755827793067836,0.05452789334499545,-0.18464025597004516,0.22603564609454568,0.43697046067481904,0.6558502245150659,0.0025483180301048365,-0.004391865293653925,-0.36447815668810707,-0.30260729117889446,-0.2548470924505799,-0.2204305619567763,-0.5517423878515294,0.16677636677863,0.5696966229354594,0.04560098913107136,-0.6874010254509233,-0.2985340537245104,-0.5732124630147198,-0.18374479610554348,-0.5846336179103451,0.055149449116781366,-0.6537594868389451,-0.3481087569533556,-0.18053978494873493,-0.37087783627985715,-0.7301659989540911,-0.6357738983902482,-0.24610394883124964,-0.13956500546574202,-0.34226086318892607,0.31949806307060996,0.22750143753891688,1.0646231504511825,0.9222580236450588,0.5174439338141019,1.0151426575913667,1.1415469396437081
real_0031,0.27107157894249917,-0.36368268322667824,0.2157944645028079,0.20974026578337543,-0.3039024897026001,0.16487666627487055,0.4160581519527322,-0.052591080199459676,-0.10622530932679673,-0.54940636617282,-0.01719962363391942,0.6667906296369376,0.3275119150261224,-0.05322133990786633,-0.5213846999479002,-0.49322023559760614,-0.03868653222789562,-0.7604956882795508,-0.5057360457944766,0.19075481770016328,-0.6279146328654845,-0.05990719434302965,0.11033070365481087,0.4163490695774991,0.1495515377643778,0.2570549800981063,0.012018581788365105,-0.4399507790688958,-0.05365901235193243,0.9330267385528903,1.084227825649053,0.656561621149806,-0.6395609522387382,-0.46538762949920837,0.0590940944069715,0.16916598574912256,0.4329866629117588,1.1342270358767004,-0.164656512363081,-0.6897226857989925,-0.8550365274906337,-0.6176079216530453,0.2983227661857991,0.27518452719042946,0.19470280970242906,-0.9370187452561815,-0.8731537598916783,-0.3682124986771707,-0.4253592990940795,-0.33203151710499723,-0.28597450592509,-0.20419300471752425,-0.02623600534934952,-0.189000049064876,-0.26640027184181836,-0.28983600594054815,0.11073475554466969,-0.03996058798926784,-0.25786063145360266,-0.25455325405217555,0.2922602139226479,0.4001919391348397,0.3509947448024505,0.0929313818191887,0.38633369187153443,1.3212471401305692,1.2266842649915082,1.322187399002379,1.0012033360872143,0.8626118447174793
real_0032,0.2653690327020479,0.6161428903428553,0.5480200449974302,0.16660529323648907,-0.0070694951225828435,0.2193759045082721,-0.07164509701803302,-0.4730715854120717,0.041599753072743564,-0.34703109044900865,-0.004828074861543844,-0.22785598782019362,-0.23616737379990238,0.12442208061930887,0.3847937143753564,-0.03690884841595346,-0.21716789278465443,0.3607579659299523,0.17563669629327638,0.5943148159016638,-0.29048491552032857,-0.1919408390185934,0.053390574482247134,-0.34915126902732163,-0.24458236691247023,-0.4569218968310055,0.21737958227025167,0.2701142586219979,-0.07433452624024407,0.049616530677547906,-0.1049374503085752,-0.6023149440210398,-0.43373455662504246,-0.43243723464190503,0.5512660566506831,0.16422515821348785,0.043845302401464635,-0.13529386155812903,0.08913226635923234,-0.3309708434818073,0.2761951330403139,0.35802940589516336,0.16782201656769288,0.0392929425558138,0.8457015823136612,0.1706531666127879,-0.20817878679821494,0.5149918940941721,0.7270055213328471,0.04998208962929053,0.065772473043107,-0.16715043074421918,-0.12637614737289393,-0.11491547683215658,-0.09606349959089078,-0.26155717174531434,-0.45282369086174024,0.2739116312295239,0.11538999126025075,-0.2964366016243801,0.11778825702065306,0.32578704613989645,-0.19694865083967159,-0.49811858857000596,-0.03714306632286424,0.9390377475423076,1.0956300716346543,1.5098655905214007,1.0896648131946318,0.7193078919322513
real_0033,0.11335382004471513,0.44448057843914557,-0.28087067095796137,-0.7897392913582909,-0.2230583674523237,-0.034966443160013565,-0.5134738847153255,-1.0,-0.844283218346411,0.09073119592999561,0.08460644395820532,0.06750338100941723,-0.6041931732711284,-0.19411209525776682,-0.3442847285464194,-0.32619997113752974,-0.05181215466246713,0.11620796087297351,-0.5107719719545962,-0.49923277129840304,-0.5137951721045521,0.05978194932394688,0.16468447035402906,-0.3894150619123832,-0.5533968704237167,-0.6191548301687353,-0.46590580597484543,-0.7900051099902963,0.21468667676792658,0.03962609309333814,-0.5917731494218421,0.1027706003795754,-0.09631123193722169,-0.016594492219377425,-0.35550231391606735,0.5945895853168829,-0.13498284060633015,0.3821201853178239,-0.046887034355934845,0.23207887553919773,-0.31709500469740737,0.10393634493651646,-0.25354523240013394,-0.3815177620029576,0.8389652497097129,0.5144307527622299,-0.3740730926340629,0.5440615053305259,0.616971370122606,-0.3534492682119554,-0.049023565315216594,-0.09629058818897,0.17295731851050708,0.07533197744482446,-0.08612857395071481,-0.0030097832782002122,-0.22717248309638335,-0.09357073562616335,-0.0868072596191315,-0.07690884155162286,-0.4377615202469325,0.0059376927300654435,0.04796255361649706,0.01531790589728183,0.3891731862118421,0.9231635906392694,0.895160435713188,0.9189461469101337,1.2330615071094355,0.7039679170254319
real_0034,-0.20757426610176774,-0.08257886684580769,-0.10545831800076637,-0.35034484330813065,-0.2896326108091345,0.4329435524472618,-0.10694049733885112,0.06048869235655082,0.044040854023366244,-0.3590220474728509,0.027209840038316682,0.21061595017928605,0.24736074389648952,0.39383884000374064,0.292573167486052,0.06908389674812786,0.28424968583911353,-0.273804560949414,0.00882064162084391,-0.09926393998258799,-0.7679082398469865,-0.36456582212216315,0.15361924335726238,-0.031244739857463996,0.1298668148243317,-0.18127499304744835,0.10184076409727857,-0.2899728898084914,-0.006599763384411952,-0.21444844413868328,-0.026541018036436333,-0.08776484782736892,-0.4106173504678666,-0.6169833683873279,-0.4540666861211558,0.28497593568480006,-0.08325652226050671,-0.17614557111682794,0.07631292273735663,-0.17740954192211217,-0.3256870022444083,-0.0344771952685856,-0.051450135793563494,-0.09219058549698567,-0.8466820656989634,-0.6119945153729816,-0.05169654346660355,0.08406199520902477,0.0992354316565675,-0.01994122665894901,-0.34903474249250793,-0.367585751904798,-0.08072810023729737,0.27721054608981566,-0.07438919119165667,0.12720410666255766,-0.32232128389558745,0.22504635895344,-0.017157085133221978,-0.2308974786583177,0.232659446367017,0.2390734663178434,0.05472633357171212,-0.6632533372341037,-0.22690597570491802,0.8779340907628184,0.8479423950339402,0.6126323918759629,1.3294787995206658,1.0216263854803656
real_0035,-0.04231713384710859,-0.04236740461712494,0.1226302936117502,-0.48775608689092614,0.5433512821263022,0.265999950692454,0.22371242124236873,-0.42589491781451755,-0.4303912028600747,0.2792173684344187,-0.15850906837258555,0.7077411958478647,0.5333250861615171,-0.07346803769069522,0.025069369419403246,0.23904976552870022,0.6303562301469392,0.030200816913573403,0.4389077621323738,0.32948223662274756,0.1295481415197111,0.07546890476452105,0.024215458356706264,-0.03194449499454479,0.27957393745775105,0.4021603272109749,0.18862493176675654,0.4938974650259192,0.21749891772218546,-0.3046504067855269,-0.44664334966533487,-0.1168649083454566,0.42650593430130046,0.08652029738628035,0.6245725991066995,0.008595882371561897,-0.34364612285711177,-0.6459746753078791,-0.16232147688727797,-0.028071264860582364,0.1647296916363393,0.1003628160581667,0.2402293960801843,-0.6577825369660748,-0.6448215867453104,0.5189633775721612,0.5982507231576918,0.20622716413550327,-0.5676421305832624,0.1426613728906479,0.4339618162710543,0.391112823482722,0.4307157233052509,0.17644303158031982,0.3095806183692577,0.2908759985804085,0.5311303204507826,0.18678485784774235,0.10107538107838826,-0.2518707648304154,0.7600081630827462,0.4970033830681176,0.23174229866142865,-0.26028161560923646,-0.37389788396502355,1.0923969133863243,1.0049173139314391,0.9379032047608112,1.0619240163818333,1.0817524671973286
real_0036,-0.579347741097771,-0.29182887775664734,-0.0061009186620058515,0.40945555559210384,0.3456027656281871,-0.17767201136623875,0.036017216655695385,-0.43385094629438625,0.8332388840476596,0.9208240715423728,0.1892310726910023,-0.10855222304834569,0.30394444799433823,0.08961581797830963,0.40213534876031315,-0.41642590473699387,-1.0233983594172027,-0.18850190213716253,0.5933441529058446,0.23053136240667746,-0.088423515914464,0.07207875129316095,-0.05397613664050302,-0.5062715483988663,0.14964135068453824,0.5559239693477953,-0.030908105999014918,-0.13482739326662033,0.8527482304262683,-0.4264860385904264,-0.3300081817453187,0.30661946307058296,-0.06628913080872098,0.09388631225283676,0.6964874279816075,0.04722155970013351,-0.4539151368570481,-0.5500176098356522,-0.04938546435961809,-0.07236661003904238,0.4456679753763796,-0.14367674873051878,0.40280903676166935,-0.2834994843776758,-0.07660009072283756,0.06192918882449631,0.1121267274314101,-0.635754911628354,-0.8644652457540221,0.054644024565517195,0.37947561185965617,-0.26735572500724103,-0.2525106216279477,-0.2960503409469024,-0.024788980471879354,0.4091372599951966,0.4525155282459021,0.5506750897768441,0.15646073929651802,0.18749295272192767,0.3969193337279775,0.5533013750601061,0.7093411430107965,0.7861097174138973,0.21272388732384495,1.1693458439081337,0.8175159775928309,0.9427554100318661,1.1179093772071205,0.8018685423855214
real_0037,-0.025496461091511623,0.261349849650143,0.11792934545598417,0.059779651400770045,0.21112232118960853,-0.21241918641788057,-0.38343167187386334,-0.16512820654200921,0.015844261009385782,-0.6598889106462376,-0.325454148048064,0.27762523354051905,0.14748458366816874,-0.14597248993152212,0.10293026955397175,0.19883178656683606,0.33161735942239695,-0.10673100631125154,0.7365269088442018,0.49293359953463345,0.31195069625614935,0.5580162081099547,-0.07775691320145034,0.1272535154794781,0.021684295651399083,-0.20056942294356223,0.044909370351625115,-0.11418201076846325,-0.47040079351150693,0.678620038482101,0.4485468605060408,0.16650441893578394,0.18768839576048849,-0.03469518311641328,-0.7893182950691577,-0.828460008527403,0.4793196650373544,0.09869012359852374,-0.12705770456071686,-0.2803026787289637,-0.16454254606120028,-0.44170670157664166,0.16212264029626644,-0.3141039468644423,-0.6187258980358868,0.20984277829480513,0.3570507080724105,-0.543275419330954,-0.27990388039011305,-0.6409685972869559,0.17684458679009898,0.32796243961555266,0.35512930926975406,-0.37095635586448544,-0.21202842507712774,-0.022988459733664125,-0.2893424943859964,0.18756631387587386,-0.13395995502439692,-0.5875327078240566,-0.6162175488415864,-0.16405949845295065,-0.7275407427500975,-0.6639653993600125,0.10078341098328737,0.9829078813517688,0.8993289583905129,0.9620152317955486,0.7698270981628866,1.0066463353315247
real_0038,-0.22652315654045238,0.0763160634490844,0.507249273633527,0.6508885483189891,0.2458575653441339,-0.3544239731171523,-0.6374378433107837,0.19989335499919633,0.36406844055654425,0.24745522335115788,0.25229062165470284,-0.3946721403413229,-0.5373283821608579,-0.5024604651768572,-0.9829679664086036,-0.024781776215824922,0.7169747116607579,-0.3290220425891528,0.13191622275008952,0.09156139358106959,-0.020764397986837414,0.40990289605896185,-0.4956471749836048,-0.35154306878148706,-0.27251649062728855,-0.021309126613382707,-0.6692130491347396,0.27658297819300937,-0.36315920670734353,-0.20514684254145765,-0.45255415940144555,0.1901795824310657,-0.2037749799175855,-0.1936385585198459,-0.0500195978711702,-0.009099013714359883,0.5620613406417796,0.11688838029593633,-0.15510715094390437,0.3054347801325328,0.08330841080958803,-0.08873920194405792,0.3195163476885477,-0.5543091526422549,0.09563893529527641,-0.04632935194465841,0.05567447453246049,-0.04410480442849254,-0.22086711952508947,0.19788266952404,-0.5927114676304414,-0.12439583456675617,-0.121487907853806,-0.5791283141728485,-0.5444996629907102,-0.3070997675981342,-0.02185906746693316,-0.1492055063155668,-0.10506625925386154,0.1593386699122014,-0.234326043457262,0.16625126829043324,0.11824861178161655,0.09152808103718503,0.5016784056673335,0.8739765284556208,1.0468014207326866,0.7773223916156303,0.9824246515168759,1.1426342590346215
real_0039,0.17518218591132076,0.1317394510135014,0.2221461766701178,0.12238230559127157,-0.13369539127397057,0.3365122063643792,0.053072742829095,-0.2997320516778727,0.22858298041906353,-0.3733443883327866,-0.07848968269029913,-0.01241368089927522,0.20198747890881644,0.7268769889694998,-0.18899292619675004,0.4972024824995997,0.7141325498799759,-0.3454488462969789,-1.183310830985436,-0.8115708716531729,-0.1860288431568996,0.12268227914587365,0.38051078113099873,1.2,0.5348031341545211,-0.3464373820084562,-0.7200028310524869,-0.6526489047562599,0.1503212648496969,0.739380792134124,0.12933982839890126,0.34680513829844656,-0.017455448283472397,-0.39179036852515065,-0.1293252953294219,0.122365882437047,0.8871667725192254,0.7453183958984378,0.577484752935019,0.15876774859649187,-0.44545777767300604,-0.5366692463692813,0.09829965937506817,0.5114254602339037,0.06104935883696049,-0.44563834749142084,0.011870087649918884,-0.43898950624536115,-0.603049157830399,-0.26741745406906625,-0.7048051234280717,-0.4687829753130702,-0.1866202635081553,0.3025589008070763,-0.13325784238981173,0.09208850471995311,-0.06368343273505817,0.2262898027350416,0.0027555449358043554,0.14481940293269294,-0.0495840714551001,0.06960568050451255,0.36328371517038655,0.46495571921264195,0.7886464925557904,0.8763278176463141,1.1732968054160045,1.1159122284952954,1.1880578929767178,1.1545476786663251
real_0040,0.039635721841316834,0.5168321094075424,0.46696091919957494,-0.1841124416640549,-0.16492017701128656,0.14615512747305096,0.1201383247194294,0.35854085135550645,-0.10252691810047784,-0.17394797970726425,0.3378469386547038,0.7720478611523564,0.2906641305302721,0.5970811420180747,0.411487836406512,-0.09194164526868932,0.6723603618301512,0.15114922545762174,-0.18861136389916464,-0.08970133800889982,0.02653572435919186,0.6093895046245129,-0.0861869134544518,-0.146758627813864,-0.5111641686523218,-0.46002998170171444,-0.22597666999102123,0.42637262225711176,0.6735150697077992,-0.4011448918012793,0.2637958332685478,-0.015224604385964858,-0.00284809914612169,-0.2856256679710588,0.6389940115231808,0.24543642514033104,-0.06710147300215875,0.3257275718420465,0.31476166679694306,0.11179091550550857,-0.43181417005056116,0.31777221070919026,-0.04451975327871011,0.035794253347040554,-0.10503622386473571,-0.23626922050061766,-0.6465496722249099,-0.3778165673958605,-0.34357449571296284,0.15274703480346372,-0.2952108308256861,-0.1706442700645694,-0.24842584670023776,-0.05522135525595851,-0.32279871910535474,-0.3174422926148562,-0.19875071266919592,0.06378990071138875,-0.4701941097166161,0.2747142261656708,-0.04197802071006799,-0.0726734172437696,0.10546366795600255,-0.1343386937531123,-0.3517462342316782,1.097588918173705,1.091314220833666,1.1049014750572173,1.1731937276834308,1.3879700300306221
real_0041,-0.7106496249455655,-0.3855727265281152,0.14189376638329224,0.3268600772525581,-0.020144669923940334,0.18756184048828417,0.22068742970083746,-0.06720079764311276,-0.029977723733308027,0.08307228416946899,-0.03385881910203448,-0.12363100386086621,-0.010231392402379132,-0.17127394207697572,-0.09825497783947762,-0.665684803621623,0.21835982397491152,0.23438293459272744,0.1616948119841279,-0.22642543835198212,0.09664398947215297,-0.3773897831315418,-0.5125422332765077,-0.4204594744961228,-0.046334176579200685,-0.5216551654135159,0.010396480975557254,-0.42071814832724924,-0.12882640393021727,-0.2182055586324075,-0.19738402075857056,-0.19729749791387083,-0.583607343581696,-0.1649718111752208,0.015409632991144057,-0.6398044337448233,0.29365080754313,0.7216524724449938,0.44987680670129043,0.5053700914294357,-0.09771254063653627,-0.6168829588514759,-0.2483642452373002,0.6676121622136231,1.2,1.2,0.7168682115275985,-0.37948498179768586,-1.2,-0.3603003165976355,-0.43093671810857037,-0.24416257593169224,0.0035131484209697792,-0.08889866708551973,0.3617861992946982,-0.25768529923704653,-0.30351871771707445,-0.2579392837186905,-0.21812250075122877,0.42357978887980197,-0.2835517475931373,-0.006411815530256312,-0.06682553350918718,0.35726468789146776,0.5908938286615606,1.1114881256805162,0.656306573710285,0.7011188760361386,1.0423219465590101,1.319245208049511
real_0042,0.418230657418298,0.35852510001853244,0.6145945556380106,-0.12810418784483144,0.31137420576243774,0.18372136457892901,0.09108189178359627,0.634474626464694,-0.03659126874253583,0.13706027316716407,-0.13406186395381312,0.10224329811170912,0.3892591932444002,-0.06641296686512635,0.162867222899038,-0.23437927529687383,-0.02345340255087897,0.5263146046357169,0.8825950113402251,0.3186188857385508,0.1747156004590097,-0.22120635966573943,0.30607550826272584,0.8114865650395278,0.826215856384505,0.49229493173495,0.6057121170366843,0.7353971951793106,-0.36835205036929736,0.3844965155981919,0.38621584915599494,0.4050064351662362,0.3396445592803597,0.5757897199021251,0.5142203889412342,-0.02336274274955702,0.3930113837599261,0.40163426658165413,0.4672666554984883,0.8992423292055202,-0.10683166923204306,-0.16933899161492644,0.15988400118324492,1.2,0.5442604124877849,0.6626613833910228,0.7590232155736768,0.1933955736657338,-0.39468106474538933,-0.15615939040622312,-0.1296943702402921,0.13830165831738478,0.08678760801194654,0.24203037432974242,0.09489006385812648,0.33108860070912316,-0.18159497698726573,-0.1607927996153745,-0.1268157569070012,0.2628499378941053,-0.03612640604841103,0.21788629513575744,0.28787025505975755,-0.04132744055487063,-0.2177239317221769,1.0814731402457793,1.045655009354539,1.1398393463389775,1.1772787919135905,0.749677141810864
real_0043,-0.41374933220018956,0.21619581446378358,0.12965662428298017,-0.04300742829706643,0.09945438723857437,0.04144200024334562,0.11923677318495333,-0.23788764621411995,-0.6085900996015783,-0.23578384318902518,-0.41481852059247837,-0.048732333941441185,0.4744631413690897,-0.1414975275929491,0.4311994678479024,0.34256513687453316,0.02730616568377576,0.5180974843892462,0.17616397283083593,-0.3160391158548855,-0.4418699505240685,-0.22272361206383115,-0.6107492777507868,-0.3873445102300083,-0.3917081952946903,-0.22658845920908705,-0.42713844808157075,0.6050664341167595,-0.027858186236104948,-0.3163101277874215,-0.34728957784458375,-0.730463985584453,0.4916170441664206,0.019336052083663395,0.3240926395623407,0.12653466676446,0.2533792083531665,0.7368580560589117,0.2579773759867792,-0.14900778195355524,-0.45328201720430206,-0.4379980342571929,-0.7978524622665767,0.2893921466716956,-0.02273554412441861,0.7827976343343148,0.6390712382442106,0.15665443322300737,-0.08058754614466239,-0.5817600221582104,0.4071571601861686,0.17678958381974597,0.14031947938915962,-0.9335310007719505,-0.2891444349459343,0.43640531297216006,0.44029038799223075,-0.01709745822788883,-0.18783632623495639,-0.3987100033938289,0.3353303043629015,0.29540513158646975,-0.3467709656945021,0.03116386874005235,-0.3402889096279617,0.9001735439066959,1.0108050359848866,1.4105369963891783,1.098153341798764,1.4208965523845056
real_0044,-0.3209249107422969,-0.9107512923841521,-0.7652184316468165,0.020966722832682045,0.12071948542500517,-0.5725992523806335,-0.6148165697243967,-0.2331099606829806,-0.4542840938534711,-0.7274917369068494,0.18464228716005077,0.13244027383299495,-0.5686334495490761,-0.0843585394369492,-0.49561765821608844,-0.46232289852122954,0.4955396960628605,0.03501687255430307,-0.46527173272928274,0.20143125258091493,0.728159288068667,-0.00973012482805624,0.22656075636951656,-0.6525117196189127,-0.08540651972035826,0.4326673769890561,0.3641605939733383,0.27972422470368,-0.03099092352809484,-0.42316399472485067,-0.33736896099082797,-0.3111875110300795,-0.36472938091115514,0.29566520817025,0.2824004150259088,0.13140880325905704,-0.07056448639169415,-0.8626792474055531,0.06051604852615962,1.1027582146443853,0.8979363587579583,0.3046318388370818,0.5558510313530521,-0.44816920049612136,-0.2857077809718733,0.48956181764781903,0.744284578380345,0.3254493987044057,0.18763039719228247,0.9582806672156126,-0.17179353385280055,0.2375629639380417,0.4348034120259179,0.3843230989896073,0.48645842658888055,-0.045888288929390834,0.05573935762720194,0.09016201168260876,0.09305909608837676,0.10153237227710948,-0.20638558862352743,-0.18153216369202263,0.27443660580034734,-0.006997300535253637,0.3105952712428327,1.034824198460008,1.062083542805904,1.034392066487412,1.2400612516518643,0.8672558738610713
real_0045,-0.22685419436649387,-0.04126534586777575,-0.10337197751098846,0.1203626295485485,-0.5087214121525975,-0.2694309428242468,0.2837158091368686,0.016986409731643864,-0.025246012779739913,-0.946875797182621,0.2235555972036918,-0.036395817008149825,0.6303999872184037,-0.05686062993943636,-0.4942487222438868,0.36075578851087964,-0.10677465591850914,-0.16391605545621463,0.11004962526815008,-0.09698871989009047,0.17704778063650892,-0.02276573796617572,0.506154259353984,0.6348146096800815,0.009036455564167625,0.28477564995780974,-0.030745769282184917,-0.11735251068649337,0.1414087680294297,-0.06042213012350955,-0.21251436559444534,0.7457184361488919,0.3162081617273025,-0.11335196308792757,0.5026375175402069,0.0749061729461833,0.07762670689529477,-0.6243892200548083,0.4696397892771094,0.6182120143182891,0.417416914355902,0.5639994203700468,-0.02811637970740473,-0.7298507022697087,-0.20160116019614574,0.006858244804700456,0.608037081752916,0.5616193406198993,0.1572830601707207,0.3102010181106435,0.15341854090104545,0.3308781371445903,0.028082073752108985,0.5829115846896836,0.8503853955623539,-0.49899530211609394,0.3209228149083953,-0.1253538844007453,-0.3687707912890565,0.3589123888388912,-0.3113416119643733,0.19401439265389006,-0.03158393005274236,-0.06560385369185363,0.2604254869530709,1.0175028713711092,1.2424314522476811,0.9325349675862988,1.0578718313914222,1.2612182031136068
real_0046,0.14119119535001948,0.33981600049005234,0.01703025177428891,-0.29556381713614566,0.3872898158072783,0.29273334787499894,0.25230693117355907,0.5994943678490062,0.31998663667196053,0.16986516592969966,0.10739741637442447,0.14929034386259324,0.35384456656134167,0.3837452044458032,0.07566844093857208,1.1666486595777714,0.423919359371558,-0.3749387593287721,-0.3760455529558369,-0.0631111462931614,0.0948424910895641,-0.12812201263267198,-0.01292938427048598,0.10518091082175797,-0.669318220584866,-0.1577200600359589,-0.16168508446165492,0.24465201205203374,-0.08185063550779582,0.10143739109791355,-0.12167098234525053,0.06644326308822983,0.19959613219943848,0.075249196460474,0.8984751738599038,0.7775221636453407,0.30534323318069884,0.15523959733255835,0.14363884656379208,-0.0020882371192904444,0.06279147551944331,-0.5153602464759433,0.4476009477437224,0.3522685024227252,-0.3505391292320105,-0.05757298717115038,-0.05284623642901598,-0.12572260668410157,-0.18146347687234587,-0.24312992019100838,0.4931073709346047,0.2116297778471721,-0.2063145516867301,0.19845756965632602,0.31886875598819436,0.29481838671656774,-0.24596296273509732,-0.25333039259552387,-0.28245421716704733,-0.3695150539971409,-0.4516974861141226,0.2924819517090844,0.23378300679666839,-0.21656392225747478,0.13976269033034,1.032803289509352,0.6905142584792886,0.9715993571184958,0.9288603368857931,1.0169966565127722
real_0047,-0.42233549052219455,-0.3115974787401495,-0.08817881611530701,0.46984230278160216,0.09017629385890397,-0.3339294762264775,-0.6465582806054041,-0.3521107161795677,0.24807351568100292,0.3014550185447003,0.31995234263175815,-0.6806613092917261,-0.5974313234150492,0.2537603593315963,0.2058017844838037,0.35552798677823433,0.025618110694323407,0.060669637738399444,0.02132756364261848,0.5368137566115487,-0.47465946270299497,-0.48396080363088545,0.001426313390988565,0.3979180975957578,0.3574409630769089,0.5480741359090321,0.3910024890514592,-0.12822973235705837,-0.2938295131089579,-0.015080147361641266,0.2819422920118582,-0.3936007990693133,-0.11950942833507772,0.6517925940028634,0.2244384239473702,0.0867189250408925,-0.1935074258753792,-0.26729782192630974,-0.4997862801492844,0.21143698209644152,0.20140144350338093,0.18317324200189808,0.1895976245356381,-1.0479695386915773,-0.17376933402874523,-0.6123263183895686,-0.2533163288658422,-0.633563459409143,-0.06438518864853478,0.22012899906928768,-0.5771369896840062,-0.3744125530875792,-0.196993104143084,0.03247909170908769,-0.31216055278045807,-0.1932632281311197,-0.3839726786789488,-0.12293501110578045,-0.00281634212167296,-0.01133653198825536,-0.03492303554777751,0.07553735161849158,-0.34149895425603133,0.09225264036323405,0.4010834939919986,1.1307143166922284,0.9113344862213342,1.1230513533937123,1.0671682513866048,0.8969626553857581
real_0048,0.02864617251113922,-0.2037432377099958,-0.4508414552521446,-0.2964667529407336,-0.015621563309268552,0.06289212900098172,-0.05534865477875566,-0.5341944165363154,-0.40544241475608533,-0.46983590948014425,-0.0018053468546469558,-0.12854420628994548,-0.6103567289304213,-0.4454189131806442,-0.18559537531761505,0.16110970671749586,-0.13745122769953716,0.4347927795810053,0.35724808504132466,0.5513504579413474,0.11962497246571419,-0.2118166225304941,-1.0420543579380515,-0.3502403334435332,0.3549847576678404,0.10621268923631365,0.5935077020723522,-0.28786044142002115,-0.6962780490775689,-0.9036073163578848,-0.6925702539159843,-1.0091226115578178,-0.9583009165801222,-0.09410480866256006,0.1544453513483128,0.14437215121177185,-0.5586536178601,-0.9097382809328896,-0.719332992572647,-0.6843716471527194,-0.15300119882080457,0.3568393947249989,0.716602477081116,-0.41544387773647645,-0.35968462484014824,-1.1605186333574657,-0.6836941750453859,-0.1690947939013766,0.5360879014473872,0.9989654440382433,0.3642690388899642,0.006026952212002537,-0.04468468911750483,-0.11371465555381205,0.09935576561771653,-0.2429133972712239,0.23540628453873372,-0.004950565723600892,0.3602746445359076,0.5610449256543122,-0.1579426434754869,-0.048919699940808734,0.02441309473684936,-0.302290892063509,0.09178927988930168,1.0335393323162023,1.0886359484190031,0.6538656788985564,0.5,0.5480757850562668
real_0049,-0.21683697125456028,0.19070610880312167,-0.06813327140752462,0.565519329920914,-0.09263581806668202,0.201993630377748,0.2536159607182792,0.7211434260008346,-0.23599499563873969,-0.7985714993910068,0.3015615676525539,0.6579387778188703,0.7561111258782115,-0.02539259817685198,0.05444129599182462,-0.33286355998436434,-0.21572823476431505,0.3159609341007799,0.49587734550204127,0.4871252887511081,-0.27442808460310025,-0.516804162236418,0.1404996007687909,-0.2078942067668233,0.736318607862773,0.23225599436535624,-0.15358993824661638,-1.0472184744712776,-0.5476814373166515,-0.3892382948763493,0.03559267578117132,0.18847666844250024,0.425544377266007,0.22644313098591407,0.44827478563846584,-0.46933688916146277,0.0735041963524173,0.1551940939107228,0.24222957182493987,0.4047193045044933,-0.09671935584719074,0.4847444098491231,-0.6264859449203989,0.1279304285082417,-0.11669642311253077,-0.33237677251341274,-0.11995079554032859,0.24872565617570316,0.22427769226173555,-0.14668030168264068,0.016878896849291572,0.28482102061916487,-0.09163800821942106,-0.2945865638107101,-0.07799298822294812,-0.4802934073140852,-0.32639036513715486,0.23847929549037739,0.527606763009395,0.040067173306458245,-0.20154727145657525,-0.24771282683368784,0.186656840425022,-0.21963621207901862,0.2046899183978358,1.1018370344607842,0.7627608400819087,1.0328781405954603,1.0765771472770098,0.9571088724459129
real_0050,0.04535457277994352,0.3958055329542774,0.4780624235441889,0.4983903629918928,0.2564944408571518,-0.389045597861371,-0.23516907323681197,-0.19727733241262432,0.23129948477661533,-0.07998422243455118,0.1759376894470506,0.6279119730634602,0.20928507206594685,-0.012170953508530088,-0.003976886118011483,-0.10492571522499308,0.9216449148182989,1.1119173823351305,0.35208422621808305,0.2483594533553955,-0.8923543633232348,-0.43842300043190857,0.837575186076115,0.6742591031404293,0.7311803136038443,0.6732013857116217,0.6171676157932262,-0.530049226714858,-0.24809167765895382,0.1824391194337162,0.9032070958683542,-0.21620618301410718,0.2998702148941008,0.3594529641233493,0.7651629349716069,0.14056333318560316,0.07783692191403904,-0.10354522710339271,-0.10161881744468453,-0.33187657535572695,-0.23893443095412728,0.2237203482428056,-0.1598777438620939,0.5151121169089982,0.11129734471037005,0.27041810661502497,0.1608801544480726,0.06996045229714129,-0.4818908095300713,0.0930234592348529,0.3553456992965589,0.4885764167308926,-0.04892395088121961,0.35934140418647403,0.13797502063784983,-0.23342489423244395,-0.09394162645336707,0.4139362027112151,0.258957040636417,-0.14808747639082814,0.14220507819169248,0.2621506959655511,0.4217290706654334,0.4603706709872191,-0.07102952803019191,1.0101368604233336,1.2213923572080263,0.9219072101074379,0.5,0.6101541911735977
real_0051,0.2004422864877157,-0.30454666591224583,0.5088796363407491,0.2336577676795297,0.29165632858844437,0.28750699044692246,0.08348147438181726,0.11547774092661726,-0.16024939246134168,0.21310663498579643,-0.12868199220784865,-0.10264570273614013,-0.24291921585234438,-0.12285759084691392,0.17852330877634714,-0.38137499097305155,-0.07256696523302802,-0.24099871675942622,-0.6962033207439446,0.05524656897627391,-0.5055812456598857,-0.1164578698558636,-0.27845368352981537,-0.1455183888168661,0.4859521497425073,-0.42188016062652295,0.07180225336726577,-0.4944676383334527,0.18662036540773908,-0.1692092390533312,0.16328029832193702,0.2164222851348501,0.008663179086651719,0.1355720335470531,0.1284694788447545,0.22684378244372896,0.46457309034221494,0.8191989907682177,0.26960486327115685,0.40092517930775384,0.9261777592361478,0.5980882710044193,0.05164437255556645,0.5101239361157748,0.7261510867802667,-0.25895479569893565,0.6028292380783852,0.46235985417242065,0.15199247868444066,-0.301511879189227,-0.3860764622286086,0.5017239286787325,0.47098997405342125,0.4918582139952138,-0.09840991947114885,-0.46941858349508114,0.4281925093668851,0.4867545644752531,0.5403426295296294,-0.12737344685441218,0.11434234523676114,0.42742099412728574,-0.059340282473711356,0.157075220606182,-0.3325321462427321,1.0433679098034976,1.0552534919050987,1.3695650025912092,0.6553073185189164,1.2418248089606931
real_0052,0.09466356233615239,0.12456010469336315,-0.12901318209480928,-0.2822852391212227,-0.23894864149959358,-0.18781933140842755,-0.3969896913411958,-0.32515216978006145,0.11964719121292842,-0.8368954376201316,0.014385540554714114,-0.23925081385779787,-0.010998160123179002,-0.11517196519916972,-0.5860654263339314,0.5186533887850568,-0.4361504573456599,0.18631937989298133,-0.18549694974971345,-0.09077661002865688,0.3586476507641589,-0.10952964140159739,-0.4584040974971118,-0.19055386603805352,-0.6613267509765105,0.13360934543492134,-0.5091927913611228,-0.7134492693170836,-0.4916444153793284,-0.8610587946484515,-0.6480555309302425,-0.6358639635797988,-0.9932387549992782,-0.5067328768160962,-0.5609788941301821,-0.7317772645648192,-0.4642244155534591,-0.5733279910789292,-0.5416042450138912,-0.7106218586593263,-0.183252602306295,0.061579532416923266,-0.19317467343696057,-0.42652973639063685,0.0238277059375387,-0.0669108573821986,-0.48559233011054587,-0.5922484973001273,-0.7763824342549135,0.4924151617039751,0.10472440716236343,-0.17777983428314953,-0.0848542722406529,-0.3224715078293203,-0.4964394874879202,-0.5985598569249121,0.2983332111616723,-0.23472315341236424,0.4333720315700176,-0.7345353571336511,-0.20550306904572346,0.07524846642916554,-0.2805651015048973,0.18677583471670514,-0.6030057771552839,1.094693233875781,1.1269875978765107,0.9651654532390084,1.0903537201881968,1.3791981642848121
real_0053,-0.34622445827113213,-0.22931715862141347,-0.4168598334504722,-0.1081681608370999,0.6960776417304559,-0.26516011739981926,-0.610071646501283,-1.0,0.07706989873250833,-0.35250321388908035,-0.23227703371401076,-0.2553861685741815,-1.0,-0.23062821011887916,-0.3845473809873274,0.14129679270371487,0.010144592487871331,-0.40006560179276457,0.2608487980151882,0.012199083236528034,-0.05517705928110246,-0.7310563323980777,0.7102767506641671,0.17584470798873408,0.8772224840367709,-0.27120073947692175,-0.8761190445479129,-0.20042847201743808,0.3975498934117922,0.9824344286057263,0.7913865367175413,-0.12245726299638535,-0.33293601605721135,-0.45873399025103573,-0.12953789820619144,0.5317614504319157,0.6086371047098776,-0.3782699196880663,-0.3958704651792276,0.5545891832102845,-0.47390488046420015,-0.03283180643246583,0.10327640426200403,0.095222080199202,-0.4896498307416105,-0.19881579024098062,-0.02366390517242291,-0.11593807209683213,0.12333807754288402,0.11618671760736515,-0.010505714247100164,-0.3922179794147724,-0.15307099524673795,-0.16881024066462527,-0.2143278343798526,-0.01255965611222897,-0.1469709468432239,-0.03164080898341857,-0.20565900947043586,0.3657018624292759,-0.5458837184369152,-0.09937007656567963,-0.6544231138824794,-0.6898530234313429,-0.48321891878186746,0.78142662702165,0.9143584507717308,1.333577522223904,1.095505867453359,0.8007722526758274
real_0054,0.358360123816449,0.2282365713800489,0.48929722195689124,-0.12424499170745402,-0.8680104765094594,0.35044551124695633,-0.036456007268312274,0.23176591839961505,0.2702891382577906,0.21740837785621275,0.32823344752304384,-0.036164836883983045,-0.28031844441317394,0.41420938559338705,0.845761389620793,-0.15849040431179673,-0.27685777530304095,0.6903829941196368,0.40858663121840144,0.3875386017741936,-0.052879637311070586,0.633097463413825,-0.4061834771562529,0.06092077943981968,0.19297307500262031,0.5103450410384568,-0.0410433843682459,0.047271956305645076,0.0493813919990866,-0.3107473931002585,0.26327419371771893,0.11355921739865324,0.05027016137217962,-0.40683184896616065,-0.04708831621674463,0.2436851488279094,0.3450890026757906,0.20888237744219418,0.2528943272758891,0.18492812489605634,0.20380618001850426,0.5742805943827455,-0.3190293601037565,0.32626921153250726,0.8758507248076771,0.13429323903704335,0.03967814828506152,-0.08192639081445183,-0.18961397240107894,0.11297660980091227,0.0236621517375416,0.3073078762577474,0.09219219021727026,-0.4037889663139125,-0.7281620833816408,0.4936626677929646,-0.2644065801885975,-0.6842570368987099,-0.6900274102799283,-0.9146082835565572,0.2644068518088098,0.37326943156537745,0.21276335570075952,-0.056900782604402816,-0.4427589571159839,0.9520493175464048,1.1220645534949316,0.7792518604435985,0.767514243972014,1.0754926856298177
real_0055,0.6338730150468805,-0.06332861211505321,-0.6961882449618936,-0.3144083374632754,-0.18551315632274837,-0.030024369563120667,-0.06089312051868546,-0.09512813480524807,-0.06713116829948251,-0.0803814102999534,-0.1449549401329283,-0.1536300710164629,-0.3056207762252576,-0.17239010405012395,0.3783708523545847,-0.024745768058246922,-0.38626361557817135,-0.6603846851838694,0.5991086336535877,0.10753129365985749,0.3285745821321051,-0.03232970636568261,0.09758125801136798,-0.684227869029836,-0.5325957600125595,0.6819770625851284,0.27824945690552305,0.5558691384934755,-0.13368894523695624,-0.6236647781440546,-0.22189025702128257,-0.4660636789419006,-0.10367275491853561,0.35654959036416134,-0.326015887621567,-0.31418593489499624,0.2434080090770785,0.37705306079809914,-0.14328147417228906,-0.06634353938455212,-0.10493964069139042,-0.45352995138946905,0.1633951519451258,-0.2499726201806581,1.0559939981601798,0.15542632199127224,0.6842044930601374,-0.11496185334347746,-0.24763809693294406,0.4884380611839621,0.2561288016530242,-0.16722224757035475,0.34957102906003157,-0.2893460180937712,-0.04691372528983959,-0.20505572264253089,-0.19618616778579503,-0.4498338234001142,0.18843926906725256,0.10338045110327507,-0.10460852395033012,-0.20303171983699528,-0.22391155381771574,-0.6548343808824251,-0.5865674969984729,0.9294441018560806,1.1602707333983557,1.1174518333605585,0.8575795916242123,0.8186521194980061
real_0056,-0.03799914361144912,0.019751860934734394,0.1495410078821546,-0.03650930548529676,-0.33454172178926733,-0.005213412644169005,-0.05708779463877377,-0.1751615388733695,-0.3241831466359339,-0.23023005458980586,-0.5547881468805467,0.18079400539389903,0.12104580025728481,-0.005391606880303726,-0.31073605261553955,0.12023609622293345,-0.13321352501654846,0.21941611345721487,0.2992775997867048,0.8489398815171336,0.5744485671939609,0.005227601637550937,-0.4169468689412333,-0.3757920804398667,0.04038373644762411,0.44598131010813175,0.9855462490272757,-0.049589724915966096,-0.4967634106578414,-0.11148523125247899,-0.2068463424439686,0.4989212839802233,0.6973432782939547,0.24387264405293083,0.5417607353533384,-0.2792200713542945,-0.023495338330612407,0.2446802868107437,0.5179451091724121,0.729274331091533,0.029728789519184444,0.2026397795611124,-0.3966242608211812,0.573728533646399,1.2,0.7330584510842401,0.8241146250076888,0.5383139217857132,0.03297303147452646,-0.04628811096470366,-0.5702506883446656,-0.41344985735590484,0.4312581066413148,0.5825960757696336,0.20553631107268536,0.0789297721077398,-0.7796276717907645,-0.30337813879349373,0.4014187978764057,0.48748633461448965,-0.5282933880840712,-0.40516293724220065,-0.4223450480884506,-0.053013513483790624,-0.13032238526675455,0.9041683227634987,1.0349317030205754,1.0638800527582457,1.2741081977228264,0.8428788174658026
real_0057,-0.26327735025822324,-0.2910119805127626,0.07529295864666491,0.11052402395910305,0.8137346194971992,-0.02296801523470385,0.3131443149795208,0.2026072960322055,0.6189325322568591,0.4214203152131416,-0.4701306809115138,-0.2599167557304634,-0.35463170392446763,0.1893069977383996,0.4875393632056458,0.1679329417890637,0.4806405999449712,-0.05077291454281297,1.1447452425323308,1.2,1.1444575778979276,0.2625510384339927,-0.18102064398979173,-0.3368829301863495,0.5181791050639172,1.0029586403669157,1.2,0.6816765277663351,0.12727794266680248,-0.3029076204559627,0.1373353005262711,0.12504405129043672,1.124248902846377,0.7959464900040806,0.6288692378347062,0.8882209574123525,-0.14655397442875168,0.06658310091834438,-0.03176088188924204,0.287926759063953,-0.1834793398744899,0.5427187416409915,0.34722502784855497,0.14081065893937153,0.04473631925938043,0.2750931798821363,-0.02589674702866134,0.14674143999471256,-0.383257431913805,-0.2373616850716803,-0.6062264541911129,-0.5693390165656098,-0.280300797850194,-0.6534568406589365,-0.3920476267638961,-0.4319625219035895,-0.560753013181879,-0.5004254630815725,-0.161661761648646,-0.10901972405496178,0.3724691758347892,0.035705537030346866,0.15460826726529475,-0.13167238929053496,-0.0929748645568314,0.9587286623159974,1.0351601339048044,0.8261905504270435,0.9031939736854647,1.1936236759663428
real_0058,0.3130308473449933,-0.18685677002830595,-0.37730940944457514,-0.13859158956038833,0.12208799506567904,-0.2899821315396075,-0.2302273050785211,-0.022595559704989776,-0.020098943804730086,-0.6187725988587761,-0.3252666863481935,-0.6181641172475238,-0.04933918087661714,-0.3132398264527461,0.01752229617242154,0.5042112296974964,-0.13440614341612234,-0.005282361220514771,-0.25439031344816976,-0.9206809816461508,-0.48546987751568826,-0.1939653300911536,0.8259619553187211,0.1218768560332208,-0.09770393339964954,-0.33829429118364285,-0.18098167884528985,-0.044858730713310806,-0.13411571248105172,0.4922423512441784,0.6043899593629746,0.23893287179032552,0.1595421402832592,0.5904430736355225,-0.4082785684127858,-0.9706099962650763,0.584826457645644,0.6012013689319058,0.7116296673780008,0.5344065325428576,0.5972373870424504,-0.2875411512217571,-0.007594540657889419,0.8774725741702838,0.30870789532860654,0.6423041293285869,-0.6126986050530401,-0.16602672328803011,-0.2935891091037842,0.08614655701491028,0.3480091619959379,0.3861833950479495,0.2886255243351043,0.42761015455177004,0.8529685409951876,0.6882778295160372,0.15393636377745934,0.4283552919963576,0.27100979442389905,0.7041485436601583,0.7789439421925093,0.1445221153355681,0.639028198754417,0.438541482113396,-0.3826297333232801,1.2242411966851594,1.0405514858922589,1.0354792229273881,1.448584062480597,0.9903654345391468
real_0059,0.037242940727652565,-0.5416700411063329,-0.3278363948664723,0.6026327912272257,0.7885251820054077,0.22073060715351234,-0.2854889342254093,-0.658634665276243,-0.26121381752471046,-0.025979255932341808,-0.44963253371719497,0.07902425353777429,-0.18707160780089271,0.65490879064804,0.048948856063570946,-0.543187012505653,-0.0598951832482864,-0.02386869982774061,0.6564172261195116,-0.1872238919359431,-0.27767547108635166,-0.28736577726858115,-0.08622079651596869,0.12478685546159585,-0.44569776249559906,-0.2135606057759192,0.6812695674539839,0.23062718468058824,0.22565181662922454,-0.0892367858475525,-0.23347157933021528,0.2534614584745134,-0.13608169539180762,-0.3514938722636681,-0.7248143625891398,0.27600855623276066,-0.13502649248017376,0.23807604115285183,0.27775690481417936,-0.2064712612587923,-0.7829110815387437,-0.7079187613673954,-0.16908798963604296,-0.014071237852711777,0.3228286354677906,0.10032857601769,-0.9133392288382561,-0.5634092916434766,0.3041999596771131,0.6153836182435053,-0.07153503754075911,0.4299463240491055,0.21078058725147653,0.3944922971544985,-0.09734373048040801,0.32146753014270574,0.15141720491195532,-0.10012414303774038,0.029292916277493326,0.5843430743479125,0.540171524714831,0.0836837797705373,-0.04512608336655283,0.17676147730729014,0.7331740604127986,0.8701253326460135,0.8704982102890928,1.2425037673663202,0.9996160293647308,1.4349120104827529
real_0060,0.06452119589480487,0.6676112138274213,0.6680513939708292,0.21183591624266968,0.36389102748812446,0.14895170662808388,0.4289806106072077,0.21931459739711495,0.1982272333908843,-0.05021010653787213,-0.45796538174439455,-0.12520962771770217,0.027931434706751582,-0.5423122523639965,-0.18648800849711572,0.7103315593769878,-1.087305812985101,-0.2593090768675626,-1.0619603901118677,0.31904334981316124,-0.0071075176556766135,0.1836144498307664,0.45677884938138935,0.17002252279533633,0.04546731007917616,-0.631261421982205,0.27728256524928024,0.538553306616016,0.2857063255620973,-0.22878065342981632,0.46147960013166806,0.9711662524473873,0.1317511836831297,-0.2371686633695494,-0.04919717378456429,0.34874540955871514,-0.3270035136914996,0.29914911079331213,0.5745837034425478,0.8244118086724188,-0.8274463224412276,0.05353850075106078,0.1625459538700785,0.5609642183211052,0.5112814715106319,0.4595857597741405,0.6124953951802449,-0.17805451163968325,0.029599676454622366,-0.08072375182463384,-0.0914576098989036,0.20290041640829556,0.2906327070641588,0.6724191486706257,0.2408976444987447,-0.3617094200125578,-0.1434843177592677,-0.24383616409040335,0.12324099291281836,0.5258788187327662,0.09612544471422411,0.08660576937177894,-0.36352546934390556,0.2369915422999101,0.7407418607482507,1.145241753188722,0.9778706979639471,0.9352416591426799,1.0816072353762534,0.8794418803242697
real_0061,-0.4479664574149617,-0.07861879146888107,-0.35150366890949447,-0.28451327236094254,-0.6109175672803697,0.16387609780699205,-0.011136471108994921,-0.3678668946087849,-0.4655357241969824,-0.2570123602940274,0.2067902511028375,-0.8410768815319949,-0.3178472556263411,-0.2689393499903111,-0.8366007194336696,0.11247091478144493,-0.15009941235803387,-0.22436112339163222,-0.49765610769493357,-0.4715576975695435,-1.2,-0.09518755875808096,-0.5489199579764372,-0.3352659566541713,-0.8223018740654294,-0.32735800316413316,-0.12302156953407983,-0.3429100122806106,-0.536802687116201,-0.2516914631949021,-0.2914888336264324,-0.7211652318645027,-0.5270473761005736,-0.16761202523026428,0.47445907654073544,0.5836070892349247,0.7283884033456904,-0.027430414219792715,-0.42992063718464874,-0.05213183244980912,-0.28302825970292267,0.1566515854693853,0.22768923586165493,0.7244698090374425,0.5000778052687295,-0.8001910487450757,-0.2573248361471729,-0.1513300569437369,-0.2835297892507506,0.09465496236535607,-0.1757043923169007,0.4033382272534422,0.25005205977471445,0.4675478012266834,-0.6201955209432004,0.42049821623940636,0.5660201277754308,0.016022904457236347,-0.45997634093063433,-0.16734101229733198,-0.0253932474370224,-0.09491804656334958,0.090932476060985,0.15906734298295272,0.16949428816571813,0.7475695342576293,0.9771216201321462,0.6616074701660473,1.3233748796997216,1.2498340831186223
real_0062,0.22430598010382735,-0.2085007135977374,0.3713899964012642,0.09285657181004778,-0.27335341443709227,-0.2941814994102831,-0.31331541379814193,-0.1525541365593395,-0.3083105129523036,-0.3017970563941181,-0.8257538091172568,-0.16569630429046486,-0.13923620127726813,-0.6633460586847388,-0.7193440788011152,-0.7827450984408308,-0.2397509940079382,-0.6166023838232293,-0.3527514370779459,0.4832227289764178,0.47674897734288846,0.6990355371652724,0.07190777028837449,-0.42736472394861497,-0.19725760742257578,-0.2557365711998628,-0.1313021342488503,0.12537658395401455,0.40253379257332483,-0.15284749224105837,-0.24898494807844382,-0.04007539396833904,-0.009869211064091794,0.37417863002586194,0.02092770274998367,0.5838907289632367,0.08722310389502623,-0.03439684931687428,-0.43076856911330325,-0.39021825227908147,-0.04734024484972815,-0.2107221223409215,-0.5637770474501457,-0.23287103158607858,-0.0010169491539646774,-0.9899286239588743,-0.019374361699771643,-0.43097937634199773,0.103053418089196,-0.5651896334798184,-0.4429081405093336,-0.21436454225281715,-0.2707384232959251,-0.48511523380270716,-0.809220962160003,0.23449378887888203,-0.5081770779881506,-0.15383468500952685,-0.3042740174842874,0.38105872139816616,-0.44180190530633845,-0.7247963862084723,-0.40536219736435036,0.10406418501588931,0.4100468738252867,0.9497672455021338,1.0575090796530242,0.9964874347045108,1.026205423238684,1.0243533532394455
real_0063,0.3231417557743801,0.12585095035398017,-0.04249917874549552,-0.04641520247547004,0.3171066602337678,0.5165635668297346,0.5571602760107703,-0.2175505908676056,-0.14755215788452317,-0.1461503367569083,0.12434521519909607,-0.32954003299944273,-0.3174310297100442,0.03790282169623135,0.36830643872969365,-0.4112030995036105,0.32202423974679045,-0.13593159806359775,-0.21261441280310303,0.5513863416085962,0.3638132228911271,-0.06916375620287973,-0.5127638058140562,-0.03701084200002359,-0.011493343452844073,0.37203724691471296,0.7567005662716189,0.42267430681598106,-0.6312916102502887,0.06439918815785182,0.040538593932201536,-0.24231107004280028,-0.12312813005860022,0.2443927949570123,0.04650715186144509,0.2819377273190832,-0.5859163312264859,0.5670618676547791,0.2808349018825271,-0.08679513744703246,-0.26669887018099686,0.6727464187208829,0.6148659296181708,0.2407225455994221,0.36168079639280637,0.253114554489298,0.3233692446335668,0.1923493184077356,-0.08401718162905361,0.41396880715919954,0.18690469840398424,0.4047711025596961,0.12654349169786155,0.08432667595456975,-0.39298166976747795,0.6007956450053438,0.17457853272576254,0.4064563411432436,0.3933580182448864,0.14182497261986005,0.606887557180202,0.48516895498207474,0.411309802171985,0.22568818561993606,0.19953324941818357,1.0244129597657508,1.149973637036544,0.8195153810414975,0.7995312038618397,1.1989445024360583
real_0064,0.06984932467947563,0.15214990009972423,-0.29480995297356105,-0.36606628651214745,-0.13739819367726283,0.03330364674838421,0.02674195751163485,0.4817463483373638,-0.03247879502176579,0.3167613043027607,0.3501606057053222,0.2633045626878139,0.20526716257282898,0.007921509064109912,-0.14401901892904145,-0.8007033398727252,0.05808772819431519,0.17687701071092032,0.0957066161059458,0.5116573173304417,0.6312185346987963,0.05430156210199846,-0.6692979691559752,0.1807310393531807,-0.2611812698573907,-0.18034996511664703,0.28294709648194905,0.18489755442382194,0.0065663274240269215,-0.4765280830756514,-0.4123774108742994,-0.35644936527271875,0.3586962470971256,0.47696411121405896,0.43451164404500237,0.47812081537903484,-0.07945247685442354,0.011624122981439871,0.001646226855461789,0.4350184736027327,0.3443876304896115,0.12541686665196183,-0.22711385961339348,0.31556220745684543,0.14853241676320503,-0.0286690473693585,-0.0784378033315208,0.19172900765306122,-0.053695827150988876,-0.6927690409139731,-0.48981344408113425,-1.0,-0.5243130671174874,-0.2771039532760506,-0.36266605325175405,-0.3401532523609617,-0.27191110730128426,-0.9345009219721262,-0.52857854559208,-0.14892564823663126,-0.07046941431780222,-0.7185108117273497,-0.3889374135031566,-0.5226352588003248,-0.25036832157449856,1.0879333497038917,0.8412195877032386,0.9315318122672235,0.9780545096611419,0.8882105856675133
real_0065,-0.02040620386426968,0.04520755816160778,0.1440522183910794,0.4077760229352449,0.08089852582584608,0.44498505138939315,0.4801588922732845,-0.1013478214046601,0.2464518583324757,-0.19333191046953627,0.0037365558487208444,0.16291418520187653,0.0232074521003549,0.38984960360244586,-0.012866392765398313,-0.22350630722357157,0.1682038853489684,-0.06502029832148505,0.09274219985592674,0.434706470539523,0.9216048713830665,0.7713636426787696,0.18803621183014585,-0.003953566637820781,0.2792344262522813,-0.08363043211158891,0.2584596080346051,-0.15637963836447386,0.6319664601272762,0.2969412390422034,0.4143668024615081,0.5625371696982723,0.11636988647000397,0.4799037971829833,0.3122705916673158,0.6043976859642917,-0.2847449823565821,0.5058134891480087,-0.4104760064477612,0.12371262732519035,-0.2681769291280818,0.714624371646991,0.7250867518483971,0.13922215869449975,-0.06537357117797947,0.05984616915484687,-0.20156637032887634,0.01993351877944109,0.38088663689078833,0.5810668925831954,-0.13871250185750103,0.07334738958628616,0.38655723413130794,0.15468471274342255,0.0007873892885349741,-0.21043308322504625,0.20273564853398185,0.5399858016305255,0.9100675230502736,0.2574533443326161,-0.13869554889933386,-0.012252331667334002,0.1856803876050822,0.39566096474835033,0.3733326596711656,1.1066839869689282,0.9812486454520634,0.9836824460629758,0.9928778527619818,0.9876102906121044
real_0066,-0.1790888758544262,-0.09611223251536848,-0.16252643903538358,0.6594095222658195,0.5447807167350551,-0.3630224961998552,0.1716112390443359,0.6286565868302845,0.29923580709874403,0.7593192048756837,-0.040093759253025815,0.6370207576818196,0.9303489626822857,0.7065636983563524,0.348982942288949,0.07456494782407076,-0.0211066375594293,-0.27803260473269487,-0.17601082304330212,0.12910115988751247,0.22594551737548832,0.19368411763209284,-0.38593423530585214,0.014095636703704936,-0.20804102986486397,-0.2616029680445925,0.2823003365433354,0.5739928335048612,0.05512435853898448,-0.25432136216028245,0.2489526498796147,-0.30540811479614843,0.14311011297746815,0.038292754557530125,0.35038681263020816,0.6871943570249482,-0.03942327363170747,0.2508294768808658,-0.06015127095031766,-0.39665115853726296,-0.22108918999411084,0.30241699238093056,0.26156764559546225,-0.1437530684074392,-0.28763731123226416,0.6168083232438851,0.22186740029317117,0.39065382401058435,0.1993818601741003,0.018790292843143947,0.049968547834918914,-0.3081744476856422,-0.21403208966017415,0.13048051623856352,0.6113391790065555,-0.07589236431870948,-0.5096094200369397,-0.12044895329061955,0.5194504871717027,0.32119944430416886,-0.5798453068462649,-0.22733008688237372,-0.007258896909181891,0.30062932661433617,0.16463244271280408,1.1190020852799887,1.222218332148846,0.6588695567968965,0.7270516695596869,0.9711252801752663
real_0067,-0.057208859634568086,-0.7135455173231783,0.2822561946711332,0.1193511532431945,-0.13571670769821842,-0.29775326487933607,-0.3659555296042681,-0.7171821352416585,0.17618494822883302,-0.08234912817640958,-0.7918949247117798,-0.18483802962877374,-0.3385062534254979,-0.5153251673951066,-0.18261147449658088,-0.19965019642991186,0.32184415637758673,0.653373003875444,0.6513910507207903,0.45582190097909236,0.16422823307969894,0.8069897069327001,0.052075152003747266,-0.16526693502263687,0.6709627354609352,0.06074288081197085,0.22809319135546052,-0.13966982688750407,0.09600944328448457,0.5855687079675796,1.0644559190070797,1.0880142126257326,0.2202685796862943,0.1577029506274096,-0.17358698065486694,-0.025504383033980428,-0.9453655982280692,-0.26202574875091844,1.1407099161061027,0.21021989403317365,0.15380267346471724,0.11447859247806916,0.7056815014997234,-0.5305424434490437,-0.2765819394761625,-0.3108799009523857,0.32160352833894634,-0.33902544439293564,0.3323833258973807,-0.12008545129661877,-0.1699743414376034,-0.08070992645076253,0.016955996279375978,0.13213300549010343,0.6384685218623501,-0.31515818183783517,-0.642487509598692,-0.18747839517010872,-0.4227253476171956,-0.2602159774207832,-0.4308915631881356,-0.06615745119517542,0.10927636496208586,0.12088662558507213,-0.608601259559763,0.9476912391627343,0.8884617656781154,0.6768683321358644,0.9488335857318353,0.7909857212885532
real_0068,-0.14823372148368563,-0.4342737229346006,0.44076348048531483,0.03187289144880141,-0.19845248855539785,-0.19374332309740888,-0.3633415820772317,0.35340564847966754,0.23191882001895184,0.04617743962525783,0.20712769924510574,-0.11505423820715531,0.09661779273120073,-0.15738766284378927,-0.13045036902035007,0.02120295506200941,-0.022882194346399508,-0.13531182694735497,-0.5723806364660078,-0.19406765032769735,-0.030571943159672665,0.07489464500723865,-0.26042431456281007,0.44923388062311354,0.09546627385606334,-0.21374697216349148,-0.10915951972246198,0.47023170910073187,-0.6808398931898089,-1.2,-1.1707585490109986,-0.13860953790820066,-0.043691614012935316,0.4711187535656974,0.09382757857855568,-0.2194746423755343,-0.9017973005540298,-0.9664567398702679,-1.0529135826955007,-0.5335177074635953,0.4350544241792513,0.5729466947408388,-0.33508028119632144,0.2466650204932194,-0.3820161374048679,-0.01726100854862273,-0.22685700642185797,-0.021912550220461353,0.3083755118312378,0.21079001620621388,0.19093428604376686,0.1403672315922358,0.02942585400877638,-0.7554234072011036,-0.15165940047781395,0.009524750005248014,0.2807958216225679,-0.5497459556621398,-0.3181238504392986,-0.20136697415184543,0.08242878385381032,0.16115897612472993,-0.5098996970465289,-0.5472476168140044,-0.13523606968809931,0.9306472311003149,0.876662497406452,1.096413367105105,0.8515615812005126,1.1655203836454382
real_0069,-0.3944821391129667,-0.0910670598014451,-0.265263291655108,-0.2864415871720746,-0.009396386621824973,0.11861577647637796,-0.14068560939947125,-0.054477850845755744,-0.08204852462750661,0.11882192995696078,-0.16114955659489313,0.2566732379135412,-0.4725720376061372,-0.09768884387515579,0.026594400011884064,0.448224723097304,0.527402072335119,0.5821945157447258,0.4026557976451848,0.9738601466435283,0.4215204286845886,0.03497540375088452,0.8596262413670638,0.17341433953072743,0.06510740972508298,0.7477418881053696,1.0107720374477742,0.7182352451902296,-0.16303719031859049,-0.04200839211952965,0.5283444972783347,0.6463244260503377,0.38037141906148286,0.9542467841418447,0.4503570702529832,-0.03825523614288097,-0.05068641811624528,0.10692220215696067,0.5311155202797602,0.2819599655206973,0.2766542517376891,0.11307137436597789,-0.3774400549545839,0.17420159740241506,-0.5192599662207025,-0.12747670098295333,0.2370165951507219,0.05448908398655215,0.27415417891215843,0.14417901556360832,0.04568404783387545,-0.034240386347214415,0.31397820989383685,-0.06290925765925985,-0.20810511105259327,0.08711511119270048,0.11070913264923156,0.3353840321430292,-0.1853028737541366,-0.39437354933332536,0.32849746048505707,0.6210870328395406,0.500501610169977,-0.4780947682141764,-0.7669650349261278,1.1286963821885732,1.030345928774679,0.8954562607660639,1.1848715514374868,1.162562251394591
real_0070,0.28378582757521664,0.13470644180350103,0.25058028235945423,0.5382617795431512,0.05768314009342744,-0.05056214074034046,-0.1366034382125281,0.11355168139701283,0.5057263081497293,0.6157892665831701,-0.34809961424507785,0.3871209985366561,0.4232273148886637,-0.0661747893782869,0.4058255019778101,-0.05966583807941302,-0.1123837143364501,-0.4119349274757313,-0.09780114129751936,0.5191146591495553,-0.031884174643165064,0.5178842538235815,0.7538756774389269,0.4562498260546988,0.3143733359015818,-0.17983490983787961,-0.10127227178213236,-0.1741110339914439,-0.2542955622260588,0.25738356956304814,0.31366903948704317,0.3781147516132137,-0.7531895042328889,-0.04568675216392233,-0.37440547909206234,0.1359755476103711,0.5021375166854308,0.33681847712812046,-0.08610897556485551,0.41543263611708864,-0.3323568142690894,0.002901898467766338,0.20199987436983774,0.20109489199480257,0.39374651933310684,-0.0056761333896138575,-0.037130437104590186,0.37777899019268646,-0.03416605034677933,-0.3464024445548136,-0.19896249082804784,-0.7307768048426256,-0.4688392453992163,-0.3337987011824534,0.013592112706769306,-0.5446574361222599,-0.2780848372839273,-0.35712892481375563,-0.2636986781512132,0.28306215461203915,0.00822398469480216,0.23447172807293462,-0.22148461413434375,0.3262171558498758,-0.10375349044529435,0.9713043512677577,1.126657778572798,0.5,1.006922374837051,1.1483886737263918
real_0071,-1.0,-0.04219508374533338,-0.0369162096093378,-0.31953021084850713,0.2195482347715871,-0.11904407662659806,-0.35875419427078753,-0.12799894885018928,-0.6252142870986264,-0.5295862982242537,-0.12270192210608417,0.2815201493392093,0.34102832338157335,0.4083501719969171,-0.1306364564909556,0.26269572652993434,-0.12189925009436212,-0.6440966288042862,-0.3429049046598825,-0.2284719520251541,-0.8136109044858222,-0.047987231112593315,-0.5670450033877527,-0.19175299134448717,-0.474200540860414,-0.875072710544369,-0.2958474321944489,-0.45347364360283166,0.31044059870276564,-0.16611960441613174,-0.5724671067212864,-0.07565866399557014,-0.38321618046297135,-0.08089184889614788,0.07261575217114494,0.14201252385743748,-0.2548194444363828,-0.14876559299056213,0.15808542570125067,0.19100782499921176,0.16432331032104866,-0.1163992290945677,0.5031629032535135,-0.1947960388368682,0.1938988329858572,-0.19459567665734703,-0.6475314719106606,-0.02744091362105317,-0.1262957123910521,-0.04467605459610458,-0.1432542600975153,0.25862275903868237,0.5794588422827387,0.06963030228074504,-0.046985607962099704,0.23177358052131034,-0.13528418449365803,0.9458479061999676,0.9106367677501799,-0.04001012394175908,0.27094956210879534,0.3945258040495159,0.36996477322428734,0.5984574043435088,-0.3256078615482796,0.8086470514993117,1.001713908334099,1.156968807321627,0.943440850170486,1.3842414134794112
real_0072,0.15578308798841142,0.1935257316224612,-0.16032352214212997,-0.5157008722257654,-0.6711950444165208,0.1491205179725814,0.30110512602152106,0.36879959987515776,-0.5886585070359588,-0.3932153011243938,0.3267620750578016,0.587342719047693,-0.4257119086291056,-0.004360658115943122,-0.06835814239249899,0.04581144016989862,-0.7783460837682402,-0.9361170884068464,-0.3896241664516192,-0.7990828278621435,-0.6254625246939026,-0.42359611951186493,0.07384973427026938,0.5647964032258871,0.23327684429582976,0.012607857077151773,-0.3953740208429051,-0.6918157565571823,-0.45706611907934885,-0.026300478416569344,-0.42550009990419063,0.06023424413354595,0.17092832984534648,0.17065131854166746,-0.1684768973405603,-0.041745515066121446,-0.5573014089012182,-0.6113695069746942,-0.5850351457735575,-0.3867857624623383,-0.010133504642186904,-0.004247139221413919,-0.2156120943680419,-0.38079421448673895,-0.48738383140457536,-1.0099620174859016,0.19494716988581295,0.3280153749920937,-0.5054238414458757,0.343332415745868,0.04318274361929574,0.3711429125197308,-0.12096851840324237,0.17592993428063555,0.2884341322794255,0.04577414817154082,0.25343975166485,0.9093407599310832,0.29598000884283326,-0.08409575234314384,-0.38655180018404744,0.26799632292789594,0.47381317846425974,-0.16923141264402078,-0.36983699229783507,0.8300069178994779,1.1993440885655484,1.054473951054848,0.9787636138754847,1.362336200309076
real_0073,0.4994898451231345,-0.21464668190158506,-0.025587054953668434,0.21084194019548622,-0.29417479444467165,0.13695344189989384,-0.11856690067146079,-0.6518981237676573,-0.5826890630044479,-0.08538638030682727,0.6881931003333049,0.27144516669963653,0.10932713325511212,0.09392340662411018,-0.13021695304560166,-0.07070148459166654,-0.4190304678137566,-0.5457450672164447,0.2368110427045622,0.53752354655969,0.4996235999028483,-0.0929288363542195,-0.26515745142753394,-0.35204667953181534,-0.1567237474541665,0.4264311409539134,0.7301784188998257,0.716342407303087,-0.28377815389818106,0.7170895120064152,-0.939132023951594,0.022840367270774733,-0.28806150470655906,0.48125112722948366,0.4552949301931056,0.1406837913051663,0.6642926562977162,-0.4014928439600716,-0.04624284114245187,0.5444682617958614,0.3499943677163315,-0.054443411112636675,-0.12885475874765223,0.12393993495505093,0.23189170368299217,0.2963645420144327,-0.014511112422784876,-0.001993874981023234,0.17109262003227138,-0.4711987195764645,0.14072570545267923,0.18598483823045864,0.15886365927705912,-0.1925504660480227,0.11365443374273942,0.6261544498576356,0.5948292701848225,-0.09857743753788174,0.463897182331177,0.22788661847875885,0.11087036168159203,0.2998462511021409,0.3363290412846824,-0.04962801549847753,-0.3662027420959969,0.8620821570997583,1.128519097384979,0.8572250351927032,1.0446244036812333,0.9062638275377162
real_0074,-0.5398875966025927,-0.09729717076532785,-0.6142269098569928,0.2456608476251071,-0.2991683655430584,-0.11474330782979122,-0.3203410435164129,-0.3636202047027932,-0.011577046899760277,-0.3074186045345104,-0.05695156203018125,-0.1825455727149421,-0.16292449710234302,0.16808341036954494,0.362406031421076,0.2766437712226224,0.6651056604405231,0.10450607649788037,-0.3329296441610801,0.16420765780989435,0.06705410205714431,0.4812066914750533,-0.20966538961438833,0.023007296605417078,1.0429466247998824,0.2841864948913639,0.2929349485934975,0.12122281890969475,0.7558618333912575,0.20022142546490201,0.39919236372482353,0.2380366261208617,0.2620702167645884,0.49530979749551673,0.5229500205222898,-0.018640287645817127,-0.14622367779373543,0.08840122908926894,-0.0023813851734097837,0.16332541229120076,1.0487489153810599,-0.6920436036366993,0.15740247909556282,-0.3540399874388351,-0.2071510386747883,-0.6222057064523274,0.178601612709608,0.01746347194395848,-0.3640213836728907,0.5331912717179752,-0.24112429466884552,0.5588238372539603,0.4308139606574673,-0.07508474529265834,0.096880866254674,-0.17341679974627455,0.6610915181816884,0.34920781964357406,0.15133425331184328,-0.493129191564695,0.31628222717586524,0.44022230541602614,0.24491824012270796,-0.21586196862548726,-0.2865356065591341,1.0745741116080647,1.1262730100335092,0.7366339577883516,1.123362839937956,1.0932630796085445
real_0075,-0.09030859670981832,-0.1264117227432929,-0.2946977982562428,-0.18662206901038686,-0.05207212127190683,-0.3029531657546244,-0.22500253753333685,-0.03962219628049875,-0.4647428490744968,-0.845530463665671,-0.43056056318371505,0.3313811053840375,0.3437838670715351,0.04827922025247485,-0.09330469760928348,-0.1611682361291447,0.3207366251323215,-0.14398664992934396,-0.2316959814321723,0.4732990187574411,0.47604176466985587,-0.22817441929195148,0.13591724371184363,-0.28916321182824506,0.2344204885939731,0.8363101370493445,0.3548642625697734,-0.1200880056053361,0.3926664512575763,-0.31506743569468076,-0.031656731594431636,-0.21988372295175268,0.00884507987318139,-0.010236697761813235,0.3103786332501083,0.1884861783835132,0.15778876080184276,0.5331298956466907,-0.09932131881253498,0.19634502176805643,0.8347066757940717,0.19102582631354112,0.5257409993114235,0.11336923135242813,-0.5266842238752584,-0.4825387292873438,0.6699352539700976,0.17894064670590418,-0.27207885598166426,0.18238560051920796,0.29023343531213464,0.5021575446418942,0.3840032205001002,-0.36836440768751794,-0.08065226396697951,0.4075387188456743,0.7519814761466539,0.5055919716338727,0.4058002928445748,-0.09697606002344845,0.21494907912164965,0.16934757848810258,0.11625962692262796,0.7796961469712027,0.30419612663352624,1.0213638604105848,1.083117475198614,1.1671615792628676,0.8000575542661237,0.8440998276854468
real_0076,1.0,0.29022878415705144,0.35649604973358656,0.7598161709418203,0.31406470399103237,0.4063012147409139,0.03881589822621753,0.42710535547414996,0.10216383183225877,0.21433783800969475,-0.2581826871382086,0.14732293669226204,-0.059746701565003515,0.040946112965670606,0.1775240718695808,-0.4182915425739222,-1.2,-0.6211486526588622,-0.7379548738338692,-0.2197608694454503,-0.5449811142912744,0.7618046875309119,-0.9249579734177318,-0.37633622289043867,-0.3175403511891341,-0.06357710816857069,-0.22296920024188827,-0.12252232672232378,0.2229538648326227,0.07558814817820829,0.2269567880901949,-0.03040567246888151,0.12065316982301606,0.048224421570450524,0.053235399759957266,-0.23707181236054198,-0.14967880279488063,0.3156254949219842,-0.08423332505135865,-0.254339846300732,-0.21814422360248706,0.09513903563058722,0.06621286426278425,-0.09344076917929738,-0.16901059242352484,-0.021610271231717968,0.45367486406997637,-0.17932332120645864,-0.2265840431788233,-0.20432690644881554,0.3096269155186458,0.4012623341484707,0.43387510085245673,-0.06882740239547169,0.0002525852764260501,0.27872805310260673,0.027523943976360286,0.2655749245030643,-0.04026335701105231,-0.49688920445875967,0.18854159794732545,-0.28393628642560065,0.02459316857722332,-0.29830203960192037,-0.46813886179094727,1.1035728031101653,1.3491479650519127,1.0698701245120859,0.7916824734757456,1.0058388290286389
real_0077,0.21999098229133615,0.37923602532123435,0.07080539459247306,-0.06510709406901354,0.3939736511379357,-0.08959633444185643,0.03366710760727359,-0.14783530180045482,-0.11451881688392533,-0.1978945575645174,-0.09277587791551876,-0.2851830075483564,-0.17430025585134412,-0.1172946622460229,-0.3996889488946836,-0.49457614319756765,-0.3763415655740302,0.12517301165426853,0.7311983445977609,0.10889860389643274,-0.20358084922895914,-0.4609230529961251,0.0024278399061574032,0.2789226266436409,-0.035034067561093195,0.5820560700453307,0.3422776500031144,0.21538815531451824,-0.04777252289175093,0.5433668604052833,0.5076843101152508,-0.08954656546532025,-0.5807148259347575,0.09312809966474171,0.08613629162424527,0.22016745971702756,-0.14195274499120103,-0.3159092918677782,-0.006001242013560469,-0.1916844939786259,-0.05627181229558576,0.06502881848867839,-0.07063312584143087,1.2,0.7115320393592589,-0.03384230983344081,-0.34163458379549144,-0.21918995717984027,-0.0826645395016959,0.59636346477426,-0.595921352966764,-0.08093017854804692,-0.19232122034553303,-0.3953145481202231,0.3098167920897169,-0.744402884343018,0.1667350044881632,0.008453215746175597,-0.26347535181026654,-0.2504243801008905,0.306164851656914,0.2778502505778954,-0.1670098313982618,0.21943454683274197,-0.34263131497420724,0.9359121030495199,0.9692257466700934,1.4765204565368146,1.220935843080506,0.8500626377202838
real_0078,-0.3561504134110049,-0.4182942061966698,0.3947453468794705,0.22492608398452174,0.12515943123908002,0.4610524896045054,-0.13803080758623157,-0.10391405390836433,-0.25641829272152544,-0.05401435033997461,0.5851971356717729,0.1896033943439189,0.1155098900929422,0.6281936072137321,-0.131964340575176,-0.0007349406941167957,0.29311309100238236,0.38351773085204893,-0.3663878875489997,-0.09626888355297639,-0.4790052671010514,-0.3793129709291771,0.30044931919525836,-0.08243977918841099,0.6653473445791354,-0.5497537063681676,-0.2153252677476966,-0.2528342762863029,-0.19773074576466249,0.5747516022543249,-0.0023567711896257896,0.1112132951653754,-0.8667749511064129,-0.8311333493883418,-0.5157714925589563,-0.8794867467717292,0.5628134032305608,-0.17495925026030337,-0.3733418602676102,-0.1882726676298777,-0.09265382476053231,-0.16277265441553057,0.3642888709280403,0.17816925499663402,0.36342970251015566,-0.5198226488279147,0.008532239965244666,-0.18071723791988734,0.6510515861487647,0.6520636769885534,-0.12694515281472968,-0.21442862290406667,0.12703939401049633,0.18931511668199047,-0.08167529261381536,0.2355681860443347,0.2311463746553169,0.12012831460714891,0.04914532907356606,-0.2743549122761943,0.3732425196643401,0.17320587624203768,0.24212053907740133,0.21014672530471612,0.3138802864282193,1.0237809536615072,0.6994716561900229,1.0840377197449875,0.9175326255590539,1.4050175772840128
real_0079,0.776074740026191,0.2892573858557393,0.3823595647991189,0.04246569162146953,-0.7619475114186611,0.3911858791324581,0.11598206579487895,0.043229987087719586,-0.07272565963326512,-0.5678107293840333,-0.08504089194232628,-0.36431402007505853,-0.18865859381115546,0.02928631063886017,-0.43050840223677955,0.21479588599324,0.3385302546326544,0.216431320729239,-0.05300946048175955,-0.024557325623727807,-0.12441013228907218,-0.5388994178757534,-0.5551961650048357,-0.9028930412530691,-0.3356561855416336,-0.31283602831970553,-0.11347641423176406,0.48414557528149693,-0.9667842116911258,0.5241695156329021,0.18699517473198304,-0.16748185307751548,0.03557863523399271,0.2948119220375502,0.15042354550248055,-0.23824825015975387,0.16004552410479317,-0.017674172461955566,-0.8628892261069807,0.22323395481405592,-0.19162095906213056,-0.2039174768598319,0.2903835663273305,-0.14943418838832534,-0.3402676924252527,-0.2666916832280592,-0.3693864578468915,-0.13956140903606193,-0.6350873863260472,0.06662005307330007,0.1134100482148106,-0.25036871777668906,-0.0879019332812139,-0.7049149655501692,0.033292344182223356,0.22205981684382878,0.5093928328043763,-0.15430055565564552,-0.7050060620820671,-0.31980313603197086,0.04808253780070885,-0.08502617719847926,-0.0427603302791585,-0.25657339207368574,-0.05059832457347652,1.0938385590951005,1.240638154227571,1.077540628252403,0.7166315814806252,1.0909245375857406
real_0080,-0.4561317077230575,-0.06122876267793144,-0.2552645639910402,-0.6302181506020759,-0.2713690285148472,0.23287518386414893,0.08021263453701742,-0.26291026648588023,-0.23001369263172103,-0.03597611662478711,0.3764421210313512,-0.01062050417018578,0.12436305202308817,-0.2218252711104747,-0.09602384265920062,0.1301755714435,0.2912098117653711,0.13720407897761241,0.22293281636643988,-0.6903021201281467,-0.7401087661693352,0.5294497676890665,-0.12697830470825902,-0.45786359492728845,0.16055696841110814,-0.009390069799944016,-0.041709496055004666,-0.14935269582616714,-0.16935828316710497,-0.5195520593449774,0.032024631284438186,0.43400635397400444,0.2149965378633694,-0.11059536733111851,0.2767211031174262,-0.6751135785450795,0.0048347802931010195,0.10308113367032447,-0.48475632977587696,0.5953177461442427,-0.04117227765103188,0.05559913506073848,0.32530080953475565,0.6722310355263514,0.13888464923137345,-0.6487912576999617,-0.15994125782567573,-0.44324684110984486,-0.5707618488256453,-0.40809404849666076,-0.11833418311305258,-0.1244306234344074,0.11631544354171665,-0.2366184049766071,0.08258159722822339,0.026366862765868113,-0.4668949459564214,-0.2525987300204313,0.28889957070346134,0.3802298651678413,-0.0676586392217801,-0.7683563948626649,-0.14405618948541898,0.5256359708767213,0.7056799552689174,0.9535980190419643,0.9313450853564762,0.966614413978287,1.088762541876621,0.9454927179738944
real_0081,0.4514123890990113,0.5791375805316397,0.892702413929143,0.11520894314445153,-0.2402220621759616,0.3326383605015399,-0.05075299219162247,0.3699114883697226,-0.4575681053910518,-0.25272367489731395,0.41764109286670614,0.3597063047718388,0.3273113628883997,0.03252631054944142,-0.6013968183367572,0.5317726215130414,-0.4106632798355144,-0.6035346877111231,-0.21850593666799398,0.0019873024926226612,0.28994794212674213,0.1058429736115673,-0.09363425421836584,0.15691944022691207,-0.1711742409618109,-0.1160335414971731,-0.18602570253163847,-0.43277679072871006,0.2431480443484333,0.10986704189047532,-0.3270218843328777,-0.16309650175534718,-0.07786452385748606,-0.6970888534378195,-0.5681282346940922,-0.27023600380544793,-0.2396201732676433,-0.13511076953376047,0.3427333584382917,0.3262617507419051,-0.21966848539131595,-1.1559476475361279,-0.018629516855913214,0.09036294195213307,0.5724663185536484,-0.4142325569366232,0.5503130640832832,0.1777970732589682,-0.7093433595676326,-0.3887902448340619,0.002376242512237428,-0.060074940430263714,0.1008149951300033,0.30562045370389207,0.2850233119206541,-0.4591711954880827,-0.5598868218312186,-0.7981701115435564,-0.4571061357118097,0.26679493845880997,-0.07753559867737757,-0.24925132873453992,-0.19654521454116322,-0.023076689352075838,0.1285569227771666,1.0685162856336117,1.016182066651455,1.1633551734401582,1.0926739612065375,1.2984046429640943
real_0082,-0.17284838889887633,-0.19773046008724549,-0.17505402998722794,-0.07528881203423536,0.32222201203966644,0.009688012974411122,-0.18196994007125497,0.012356933214188771,-0.29453473221386894,0.13409029761235267,-0.11258045920738032,0.06150705117655433,-0.09577609823419354,-0.6001967457095789,-0.5274178032011487,-0.1403209558374347,0.12406671713236903,-0.0066988484345879475,1.2,1.1858613623701273,0.32740664111331136,-0.47137193948631734,-0.4965888762157827,-0.3272230288507648,0.043242312942173296,0.445469371925869,0.2758065291349934,-0.6799391754929643,0.11822626631586339,-0.2785217968279067,0.8388592863625923,0.7170207902524982,0.35167068022899717,0.5950453625308458,-0.2920451337590027,-0.040274682948208754,0.23218499487391636,0.6171163162579948,0.6721765767783414,0.42668858694704065,0.10035819324974704,0.7221588742641786,0.5005214113235767,0.0799931494997503,0.30634624124804116,0.514292511594782,0.5270436557370306,-0.03292815028815035,0.6051404954151582,-0.17997332414979433,0.32521756100071664,0.36712849013172233,-0.030976995028527667,-0.2332964646730881,0.24235485547365582,-0.10007120894095715,-0.09381827154350193,-0.4370577166007907,-0.0754008718705596,-0.180337207842799,-0.12141481813211648,0.1616548141733756,-0.007819137946184603,-0.1676549527982223,0.5695334235360476,0.9007111088400023,1.196432602729079,1.1250170402496307,0.6938569485486588,0.4573461475511471
real_0083,0.5394907397304968,0.27977454558229153,0.4901553296669107,0.5605628203000659,-0.14079449636782673,0.46557032644259316,0.20661572318226418,0.6867339224308036,-0.06936209597812046,0.17807430740838856,0.11476195459896467,0.5664451798229864,0.09343226117975895,0.050356050455766785,-0.19821804078294192,-0.1539753212538914,-0.683191017129802,-0.019247678788330447,-0.7223298640790744,-0.5208429253987618,-0.9263831365130393,0.0022628993868406087,-0.20422818414918928,-0.03119881317203646,-0.05684857072188065,-0.5938401604526212,-1.2,-0.9959507568651434,-0.8978704332059463,0.0666951249042412,-0.21212384254123726,-0.11200246170299298,-0.22040549877850948,-0.5535286045533819,-0.8242359397657865,0.3597297618607881,-0.14065350900988327,0.7785147884652645,0.07200093221581395,-0.24084521970472803,-0.05436165452552845,-0.2816354140106317,0.18864386182904386,0.46175582964544065,0.5928621312867031,0.26104367088154573,-0.6896915138877894,-0.2554948337036443,0.38687183554730653,-0.5232374609080602,0.10075593679387516,0.6182621653991683,0.4716864931818403,0.7216351142725423,0.11772080885127306,-0.3757350855474144,-0.141003138755503,0.25553516595327314,0.6003931165807671,0.7456074126759146,0.13932113766848447,-0.30094945120138866,-0.02133491375824807,0.3468819671475565,-0.2818032671941796,0.9455419230152392,0.7596610688411612,1.250345001713039,1.0458963430927213,0.49647435128367756
real_0084,0.35700133311320237,-0.12656761597914032,0.15037147347689814,0.3416878087651277,-0.08663325405606025,0.3223648105754,0.5567370560358141,0.2250473754958057,0.40514302308053757,0.034018278312387365,-0.12084502250199007,-0.194699943462343,0.29018970438541347,0.22264529653513687,-0.08028111569707587,0.2390321608439327,0.2569745073833111,-0.22188776799315635,0.08408985309921432,-1.1578077417358101,-0.10210467165095154,-0.5294678075424726,0.37359881916422705,0.017054606606830194,0.27397478113004764,-0.24717410035617562,-0.7234622451568524,-0.6548994845985431,-0.493223112624737,0.1591374879335024,-0.40516804378929966,-0.04253531752341153,0.037868780257036265,-0.5681825766747048,-0.6953705423483443,-0.403972119972462,-0.4822972695179483,0.5129881265756475,0.5104382136429861,0.025982038155630112,0.24500075691905635,-0.01826866711632135,0.270879633744512,-0.3166052265198416,-0.13279820971917053,0.8805859163321246,0.9251550283494726,0.3760254624513635,0.6294465048702611,0.6371131998359152,-0.23497622449242273,0.07318130961736258,-0.28509360328149225,-0.2490041817371153,-0.1712488349066889,0.01935353661868914,-0.3525726553204723,-0.5556646237016807,-0.42836091256608366,-0.5334600319359866,0.11586214761690591,0.2383170646215234,-0.10322166706164981,-0.012749493550873469,-0.5736954717299813,0.9427393159002506,0.812252917884079,0.895735416272543,1.1471166184856747,1.1989596638049436
real_0085,-0.053886705564499024,0.02449073912149236,-0.16841572024163232,-0.3961765788450253,0.051070990487261714,-0.1637230278613406,0.02683694987073199,0.2523968321618279,-0.6438532029142787,-0.19114047978254087,-0.0935412737163826,-0.04940517096606948,0.13544122296547595,-0.40675583809042115,0.14037127284074358,1.0043862757286042,0.8731593734497269,1.0138644111185837,0.9277336569884417,0.818435035677606,1.0852967916856027,0.3332631228916138,1.1540554634041842,0.7240743512286466,0.45791876569599355,-0.03290725000690939,-0.026572495922570456,0.9789496273662931,0.25679873800072506,0.6046499790297578,0.720269022681562,-0.3103217165632197,0.25486657547735114,-0.37332340852907486,0.665491006095681,1.1263681804329653,-0.2568266305581651,-0.1326191986223772,0.5811741111032146,0.9115141072193743,0.47399085947938985,0.31401316930621814,0.38179283529637664,0.32675211464418624,0.06467962952535143,0.40010369332211015,0.7214299212700078,0.20293839997839555,0.1180152691318625,0.6147344023711222,-0.07061958386764706,-0.2954084457978382,0.02316503222259938,0.040125684548766194,0.04651060155694769,0.17682659958748487,-0.24742559113032433,0.24811377254092215,0.7642467936342863,0.6815197410074857,0.197648881548361,-0.4700933438691142,0.07460702360295746,0.4072056353242821,0.3562206217705819,0.820624053161644,0.7598083094321719,0.9129185054112076,1.0748772903412527,1.015117112029342
real_0086,0.41595528508415724,-0.011705903537948877,0.2972235204785931,0.18511864399860609,-0.007194294735295546,-0.14693251675424746,0.8557531799552769,1.0,0.4514781307841656,-0.33558597180148486,-0.11907643408403305,0.4675545834842376,0.5250050357219549,-0.009811343392769255,0.16027362599101047,-0.9331238216195085,0.2399877515500998,-0.08670977220623015,0.4189301432972233,0.12886500987283417,-0.6520835883489463,-0.5203937002739262,-0.29648590914504197,-0.5863942035105427,0.39029596174863807,-0.5560877452771126,-1.149996720811794,-0.3234199129254038,-0.08699320404508856,-0.7159761623555266,-0.30899717857945336,-0.4492198437295167,-0.38587782646937885,-0.08213717387146158,-0.7356866376139604,-0.10792462795129423,-0.7777145138765447,-0.2957491963485254,0.8732841326694099,0.03685776205197381,0.2589285737697543,-0.8739335652522985,-0.521897131658228,-1.2,-0.5504209657611681,-0.0961737810663333,-0.6111420129187758,-0.667230492301318,0.03680460945136888,-0.20337727275150824,0.14855898373489518,-0.4387093437298026,-0.8458953702476654,-0.8315721331070052,-0.5080894914271807,-0.33170426202840436,-0.5459985928761735,-0.6728926724064122,-0.46875703752216225,-0.339477598943541,-0.31818597928420006,-0.5775393283167826,-0.3216360536051128,-0.3622651354565404,-0.5563419850524531,1.0730458721178373,0.8808795564961864,0.9041793658176039,1.1263962967522791,1.06261157506519
real_0087,0.49853073030140765,0.15275723603293873,0.32409951861048847,-0.45229846930322803,-0.5510715332160937,-0.252541440378768,0.21131424395798112,0.16099539002150098,-0.0727193662041233,-0.27279165643596315,-0.5279913298162594,-0.24203341067095496,0.10418424263819802,-0.11759207776632573,-0.26836769482599065,-0.5707925468121077,-0.5824104058948655,-0.4422164618366628,-0.6839588219106694,-0.28163638042526185,0.014823215289565605,0.10749715453455282,-0.6133321641557008,-0.4796011659658751,-0.6690000670014858,-0.15359644660425603,0.14945404285248362,0.42385149131968053,0.09066385341542976,-0.4029176076656169,-0.11261905131648105,-0.7354094154520863,-0.8073760788943593,-0.1845328009867079,-0.35844783279113585,0.3213343097723206,-0.1925861285199216,-0.9032685078870768,-0.293117999119319,-0.6241737166066214,-0.4932173407021656,-0.6739460922177585,0.6039556974622432,0.7720363938971896,0.015486549072304338,0.08808153377655552,-0.20888472776778144,0.27837882554847815,-0.07661945140894141,-0.7280994041222302,-0.3219232934033594,-0.6442618854721635,-0.24261003031930123,-0.2926406092240717,-0.1907965832783033,-0.4730659891527495,-0.18050335656815092,-0.5069959815049476,-0.33708358772758773,-0.06726211748449318,-0.20461812561989112,0.11814453537140798,0.004632420212105446,-0.27822146995657043,-0.4560902602238323,0.9295896489695914,1.065945490902549,1.1581603442357977,0.7191461803818502,0.6684009741703628
real_0088,-0.38564410965372914,0.232412993400356,0.574300718658723,0.779241794699013,0.3176550565458116,0.1384619819418207,0.1901149516806405,-0.0006158373320886188,0.07807001677324593,0.04844541136367695,-0.08236828563256123,-0.3288244086226125,-0.30311432983926506,0.1274688648259418,-0.36930063547557884,0.7026163336686408,0.652116107827036,0.8168553902726782,1.2,0.11726688928425036,0.5272212979059706,0.18860290876260546,0.4644646657540877,0.45077010203180556,0.31631733447193533,1.2,0.15728245870141655,0.35575273828352466,-0.09827188753676357,0.1818513079828686,0.23634622303745625,0.05418678036781689,0.6502801231663845,-0.9391347357082694,-0.7973838622970746,0.18054589473451962,0.19778475463294845,-0.23942008743636264,-0.22058748360535574,-0.8203179345281065,-0.5361973064544546,-0.16172487758975532,0.4669698202486424,-0.2751552660153971,-0.5330900806553505,-0.5858106905656784,-0.9641452293673238,-0.6022076457328781,-0.5278496163862829,-0.1409264037182902,0.2556224843739849,0.09260759114050687,-0.37217859842979334,-0.6016459150639178,-0.5536585003370609,0.32774588250953773,0.1206701812739315,0.043241408037865324,-0.27986869795461794,-0.6111619465072328,0.3530226084738567,0.4429775919912852,-0.05932437692002696,0.3788537678490888,0.2810904749202614,1.001874117809153,1.0786281764219157,1.2996748880593465,1.0662080309992392,0.9941915722874084
real_0089,-0.07412159324591869,-0.10935467618301543,0.1564945515228106,0.6104276687862492,0.15610779552346915,-0.1491714291595799,0.26072431107312727,0.2757113844385611,-0.04049854966353002,0.07009047314474855,0.09757622648017088,-0.28793652090942107,-0.3412557919300719,-0.07537112372614108,0.5721220643142224,0.20105062897117942,0.6694081748131312,0.6133833451184657,-0.5895700100803798,-0.6474299886531425,-0.06470128514739135,0.22753261089448623,0.438014087189122,0.15245145565966925,0.3477216106188983,-0.03354242004112251,-0.0954664533952162,0.6812051927337078,0.8502084473038619,-0.2602230637080346,-0.37353495091873234,-0.14438591051305968,-0.31638056726805697,0.15625168945562082,0.39924454235394197,0.37606680832653255,0.5623734024431041,0.33264444686121514,-0.019110499065287723,0.1768614461225218,-0.15679884323137014,0.2741502593718417,0.2553236277774491,0.7982261676622336,-0.050365710354912586,0.04284118448211311,0.24478883354149916,0.14533953128455304,0.3277129314428621,0.5677589465883863,-0.3238890199608084,0.5578277868209311,0.4774467867820787,0.02092688145702698,0.3376481068983855,0.31780611510493106,1.0,0.5908622286008428,0.10888862794153131,0.3204229150720812,-0.10207013049238504,0.042192062430541785,0.04342815025632367,0.4555767468048402,-0.25500219091107945,1.0721119988358863,1.0414411268992831,0.9082319013701399,0.9394760481059107,1.5008773526003356
real_0090,0.19819888964336588,0.33753731139568394,0.4686073704753774,-0.07173661809551371,-0.18963081770264126,0.026720874816213006,0.6828737050312059,0.8368193129201318,-0.5071106120394862,0.1417133056477088,-0.13301863056123084,0.17997616320401316,-0.138779639261536,-0.9086417441940503,-0.16358598930744944,-0.5306803328431154,-0.31294595605135017,-0.05433379857724518,-0.2673849659096106,-0.029923250862118042,0.11663774723512425,-0.24338995079249665,-0.0995994036937343,-0.1819211526897399,-0.3098185959560087,-0.4648397742331257,-0.7689158653726282,0.005659941973313266,0.3361564237277334,-0.5764536331198171,-0.26237609825582037,0.03399367775041548,0.09638600442033372,-0.0038171404296940396,-0.07101091408596144,0.3655154621633074,-0.2653518102046709,0.5248071377807461,0.08780245969857342,0.49769531387033134,1.0512057906402452,1.0057603887292488,0.489598493734427,0.1784394437958737,0.5763505293680431,0.4108411236392857,1.2,1.1162413157228774,1.2,0.5608167920985279,0.13846868165419296,0.33860499043806486,-0.33469300176201094,-0.0036674431529304555,0.019359410988941225,0.1678944391911897,0.14822958249441667,-0.058277210239475435,0.0005387430609165023,0.169248896984394,0.09494846780732369,0.3102990435841345,-0.32934568334307945,-0.3206983841715877,0.15103572703345133,1.0669796764044917,0.7880851174161451,0.9150452544413817,0.9034419682550711,1.2060499049489657
real_0091,-0.4914651126940471,0.017049149127936147,-0.11904169900062202,-0.680763480490584,-0.5714746774108973,-0.011625866030527657,0.22821165443860209,-0.3556627990141871,0.17808828776282995,-0.6299703396009664,-0.14102086499720867,0.012571948658086437,-0.5926099621488538,-0.5735300392272812,-0.3266480279039037,0.5831413950023606,-0.22788643240907075,-1.0005334318165684,-0.14528715922917718,-0.2269545974593018,0.09602326744521603,-0.5218382943338389,-0.11942521618058966,-0.12161668776976489,-0.707894713624193,-0.14767956487458908,0.5833982574144494,-0.3446540619631472,0.051746255977377593,0.49608265209328006,-0.2336302815335619,-0.2196951889309698,0.20040475645992853,-0.014742622428686276,0.2102537846258441,0.4431378074864919,-0.04803793264646627,-0.34336048451920725,-0.030556380190609325,0.36276143764113233,-0.10160772951174628,-0.2411978204424199,-0.2219645413347122,0.5393097983300078,0.6374515830632689,0.12824313440668755,-0.03454679188225919,0.261154923037554,0.48260261690252737,-0.05053967729738207,0.507068502695461,0.623744192681242,-0.04736439233839185,-0.03234779031560983,0.04470386898794034,0.5842314146510261,0.2219779796467773,-0.30671658363514287,0.2650669203303919,-0.5132748753393075,-0.43697789408912013,0.124219449327605,0.04436825749779027,-0.49768996059561477,-0.16870757398669403,1.099807766345918,0.6534844845051033,1.06281544477396,1.1741111218839453,1.042426636285703
real_0092,-0.17452119833678803,0.10616606327294198,-0.2706091627883731,-0.3173203885491515,-0.4700518290937988,0.053267447792771275,0.3195959753368086,-0.10403611263578934,-0.13760788261230325,-0.654004091681646,-0.3143207823729955,0.0026813409233572135,-0.22996355208780428,0.25605953772697676,-0.17096899974122085,-0.8651384085330012,0.2866125096399881,0.23802130502539515,0.4234728154316756,-0.08086445300000178,0.3013450144086249,0.44287535512583187,-0.27618032365179945,0.5889342007500393,0.6316996078352746,0.1320576494215733,-0.40743353418687894,0.48467998162892645,-0.04158008039082159,-0.12949369927793777,0.4007166350774908,-0.14805204752166237,0.7166550218212702,-0.7797098946783954,-0.19156943067024862,-0.18033873010744364,-0.18676008006202566,0.5014641284837361,-0.5700517669003101,0.17976694692147288,0.3259053021535984,0.2389978774782263,-0.24527545328055964,0.5941720596890931,1.1314317977752757,1.2,0.16894630168648322,0.2663911753560816,0.4550674520892794,-0.023276115493824634,0.09788180005485564,0.542991228316327,0.460878274501598,0.9556328516757564,0.16541855682328233,0.2213540442972859,0.5734741018438041,0.08358313508853583,0.09381607987659044,-0.34592385851503377,0.4447124403158443,0.07114834293468489,-0.3737552737331292,0.2676611208833262,0.1666696393539794,0.9852271773235864,1.0081530378085573,0.9508476999974197,1.295854902134846,0.8902365224737656
real_0093,0.18974533185472556,-0.09719424171002349,-0.42175205380383174,0.27328699842554877,-0.3796463632329709,-0.044841168072066506,-0.5462523131351565,-0.9474198601284682,-0.26780354276751306,0.17647948480346468,-0.4578247281269221,-0.7655226867146132,-0.28847018217875287,0.26448281568859394,0.30029590069896794,-0.1949217645438144,0.6183421276672156,0.22404564456557077,0.698322589993323,-0.40063735357637237,-0.1552049131215125,-0.23497567447017972,-0.14743527095094247,-0.2278279642701255,0.5790202850214926,0.3661200730964884,0.491260283541996,0.06943816877538565,-0.1503158546814735,-0.4208486875125965,-0.7385153352701653,0.4928074652383756,-0.13239600994392647,0.10548144005664893,0.20171060217943232,0.45866994402349054,0.08995130572703741,0.20560821202087012,0.07894823106438827,-0.41219488856465464,-0.31384492631839256,-0.5888253010474316,-0.24209620850909985,0.04203933550350018,0.06187072339959804,0.1494835327598966,0.7786000739377105,0.2451178692579149,0.6025935555212103,0.06882935960813624,0.29348778870567016,0.10299578042608527,-0.11568540326498168,-0.011161527174410366,0.012281124969718109,0.22338658435352365,0.3186482327682527,-0.4178486031615963,-0.24566073538990807,-0.007521076748573666,0.025959628373014246,-0.059081817662396986,-0.2665642086356362,-0.2995958408822298,-0.14630370146481533,0.936505253193377,0.9292335949542496,1.190410730627978,1.3588740109200719,0.9013567870326515
real_0094,0.293083311414761,-0.04231763066922589,-0.7964762826687051,0.449023237882649,0.19155675192640326,0.3549685309920839,0.16178787304762207,0.3563815728778838,-0.19900684788328343,0.21422141397709216,0.5337788235940041,-0.193678045221991,-0.015709068043005044,0.06284948126037714,0.21777356296307643,0.7757865645457851,1.0033611055742777,-0.2197759057751656,0.3523794674877413,0.39432991443035537,0.19364298075795847,-0.603729981820369,-0.005377150669509672,0.7330432250071878,0.026116237401260952,0.7538291126288131,0.6410107474247037,0.6894352748066697,-0.40435469966289106,-0.3602009403193624,-0.3845043275928811,-0.02267302016617881,0.5647149177055288,0.9365878584144625,0.5344498878833844,-0.6700129059508768,-0.5610859435726799,0.35247396848480483,0.6156101376907889,0.4061409518607937,0.39247228314429233,-0.10630946708843853,-0.05497287712136199,-0.4935434915188657,0.3776938618312899,-0.11207161374750832,0.0260367488829813,-0.022037302553379486,0.1502778348567067,0.009607482860688429,0.0837384884864215,-0.006894028395903608,0.399713514745197,0.4454716804344985,-0.31403528995105934,0.5452812721912078,0.47271535599809716,0.47757313159309306,0.1991679006513653,0.01975395576152246,0.34936978914947975,0.22123510887431602,0.23495611717429835,0.14847178024887814,-0.35030640735433316,0.9880422683640402,1.0689078657574917,0.5496445418761906,1.262961574301181,0.4677005276999956
real_0095,0.01740354069250095,0.15770011796741706,0.8577848045646883,0.13297433977118694,-0.018479999564514783,0.5379611864839928,0.2993272878773551,0.22503284528201942,-0.06478248661911906,-0.09256743303606502,0.3315126262636671,-0.04660216235374285,0.035551601362898165,0.21254970006492316,0.09068205100971737,0.3290088470993941,-0.21821971150494138,0.2220836614896137,-0.4927729939048668,0.009390956081707955,-0.7046321950542401,-0.4984325177613546,-0.08023200990571364,0.21241310129419838,-0.011388499527064624,0.3381260450021565,-0.3013819450868439,0.15707088433614522,-1.0186831935082699,-0.18679591424142966,-0.09963723466970928,-0.12005050492940855,0.4744108264823057,0.5487106311113664,0.21324512086290018,-0.08129178564225319,-0.360003613097995,0.41337074642335453,0.2683814781271975,0.48827441576631825,0.9246879567952788,0.2781230947848914,-0.4939498279778377,-0.013783882564865303,0.07148792298281853,0.7445855633495866,0.5101541857102828,0.6438599511260195,0.07523541183946911,0.4763927204293581,-0.061333718432215065,0.41108976981923695,-0.13300211326918823,-0.2003575462499125,-0.13070512003791873,0.13615647908414405,1.0,0.49672239331988066,-0.13964739735263035,-0.4252207228963242,-0.17147692628051325,0.16229154984043198,0.5842787473493734,-0.26299100130562897,-0.7290369967492599,0.7468998349062955,1.1052930439331905,0.8346589906166211,0.9780531636739632,1.0644101052302901
real_0096,0.2700066839905374,0.10885457189647772,0.14596611823276578,0.3282733176307412,0.08441110968964081,-0.14366569547272243,0.04690743510701385,0.47236963571240004,0.3323290429328123,0.561198417634805,0.02621761334626783,0.03871297448477085,-0.6254407698888704,0.462417453028595,-0.11700278931412664,0.3956297461972339,-0.21035531095016363,0.2609024429325287,-0.1835723234825078,0.12765903073185886,-0.04622907356003814,-0.5495442570730293,-0.610027901399208,-0.3434042970881998,-0.3189970017696403,-0.1492972728149541,-0.24259217565849409,-0.5433109769175518,-0.7390214391123531,-0.9774403833934825,-0.42264778432832967,-0.3639742474996312,0.2372817358679852,-0.31709883548332607,-0.855089025740049,-0.9265158330731045,-0.196177862585458,-0.2470362958240833,-0.13017648921694258,-0.1890505909919347,-0.29480858274127897,-0.744008161402194,-0.48255663719656866,0.13361616957467976,-0.23629456028203044,-0.17458548603802007,-0.09143489459890002,-0.7352163293317626,-0.4087413632555088,-0.0019243127805150357,-0.024077318056552072,0.026244509425612548,-0.11434535890277045,-0.3149319421736812,-0.5284208295727334,-0.6274695729237622,0.4255750007145656,-0.07720880304849861,0.11337074064566427,-0.5036518853864137,-0.2249807297120005,0.23175603101939443,-0.6594503131843873,-0.25637166878913503,-0.3166562464611505,0.7829331291365369,1.0207362148088024,0.8435167332077108,1.0705440326052686,1.2113707771204636
real_0097,-0.03320894452465155,-0.147295347070127,-0.32618119832106224,-0.6254373770312499,0.29765497028955074,0.4675234746034528,-0.6035965361640494,0.4900408913032968,-0.20966015580698,0.1556593739840097,0.25096130993355015,0.7494111013924346,-0.19015204013880907,-0.2517477901207485,-0.5693390112576358,0.2980749084305821,0.5516232466777184,0.9104357149214944,0.48305018104788267,0.8610393484787309,0.14169135261693958,-1.026651480781356,0.6519814321913531,0.3243862077275047,0.23658764407097105,1.1909783563019218,0.9361906049567995,-0.08825155127150804,-0.1372127273653921,-0.10590336834420308,0.003840290268584217,-0.13576566278219268,0.05718197987737339,0.22811354715122195,0.4475982596135268,0.14895148612440087,-0.4354684413485928,-0.7904189420769074,-0.43780859154769025,-0.2814382511659108,0.19993836441399543,0.020128412630892437,0.39997409285424135,-0.6396881135840093,-0.4890973544263067,-0.9571916528343857,-0.9895612573818859,-0.5481422117297183,0.3194786437994945,-0.35361670888150665,-0.09748209509430333,-0.022460038519488558,-0.28087611069649515,-0.6450280198096245,-0.46201991493850303,-0.49261217288758663,0.46456183974845483,-0.6952427074960752,-0.5663367506598127,-0.16113233960575288,0.022355477455567572,-0.32545158798401314,-0.17674440914582806,-0.44029205651662007,-0.650721197730524,0.8015950581468396,1.114019962806378,0.535928797522771,1.1533645743568488,0.6060951682073462
real_0098,0.08066035668089978,0.09250445026484286,-0.4189677833920995,-0.69246290585741,-0.361250246972096,0.011536816849139124,-0.1625901548145082,-0.4640118298648167,-0.7600306292993181,-0.7317302966799035,0.5277575155983965,-0.13497146961975234,-0.187443158401688,-0.49039710110527496,-0.5751378553704357,-0.4920533711535769,0.5212222385174156,-0.03587738836977185,-0.25098717885386757,-0.24251132376599094,-0.8241932888242015,0.5416082268070631,-0.07670494246948463,0.2429818701548886,0.48300568184641923,-0.37509580076721427,-0.6444913048439912,-1.1495924961127417,-1.097024241123988,0.19370104762827117,0.8462727528366664,0.5359054359967483,0.5497136896147827,-0.06927529915678259,-0.5349354858342549,-0.8646830281028511,0.630126477239554,0.33164436768480166,0.5062904852976787,0.07804346522970408,0.2709349569033954,-0.26824644728603014,-0.40627259703925916,0.8588712796276593,0.01923832125847562,0.29828855537915605,-0.13093307545012747,-0.5990180103230586,-0.3878170757192617,0.1369583472557331,-0.48684152458652763,0.26939522057889,0.2513420235124423,0.44408288969364407,0.1700997313272918,0.6335630621313282,0.34505438933368704,-0.06655194289542346,0.40374743212965497,-0.041038518749651434,0.37347908488521825,0.5306496284745954,0.03982010369169308,-0.17330387449075044,-0.027498905425106898,0.8504129758597777,1.0343817061172602,0.8072723111262392,1.0242355898598925,0.834645776923296
real_0099,-0.3428214479738338,-0.13964809141747447,-0.6587600000571067,-0.1993745774837782,-0.03645935444343429,-0.3013100813378067,-0.056030862092487796,-0.2897553155506124,-0.22306328250953494,-0.4286071541078221,-0.23509003065774878,0.2790709183639287,-0.208396132786122,-0.1488520399986452,0.4789240221879291,0.0012147062730582024,-0.20207044311638983,-0.03189880327587732,0.7353114883906504,0.35320674376585454,0.5333382591771485,-0.14241477856590004,-0.889753347699145,-0.6120581277026423,0.03134073847401675,0.004987266395002336,0.690929883787116,0.329671783303312,0.31938237367258354,-0.26440250821613,0.2941131265433157,0.5724268488155828,-0.30091861502507306,0.03377520822481063,0.011023530505543762,-0.16984591926597928,-0.40480530141352433,0.3012721701434611,0.5246736409765718,0.26988555777112044,0.9422808819462191,-0.06123123868951325,0.2650519628443957,0.10666102716527744,0.2249087348222709,-0.025806610960376734,0.05821989133928845,0.2794027191823653,0.6900516997689291,0.17967748772112016,-0.4443851105178797,-0.11096572148724022,-0.011344186086697336,-0.3406230849601597,-0.028358244213443313,-0.014253114253070638,-0.19228937097432278,-0.452806156794324,-0.06566120916358298,-0.29087066497352004,-0.09201032715600313,-0.5384318861133214,0.1133713779899283,0.057719467140773736,-0.4864978495783963,1.0599661340085156,1.07950970584022,0.8169687768308147,1.0261528375823088,0.7106338419416445
real_0100,-0.5180480311736207,0.07652371991611857,0.552924402175211,0.5155046491331391,0.4099319097403242,-0.45064796449070754,0.2096940067119494,0.15633545674677293,-0.0547227532619805,0.41927929352076104,0.06303863808840023,-0.13510772749041933,0.035250089930415215,0.3440393189611427,0.05029967697165321,-0.4239846566605031,-0.40621554417224576,-0.4537671514030043,-0.6270189960908391,-0.16244107873626226,0.061398583770746085,-0.5355893955056763,0.13723306579330294,-0.009283355083958413,0.05260851441101165,-1.0358294583611372,-0.9263335463320811,-1.1434849523373705,-0.500328419722889,-0.8068753402883141,-0.4498402354963471,-0.5648440621157841,-0.30421806895838466,-0.7350316004274479,-0.45406489997625965,-0.7594129979509571,-0.7985455437750687,-0.2463005592120336,-0.5791147698714337,-0.2133529695568227,0.5685327017403087,0.33478015535478417,-0.23178491140616791,-0.03709987409959795,-0.6719674268374801,0.12724406813942743,0.013130305177313267,0.4893358362937972,0.18148257814972835,0.10818397042198505,0.3540208175398096,0.2841891429689505,0.3535943886710101,0.0024421919862481225,0.5970612346656965,-0.3464896642058897,0.11972722887217739,0.07010469205872544,0.2579683891618407,0.21087863006830251,-0.007254281347454491,0.6306559588392708,-0.45425658078327896,-0.4677318613777103,-0.35046747821987234,0.8641781416959908,0.8942990105695177,0.9597790690962339,1.1647506263752363,0.7586622012978091
real_0101,0.4428898111725346,0.07482478119090252,0.2749290908527553,-0.21936259408118933,-0.4623615594293586,-0.22526532928066412,0.1542011382022926,-0.231908539187177,-0.32773399804660064,-0.3161886682030148,0.10189551484032298,0.21620205818519192,-0.38250326596301804,-0.14228203867087028,-0.5449678034948401,0.20138406503227932,0.2578497347034203,0.07927591125878135,-0.8489012081535631,0.27334378907929674,0.4638796429900421,0.12178141474978998,0.2259770391069295,0.449111802355687,0.2409994380039123,-0.4090161278452356,0.3787081908311757,1.2,0.19676067455207916,0.3467556170133892,0.7459423488333299,-0.011423085203897112,0.28786289835166007,0.5093717890084332,0.4904830997665124,0.881629535102174,0.385852806804741,0.15113511914623773,0.48464471314448815,0.04663046330508026,0.37357577729263475,0.6017263467620018,0.6734340512285029,0.33114862705049514,0.21864130772936688,0.8600998963715228,1.0241964192706343,0.539164811433754,0.356382379739289,0.9913615982917083,0.003636899318727988,-0.02719110136122281,0.26718488382323613,-0.056669490799076044,-0.3806391060530863,0.07287393111367503,-0.5020239804442485,0.43835862433442585,-0.2910848632828278,-0.587316956398402,-0.19468521864203603,-0.8799505727687279,-0.3967287720477324,-0.5053755469739554,-0.6764047160449292,0.9432756168940916,0.9730582879252813,1.2225931783320527,0.9881434707948136,1.013370406705475
real_0102,-0.35584836633242056,0.5250040371866748,0.12226612067167025,-0.16868608930452705,0.30715170559313176,0.2656286703455501,0.12182093994575197,0.22157003362748215,0.2869406167170125,-0.26559870716340567,0.7469738581678447,0.023190230680261856,0.2972470869538296,0.577538279264713,0.43161733455015205,0.4712950597883471,-0.5094250713990218,0.34413004655422347,0.2636881302430696,-0.23365592027470447,-0.19093724493153094,0.25938809903567295,-0.13341031312313165,-0.3059287038787613,-0.46284351520068495,-0.7719857585356106,-0.8145458449220514,0.3873938958307154,0.1601743336685467,0.29545066915948154,-0.8298943667535597,-0.8052666946760134,-0.44127736043041427,-1.0186625859699803,0.05499321190483992,0.03705103957735825,0.9323780415895121,0.08607818192745877,-0.41748959481300646,-1.1492005787419084,-0.6171469408654613,0.2639050565249034,0.32342575262468665,-0.05826748999753261,-0.48414239552682337,-0.2856678095558151,-0.4670467246547837,-0.6668751971940312,-0.34411766126728915,-0.2281076601066016,0.04291876540062288,0.537223470332588,0.26410162263983644,0.19755284458003144,-0.13174262283595126,0.028659922122454752,0.34143280930856956,0.0797532121815896,-0.08721521549472398,0.48808731591517396,-0.34552504530452693,-0.4569985219846116,-0.10979057643662636,0.07035324778372472,0.6342672125252511,1.1948842446679098,1.0295164144985436,0.9509878697618596,0.8541426127252677,0.4788994612528814
real_0103,-0.25368911227178736,-0.35669837881462635,-0.03243354822878608,-0.0813049265337781,-0.048613484536541574,-0.2820155735505297,-0.5901496508891481,-0.6639386777892031,-0.21261819256576425,0.3779342015935716,-0.49046971382634974,-0.7584196723495114,-0.419666910087791,-0.3936844235832866,-0.03309978528778402,0.1909537191884643,-0.43070498228998544,-0.7284236828583692,-0.9579037226002449,0.4314641190536481,0.05842377262354196,-0.08843129740005183,-0.6094557806919111,-0.9638281685792656,-0.7852873922875817,-0.27821671562339706,0.6791008013033759,0.4549993454196414,0.2699717197364837,-0.6684481637197364,-0.5158395261921518,-0.42621202018168114,0.0946802893614336,0.4855609826861389,0.4514042067602858,-0.25827243614501055,-0.39900722537675504,-0.17412295212781442,-0.5902920688541973,-0.08654144921230376,-0.3444770997563098,0.217158011888404,-0.28085559151303463,-0.32047434963387195,-0.3642870404281518,0.005222426012082026,-0.1891468109561937,0.13969711474800636,0.027312053764921497,-0.08558031255628781,-0.08843604575097119,-0.292699935670465,-0.2861012083863398,-0.0365611036410624,0.08582514562730477,0.2448027670036184,0.09853141495579212,0.1289732104003868,-0.33583471093877354,-0.043826539343881775,0.39474138940585857,0.19383066392267184,0.40029152135869756,-0.07526493819882879,0.0055958380333381574,0.9465604043407861,1.1230792713126128,0.7938372559457693,0.9171053868328283,1.153567609589266
real_0104,0.3078985892261522,-0.11144426799983002,0.5381096562644901,-0.005808273294831601,-0.578288930324187,-0.5274397877600109,-0.13298450090196223,-0.014865083406986248,-0.6168935991054976,-0.4421513926226673,-0.5835248519942341,-0.36783772411147947,-0.3820531744602935,-0.44323922178354425,-0.5079834201876677,0.3927342172676629,-0.26180154800870886,-0.18621677259002442,-0.13362891171558566,0.5773751185829986,-0.29497165445847146,-0.7087967005289458,0.11964005047306253,-0.017144423504755056,0.38697983978177086,-0.0817851913357585,0.15808552756315264,-0.03333317602520973,-0.18330732962297344,1.1681962979324527,0.5798813908675937,-0.2628778343696545,-0.9055338485202377,-0.45828515419675814,-0.5881831245279251,0.4084338867640856,0.7824421051862671,0.13719538121333782,-0.3546877899640467,-0.4440363120801277,-0.5178829265576729,-0.32424913303638825,-0.3595003674338709,-0.3993030858052398,-0.38465931178273194,-0.47853023274536877,-0.4108124838855285,-0.7827935046766037,0.0076400645572551286,0.3168101892596262,0.34709254082338176,0.0009339290851129192,-0.13739268132728033,0.5303877651397383,0.32176588156693225,0.14873423986956988,0.12094358310557689,-0.25844488715993297,0.05976521398096519,-0.0994371980941844,0.3568544701858611,0.209355107420886,0.026876944279792887,-0.08289864518095402,-0.2872494229907441,1.110627335270063,0.9409388241663141,0.9886090917572942,1.1267820755467484,1.1884637674834206
real_0105,0.2835872935761853,0.10268596139224428,0.4603652477515743,0.3983253853667997,-0.0875458350152982,0.1225428465207884,-0.17316174570893633,-0.08885860087219596,-0.0673157609219955,-0.29329360818544986,-0.009330146686319648,-0.02434034441981152,-0.38882775405163356,-0.20051763032363065,-0.35550166512320414,-0.002265278597123759,-0.41998361191708194,-0.2156927900452329,0.5683649236520685,0.288077463422733,0.13874705911318252,-0.7476105109409665,-0.36921822328984377,0.4800306575518592,-0.6686826310072286,-0.1678441639706403,0.347061334912232,0.1585480172894854,-0.1460421636294434,0.21666103336285433,-0.928387365080136,-0.032135859103794226,-0.29545753039021433,-0.45331526293641555,0.2559962135620891,0.6803599471534462,0.47623336662590476,-0.2303388554106859,-0.3030533869382941,0.1287827042374292,-0.24727439813749708,-0.001935938115230008,0.40002847791530405,1.1222266758682704,0.038684069346304466,0.3253238600473807,0.6938650969628632,0.061224832431660596,-0.0838351611613908,-0.12392556080623508,0.2109931432836336,0.41515934243559965,-0.04334358160990589,0.08834233655421256,-0.2024100253408119,-0.16894688618299258,-0.5812854474518236,-0.06826864321590462,-0.19566707355090215,0.1085227372945561,-0.36812733544164566,-0.46177515691846516,-0.5345681530905316,-0.9798625527309678,-0.351212230650471,0.8599573479985184,1.078175088359817,1.2098347242882699,1.000598658239991,0.9372243529907719
real_0106,0.12177602844212133,-0.5555238958042973,-0.5265302111087008,-0.14708469661078905,-0.08648037075512481,0.5959615606834836,-0.13919870031006845,-0.9287083369933701,-0.24502415865566793,0.011225202600944676,-0.008251219805619249,0.6251753478054305,-0.4037105506042026,0.07685840003000824,-0.060259973982568604,0.1272111029486289,0.21807508705266287,0.1389384304964946,0.04055643776326665,0.6573885129391855,0.7349572278042213,0.4406850237395759,-0.5006812745922812,-0.7224893494117226,0.47605229577156954,0.52506820152533,0.23341227033549788,-0.02982935373885934,-0.1704910989178175,0.17055286479355727,0.011787964161196816,0.5280709156564559,0.6138787460732873,-0.23392448958134263,-0.5859136248027698,-0.22039771866048494,0.2965117383377326,0.2209320837418158,0.33467262535555203,0.6840974430701908,0.205051733529992,-0.12520055869897959,-0.42254262745260573,-0.10402245591825073,0.457435703260389,-0.4333335152086288,-0.43003336400932557,-0.1593172629556118,0.08492610327656126,-0.6614434098839429,-0.2951699433432325,-0.27974901707191185,-0.09650649866398794,0.2758111830615025,-0.157739886559697,0.07792268536531534,0.02386009327103891,0.701185424686087,0.20829411449661156,-0.23449078531096512,0.4355414828790232,0.38890111254249965,0.5221791618039152,0.2864479105320161,0.1624366262520708,0.9691843663198555,0.9601241812126932,0.8048082367770191,1.0680419953736675,0.3798228725038646
real_0107,0.2894107677909505,-0.5180452621551784,0.30980487938368884,-0.039825344847370485,-0.04020021755846079,0.039310312484609165,-0.3476118323122673,0.07919444972467311,-0.10460626669831076,0.25485262551641075,0.49005907806075333,0.28610474597401425,0.05368937522523313,0.07371562832666563,0.0667562000727942,-0.35888042122334085,0.6016254716501394,0.3649330446748131,0.2509464425477997,1.0547883911192102,0.11942701560839039,0.4963569682221056,0.29494279916794136,0.13171914874555646,0.3184882952924648,-0.6760104990940423,-0.09877728538314859,-0.2861488558549569,-0.18948318589243043,0.3367522164604227,0.40303431241199034,0.4317547161621916,-0.1183419637429914,0.04726366632490708,0.7333014706437433,-0.43551415568905755,0.5821994268549169,0.49405659515400624,1.0405139624918192,0.9265833416298376,0.2976611925092675,0.23895491885353845,0.09189268213140922,0.3783492894211031,0.4034959909714692,0.5837552371464761,1.2,-0.11346649022614833,0.5701591289034927,-0.21301528202190514,-0.6541377913059799,0.029014599725650025,0.14574187167103778,-0.07937256191979962,0.1816107474568349,-0.806248327137453,-0.4415589249276326,-0.32309861235105775,-0.0037151592090939062,-0.08298427756605022,-0.049784442008983076,0.15792455934028657,-0.5819114603827301,-0.5567671808807816,-0.38765463472489115,0.8574966917634128,0.9823686749007805,0.8178850232157102,1.134015848440438,0.7508953434994026
real_0108,-0.6292819047310532,0.08320891477405626,0.1638695162834951,-0.15008477373058454,-0.3466895577054107,0.7342323248470655,0.2427713283285257,-0.028175814968084807,-0.16019708417226655,-0.06330402080096026,0.6226932852023075,0.5350694951607832,0.37735463880238795,0.0892866709269119,-0.04239190588979375,-1.2,-1.2,-0.7768862724855963,-0.14474659834255021,0.13559461356239985,-0.23401915549376712,-0.2739210425244615,0.3714412505920152,-0.030809673914184512,0.004713560156000096,-0.9712123031590362,-0.16695811137077857,-0.06939759985245689,0.35597119455480375,-0.4843792213265781,-0.17794428188468261,-0.5995934968183372,0.3132459582387677,0.4520343576523979,0.36711402283173733,0.7082231090790618,-0.34878232218059696,-0.5231088407269805,-0.45909579487566415,-0.5752568232271629,0.1438009279259163,0.36787031662904784,-0.606023722895893,-0.0644048088682903,-0.11541433519536796,-0.2664702959787138,-0.14929845131527192,0.18522201756501921,0.5522843326677351,-0.35507749266003963,0.1325286430281189,0.139938470809295,0.08528445555476377,-0.4805467697775033,-0.28756370538338977,-0.27768174185664485,0.4799706361206863,0.4035601268727188,-0.01846150486944596,-0.07203773582979485,-0.1084083251531615,-0.1573060205760653,0.129357726447893,-0.29718573496255857,-0.184744400256449,0.9491450386149156,1.124427856303611,1.1117097918548446,0.9250317074204781,1.3082254835256741
real_0109,-0.36073630141811897,-0.6154284270215833,-0.14381580325355262,-0.15060887075171664,-0.10107147176680205,0.2444905014892154,0.39831794709750634,0.27722495040018147,-0.2895101929077668,0.019855175783899417,0.5141179202207007,0.12317408898865186,-0.07129951664801533,0.19096028964356235,0.4339198625009616,0.07499972220761167,-0.41803681085048594,-0.04993832122556743,0.18192297398589408,0.6760708011930112,0.30147386784468533,0.27953350518633835,-0.8359220179168892,-0.38940375668635535,-0.5958118435800976,0.2733213009386413,-0.04331692128104069,0.6884865991620968,-0.014479891230568994,0.3622640921633551,-0.0014650842729133405,-0.09076766584702856,0.6345340486320238,-0.43689578604599716,0.045830518456580774,-0.05513213572874031,0.44832189408564516,0.49241911915881126,0.2669550603256193,0.3636425271291332,0.07347905911891782,-0.33871857503062075,-0.3906247735731921,-0.575574047576425,0.06222089649553371,-0.15165469803007303,-0.021213615139724997,-0.11456656154540652,-0.5852532696291021,0.007478647211810695,0.1710739850082104,-0.13088875027275182,-0.07611630107262096,-0.028128497710184542,0.25712831745768516,0.04874744030587747,0.08787976050818051,-0.021511089433512005,-0.19323716849009856,-0.08133541110511286,0.0246770268673627,-0.32226642018121143,-0.1731708464275632,-0.1886408680579151,-0.13970933913263867,1.1260462206186093,0.7010409443418766,0.9556927768538399,1.1512496327259611,0.3055014298178569
real_0110,-0.41815473847835266,0.3018429390351355,0.28410830260132863,0.18990895005269645,-0.3152089598470213,-0.10727746940953466,-0.10164050372095665,0.979251623408972,0.11522092925775046,0.03627471016659345,-0.40679389331413307,-0.32287221785423154,0.053749880998186735,0.48549573620177566,0.01409262699245019,-0.3775650660732121,0.5866166961055548,0.7331178774756153,0.16095059242176654,0.24903956848823192,-0.35405892468861033,-0.6590956759229769,-0.1485460597377986,-0.24718145284881077,0.102844965583047,-0.027962473335218348,-0.5258282465569278,-0.3668699289936343,-0.34674344005468627,-0.0956466353270458,0.6187275553324936,-0.1617755389449879,-0.7794477231713244,-0.3847721784880589,0.1345922879662916,0.07506585914611849,-0.04485664250402781,0.21730594295411734,-0.1393925407762518,-0.5167259233460664,-0.21803058548762447,-0.21562448982272966,-0.26158273255993053,-0.6486581776819665,-0.3182010714815711,0.30518265071145567,0.489105193538182,0.40689261121809617,-0.007001329407253238,0.14988605382722262,-0.06418604630563672,0.6173717341880905,0.435246999520842,0.11607057886025565,0.568948166084774,0.44930934698804753,0.5066779799957357,0.144228517423805,-0.20675406180492073,0.24930417533766935,0.24369133217830655,0.810672569591977,0.0680944560747191,-0.7420367064613111,-0.05420272478507293,0.7409019365211478,0.8055291507887858,1.129496938141895,1.075768520691679,0.9131191469516202
real_0111,0.24870785560995762,0.29297043760022157,-0.23449518232733224,0.10616063160819325,-0.5233594680357904,0.0663950387500114,0.15552668149607052,0.29197537156544745,0.37335295101766713,-0.1615002177065612,-0.21668762502569205,0.0650063019803381,0.49775123519112724,0.2653856347095308,0.2157760074056099,-0.3850864158862722,0.4269704914771422,-0.18865841882955606,0.05853278523208649,0.35309472610464593,0.2655649886009597,-0.39866803329977285,0.1254397176298826,-0.5302091823101871,-0.325740709240822,-0.22141824502368923,-0.6947171509244583,0.5810268829932499,-0.11023273337997,0.059986874516809154,-0.4027698046710276,-0.07574421977891209,-0.7501992150426978,-0.2284444664748577,0.3723840150174668,-0.20312402363524323,-0.6749321203446417,0.0818422330315534,-0.012305800901663647,-0.39494899790939053,0.21064803218931977,0.08978237655963967,-0.21445158692013938,0.6306448719983586,0.793034563992972,0.06365528099023463,0.10137160500062392,0.09332236963930865,0.27382027277638843,0.12869182362623255,-0.39050284375927646,0.025312935044027648,0.26883337285842684,-0.0964469947828143,0.21667938675511936,-0.2400363581530147,0.20420160749271243,-0.1920767203655161,-0.27369618154985215,0.13673230355350965,-0.6125614994678775,-0.031084250979599003,-0.1613203187274313,-0.14275410473267228,0.5482236417806824,1.0651635465318785,0.7776721903835769,0.9972706416409407,0.7530373826177043,0.7049998053831852
real_0112,-0.8947001037275403,0.22113973170856294,-0.08969035816935876,-0.08596893321765156,-0.3521891021296654,-0.46316176112730606,-0.09152450564132845,-0.03360707039499767,0.36442486315823847,0.1020314203827139,-0.197928869057372,-0.5232826181083672,-0.224296387474565,-0.04469178274496432,-0.10425065037024107,-0.19108731947738597,0.29211123420733787,0.7041628707868467,0.8951685868589945,0.5359974414523225,0.5306767215672831,-0.11289708061447126,-0.10363911353435809,0.6892847326271466,0.4120438579897819,0.5763974393766487,0.29012695284616874,0.7101524594037294,-0.28508894609912155,0.47742759553045483,0.2517156682456431,0.7029450468997499,0.6252077707776281,0.39012498562641634,0.38544369225245345,0.50746372083957,-0.4859556815967893,-0.5049341305456349,-0.14210761690207588,0.31999485730096844,-0.015493384572024926,0.7610072511820581,0.21500514865391374,-0.5616711379880337,-0.2915915230456392,0.3000231612555892,0.4403267654894298,0.029993085800097356,-0.40947741349806493,0.0707766808698924,-0.35095790685359246,0.10685537287838093,-0.33673272149991834,-0.28772769082176103,-0.12223388451312472,-0.25248566701169234,0.053737046372046016,-0.0776324497959369,0.27241010139456706,0.10171433051129533,-0.6861823616331278,-0.07590399842709658,0.08601842659404642,0.3686255420806866,-0.07079790998374483,1.0356603403498417,0.6499575820227543,1.1403327296179133,1.2884609582372488,1.201142575396209
real_0113,0.274973742109906,0.6236611963531815,0.030185651067112806,-0.14231372901183378,0.628293533076254,-0.01007893473353454,0.18845035573582758,0.08699191871586767,-0.12627205178069836,-0.09819400276043778,0.31283044448036723,-0.41105977682621125,-0.10121137447093678,0.2444755711050496,0.0990653794770787,0.3521357127639663,-0.1330232616038728,-0.897261637330601,-0.4488120793511125,-0.9106112354593627,0.2624425272605996,-0.348961579211046,0.6017642258796291,-0.2768072688376425,-0.49909997088900754,-0.49295837751743105,-0.8468971933972623,-0.8284638013242027,-0.5520648803032779,-0.08912985796876592,-0.17069404683956615,-0.5875452583535637,-0.18510518443292795,-1.0950952798082543,-0.30858752208289325,-0.9412864386753341,0.6963550396597771,0.16757125035317766,-0.05326075659846571,-0.29873599087786684,-0.0041102009958397055,-1.0414799762651317,-0.7625181327537188,0.48043328361364046,0.32345268980401565,0.12897425287703954,-0.32955489001489285,-0.32944737532693574,-0.5877146342000729,-0.20542617635938867,-0.10309663198215273,-0.34867914795852434,0.09184356149770966,0.7651480096522403,0.11419187441073608,-0.2082732877316369,0.06199802154091091,-0.019090020034912922,0.4653728418326942,0.3041985459192141,0.31752592612772007,0.25322453338424306,-0.026201497841956103,0.5311425252589805,0.6059845475848088,0.9108775066454808,0.8982603339767234,0.7929843771918719,0.8998510512486168,0.8312215119641346
real_0114,0.19199921811496634,0.38280116759420074,0.15477321127626378,-0.08378692032383378,-0.14855479171092792,-0.2528959085270812,-0.04645996326849237,-0.5454928192018892,-0.16355495306608625,-0.0048810527582559835,-0.2456630875386608,0.018317787400380266,0.4169677792249102,-0.2900565436227194,-0.6897492407959499,0.654715786414145,0.32234682655188557,0.11340336588046043,0.49697207012071887,0.3561798406675914,-0.42069737676225644,0.04304023716615059,0.4326611644070945,-0.06279173553576022,0.11213544534926088,0.27953842712796256,-0.3209692618622164,-0.7773596284239089,-0.40065655649648707,-0.3186206727086697,-0.39176417668127694,0.27295090180442766,-0.5474689337414056,-0.26876341821615235,-0.46851998727498023,-0.8718180289744211,-0.5272621806893035,-0.2714996559178315,-1.17821318433683,-0.7508821096197843,-0.7529338823681788,-0.4797686797606969,-0.5156642413994129,-0.6629245306372696,-1.1073124383102628,-1.2,-0.2666079558070394,-0.2849136963373444,-0.3417687671195822,-0.2847337552804893,-0.360957534528491,-0.09993950250486258,-0.1984743462086086,-0.3970233362552776,0.12549939545153882,-0.40703303219175985,-0.4697866498846,-0.5750598642995812,0.026299258360223763,0.3454289971240149,-0.253767062169255,-0.1805213036612836,-0.3327634108205618,-0.1227341826962326,0.31828509772523256,0.7830913218417318,1.112415084959161,0.9975830698423465,0.6689809313629632,1.1009885051839028
real_0115,0.22707079943604694,0.04398809044583042,0.10127351905062289,0.3280187692141668,-0.07962744685172697,0.09327784674088341,0.025388291030959364,-0.14625608489700967,-0.1858993739136081,0.19498184980719896,0.126083839540632,0.052332051730020715,-0.30743585712384136,-0.3977840530608021,0.19898281520530817,0.36172877232631384,-0.2044352631968907,-0.6894361573136617,-0.2639764105360264,0.24387720541255764,-0.12236253846674143,0.8107119713106712,-0.37418099398012983,-0.23791477391470953,-0.621021569097476,-0.4443596355892909,-0.15702996325738852,-0.0006055046974557875,0.5846474087063241,-0.30567049132438856,-0.20530274937982648,-0.2984600646602961,-0.5316393295632384,0.21164744788344064,-0.09785896042673269,0.18629916481502318,-0.09431109883439333,-0.2931073284882555,-0.18430123068079457,0.3011047852666103,0.293004828806289,0.5154268866355615,0.7564912780241186,-0.5937803087429432,-0.8661816480068014,-0.5000079775183189,0.26379969864160696,0.6684996396165137,-0.051629158926263415,0.13597600539199384,0.013531563130807066,-0.015626319063929903,0.011785815326622635,0.19497444268130687,-0.16532551116806915,-0.27773377274632216,-0.20105002127642266,0.45456024177003984,0.2032987651972487,0.2787346919600872,0.33472718909013793,-0.4383753061758086,0.21955113183704814,-0.3080202204876712,-0.7160021805118666,1.0108194261570804,0.9572673900426137,0.9578619971273686,0.7909912580827395,1.1413651047922733
real_0116,-0.13278625788429527,-0.17340717109272547,-0.7410464776582777,-0.12763471190759912,0.3340296964899207,-0.4140151238212115,0.09463898859916359,0.10933895854013112,-0.13657870097114752,0.19216629347714204,-0.2425013312181789,-0.271188443166888,-0.173628907480228,-0.023890388390235412,-0.2987708630471428,-0.3981923123833694,-0.16365755491940326,-0.4109540407408753,-0.6897174995199122,-0.13725829012800894,0.6359677572516134,0.43052337612595365,-0.28199651869802556,-0.5065645988688359,-0.3578489560405704,0.22909110037361785,-0.3476299360152761,-0.12636495737981762,-0.5516741028529963,0.18896177914662637,-0.015314634106299201,0.4029858908389936,0.7940776199045937,0.5280098129934688,-0.053280429096190476,-0.03245862822080625,0.16986924115056123,0.7126717745072967,0.6394539398756199,0.025703551969027492,0.2847649444805224,0.29639617517072336,-0.5055308567068075,-0.24698270410693657,0.24433860499143129,-0.30025112263768816,0.25787721370730254,0.7451371361880305,0.951586867411746,-0.03853530901415624,0.13956771804613116,0.2392040571279728,0.42888272184131576,-0.2281915282909057,0.1436733451493487,-0.12229775143209985,-0.08851482552870346,-0.22380216322531946,0.1534067682091303,0.5103621098930057,-0.27157327518472457,0.1280421185724623,0.19692126275889843,0.13747918527203093,0.670803593966334,0.9205760936404297,1.0296685122912779,0.7568218151791739,0.7957909678643356,1.4590564599325049
real_0117,0.12916921898253647,-0.13049755377194613,0.1862704226304871,0.05018081634283341,-0.24172580212234537,-0.4128373852247977,-0.03348688677643547,0.10243115865015107,-0.05288414175206233,-0.6134378955227754,-0.5718952310022385,0.13957760295997695,0.06250804004696883,0.01656058486252936,-0.23372458437165666,0.10208199050528616,0.12901661166821915,-0.12017843005423948,-1.0102536624366456,-0.11411316945479208,-0.32211741955122114,-0.5086881317445275,-0.6525328529754214,-0.6793188585936185,-0.5484043883786526,-0.8945463632574122,-0.21301336683473623,0.18448867636786515,-0.10699389810821137,0.4389761585034634,-0.2578167823350564,-0.03161138024766066,-0.0828304848411861,-0.21938754389817294,0.18732362781834594,-0.17453887350572336,-0.10968594961875518,-0.32805767162928345,0.2911425170587321,0.3002866242761569,-0.7477938000691935,0.5489447960975732,0.857812740682674,-0.6719220228478174,-0.048532795348634,0.6680334804826766,1.064482389903377,0.5513721576775616,0.14953351020238148,1.0300676442104393,-0.16310809841764795,-0.1750875346525632,-0.1882658795952017,0.03087170327464103,0.14051463832258812,-0.31662324962464655,-0.8416339058825159,-0.36176643210958226,-0.07841656629192695,-0.10499628465796412,-0.01943216945135651,-0.3957068306580977,0.08183610465485326,-0.33980466971793216,-0.03690832991238609,1.0349014317032057,1.1633826245066188,0.6873044104262622,1.0104346637315067,0.9492645140811574
real_0118,-0.36199852101913427,-0.4691776399643267,-0.0976820724174537,0.037882427829231055,-0.23241045033236074,-0.08835071963115236,-0.4308742730033779,-0.14654005206195067,-0.9062778647211353,-0.36645031411281265,-0.13305485262814726,0.0035074830859365877,-0.33156500351081003,-0.35356428456701866,-0.5317887520374733,1.2,0.2923861437498816,0.5652563416977237,-0.1065515285854041,-0.27576563428206136,-0.39340111670357697,0.2734224110354381,0.7492111129974282,0.05173025380743219,-0.4848027096396287,-0.5417490623377764,-0.41355980726115404,-0.6654003778846459,0.2508525854660819,0.28105697480577435,-0.2679717014172944,0.1662908614499675,-0.5970043707913195,-0.38090555193826287,0.153584429349856,0.444297413684773,0.2660611106848135,0.7282828124484395,0.15136690357488194,-0.7044228992691383,-0.11596851436177352,0.21531520820952463,0.19709938370723531,0.9971595061276732,0.7868029689398014,0.06853510437749316,-1.0942477390689003,0.1804468158036882,-0.11840490557872924,0.8146186783468604,0.39736218120264194,0.004013038693254745,0.14373144353675946,0.1984596805108413,0.054116973189068385,-0.683075329172459,-0.29921364941773987,0.32495997256187037,0.37567029855071016,-0.23676585148284954,-0.12126139757310647,-0.45895421734153413,-0.35268000510243197,-0.29837332845548653,-0.12391630245124523,1.0032778218285163,1.1991529198401538,1.1371498070549324,0.9452298988907526,1.0940110924056528
real_0119,0.5176719454107986,0.2889760861779692,0.30061675715236424,0.4132758357184315,-0.024738900377230862,0.16624261282648356,0.4655561206133067,0.3559170700602092,0.4749722384609596,-0.015307747558789046,-0.19223419576759618,0.20705628642483342,-0.35200839705740916,0.02775879014047683,0.08379316263614939,0.32902023242340406,0.11802466956379248,0.804594901160899,0.3335064821998507,-0.061457337489068835,-0.16646938215497156,-0.4055178490063746,0.19639677994888674,-0.2644913793271685,0.28924916831292,-0.10951945803591896,-0.06511762608946084,0.007516109548737007,-0.5378688518039597,0.08187619968500064,-0.41311033136908204,0.06424297946853909,-0.19787984105345602,-0.0998210802813233,-0.5139389119510218,-0.007452265088008844,-0.4769913875253651,-1.1511356865525086,-0.02177384651963255,0.11313268287600758,-0.5973849562187252,0.27378326047176027,-0.2688951383198965,-0.46773642673581395,-0.6884795958732591,-0.23535626822181888,0.41388036083424745,0.11653950037274836,0.2829196308018052,-0.11195517228173264,-0.18984839732178782,0.06817991529027147,0.2571565254705232,-0.42485218372081396,-0.3148966169434647,-0.2154773664151794,-0.5289944597542474,-0.39368709627008375,-0.5655465774810331,-0.2961680903404424,-0.42312440114410266,-0.3619951560152526,0.1485545794985912,-0.13408416505163337,0.6119570951981259,1.2402668336981373,0.9896293097910791,0.9298095235564043,0.9326336064718814,0.628736130218141
real_0120,-0.4152450776939583,0.11670564530231665,-0.2515600702653942,0.07271808763214108,-0.502533347809686,-0.648915865243363,-0.09595088698302101,0.07209313804527713,-0.04151132802848204,0.3005195341623878,-0.37549810577071124,-0.14977211254342543,-0.419640735245194,-0.6076821383692085,0.2361917678027564,0.2175614636961087,0.1312031989825425,0.6080519328330815,-0.47681351834703717,0.15712683987357404,0.2635668090857888,0.38811019606983765,0.5053874591833609,-0.27479461123730853,0.36784777603400326,-0.07927981156288169,0.21472363507671602,0.07837805601217528,-0.20771843782861696,-0.32317723498818635,-0.2576957489864617,0.10369947043787724,0.6357752199415756,0.4174127143786708,0.6561030804206718,-0.06148266879934119,-0.14736488049828242,0.18718024192190252,0.2273182538695556,0.4907155124130101,0.02443221846069689,0.20968864915381497,0.4697886006308424,-0.04713364258823882,0.5436907694184481,0.06837720586481448,0.14054651459429954,-0.37329219708954176,0.4061564519312876,0.6439697827065237,-0.08335862788112001,-0.08824369283436843,0.1387112549790575,0.05607684746323149,-0.10950515841765068,-0.5477910462619567,-0.5144943845411112,-0.19863209715412436,-0.1475034642734228,0.1938618488814117,-0.6112839008449948,-0.5378308599780354,-0.24789646223818174,-0.1477119582222618,0.10468119941597906,0.9640966558790464,1.2030378834354096,0.795543943670534,1.1239403930964957,1.297603390823436
real_0121,0.40752296246223246,-0.08567957301760092,0.43138305784805847,0.30470078987325067,0.05411637989092879,-0.09537232134718651,-0.2513354928900709,-0.1762737021148888,-0.1629647349098398,0.12778785064358486,-0.42210475565220923,0.03880475213788411,-0.2557077172547291,0.057898988642157534,-0.5930466906859784,-0.4652941819099884,0.12577935441096458,-0.24911153164642202,0.06074480978581648,0.6441984479682867,0.29699141576682825,-0.4176110046304761,-0.3278277576288403,0.22961789814915506,0.4624760343408289,0.641528275351923,0.7159221834409532,-0.11436025497856088,-0.38667803390798344,-0.29682985356842195,-0.007182167048710305,0.03511648066843255,0.4768279406507897,0.8154765896140715,-0.3480583087039151,-1.0123599355149375,0.07489737972075998,1.2,0.5864137609849415,0.6770967054713767,0.6345814016600485,-0.25480734171670744,-0.5122384441751128,0.8799790895209555,0.5294231780849752,0.3694930734913897,0.20666371904977643,0.15629086156322342,-0.13286495980797747,-0.5699425157915746,-0.09409204643505584,-0.08577957621730464,-0.25922156965516047,0.23062775154844525,0.228541283404165,0.6542358558932999,0.32298372659488345,-0.2173329697143133,-0.5574938636093245,-0.2731866165627159,0.3703006281988802,0.41635435893142037,-0.40346027587993816,-0.8452543203194876,-0.8231950880974326,0.8464753761067203,1.0138189987651163,0.9807642126153335,1.0679750722385408,0.8098727879821588
real_0122,-0.3122440475470911,0.2414599650120676,-0.15938564245532078,-0.11612550887763233,-0.05614754129956451,-0.5228315132886882,-0.8808612666369809,-0.14819025021955493,-0.16105457643523877,0.18249629374613577,-0.2747191165966153,-0.34192474984691174,-0.0274748263765887,-0.23219404658422535,-0.2987392440878736,0.5413449300099762,0.68023379013695,0.1328085189273903,-0.03442227212662256,0.6089115625639328,0.4017655950699789,0.024100699155968963,0.09444872213893138,-0.23628086519099692,0.2946646767987579,0.20153153410132743,0.5400315953644025,0.8235595419260658,0.5532322547497568,0.309736787090983,-0.26026501451348494,0.6881186724887987,0.3082963366590274,0.04513513650459187,-0.21410598589528815,-0.4357092683403993,0.278526602556805,-0.09577067931291527,0.40845919134677855,0.09579373897803459,-0.6294335488131406,0.17403279266823315,0.19269085168484912,0.38979606188905463,0.332229246456604,-0.14611357932555957,-0.5409779852868569,-0.34773058557267084,0.02309496570456049,0.2744851546592046,-0.37006644110018544,-0.3387090903894771,-0.14518497994182564,-0.26330717984118723,-0.16892880403883068,-0.04533431829239516,-0.28115318436886616,-0.4054863048553646,-0.13650433662768147,0.2304900168584972,0.49139017525822015,-0.17464278644690648,-0.33013321945651913,-0.10376539281775791,-0.018897638762216545,1.0268913452434474,0.8743902664258807,1.2256037714698604,1.0632095741288572,0.8598114589780637
real_0123,0.2671108422887777,0.07636532131840809,-0.6206894459022458,0.001998665066586646,-0.025800128836108632,-0.14036161082313917,-0.42487606135080097,-0.32778956298364836,0.6984618967153513,0.1946079967929003,0.28052239231961257,-0.10508666255787405,0.02263873414786887,0.06179374928380835,0.6343631709869734,0.7918583518570356,0.513100692427023,-0.1541393023335373,-0.9258038157569497,-0.515871945178254,-0.20947629861351105,-0.27369088852334694,0.21390691672193393,-0.24941761938427948,-0.20824061976310979,0.08265743001304801,-0.19898163981180902,0.5400093913136893,0.39432883987276546,-0.44084991788447636,0.29300054152706034,0.14856519115900904,0.00045734161040726065,0.3252675706813143,0.8626568274107368,0.6625918267248565,-0.283654321175818,0.1813291485558946,0.6353460350744934,0.0013436940931384391,0.1931639707776219,0.4858147081956337,0.7911393237864108,0.10219100018988381,0.10588424489139771,0.056329113272593906,0.06477590546204132,-0.34515140379952625,-0.3360089234817951,-0.47480326250978716,-0.20488536027490406,-0.6940030327137255,0.018265737754295516,-0.2811289831313083,-0.2670303180189156,0.16627449682744863,0.18989844869368,-0.13431325901170443,0.19413908243621536,-0.20730830740537823,-0.15054300445114405,0.4446970401242998,0.2309428565189331,0.2088663810449969,0.2855675009357739,1.0329995025957648,0.9108399471701897,0.5438524309256154,1.0819656914657385,0.9944380512876974
real_0124,-0.033495152142250996,-0.26850735144284926,0.13570993213132865,-0.3817916295795717,-0.06718256521439955,0.048194402389124605,0.40145029469879284,-0.2993772212421826,-0.07966137249119803,0.1478187201906086,0.1280515356743552,-0.09740006682803327,0.07898599621191046,-0.3411586307684563,-0.1603659735994488,-0.7266807156387778,-0.47586150082654977,-0.060871811853277065,0.09109476191112292,-0.13750569354993927,0.35342762614834,0.25670169618792865,-0.29100150497234734,-0.5234660024175439,-0.26973464118428153,-0.1469481519789585,-0.043807031299776464,-0.5465148594891428,-0.23664468107117972,-0.3890249677394046,-0.46565076334533406,-0.10883402222832424,0.6794271843073502,-0.4135755960162655,-0.5111697130870991,-0.0997228502284916,-0.22304514001544926,-0.6030096536395658,-0.05955360699441313,0.11237934989694111,-0.26486727275080174,-0.08784691082335135,-0.38461643052028016,0.19984307725874245,-0.16503326590638528,-0.17526329918618225,0.23956777308448293,0.14255547141201655,0.42673562143555366,-0.23782782127192492,0.1776887733335529,0.2639246610567471,-0.3539514316331389,0.20075529805458192,-0.15441846987039837,0.03189157610145794,0.5915234507341798,-0.1538351982629984,0.1039595331874448,-0.003043225683269896,-0.13280989909714058,-0.014425930426350443,-0.2938722156496922,0.20841213947579829,0.1400792084037667,1.2038781362860655,0.7779195231152476,0.7006722620193346,1.1232269336004477,0.6092789136650376
real_0125,-0.025243234168321898,0.034641507065060896,0.5022747670386942,0.7726867674302504,0.2077358106023224,-0.2753935674751557,-0.15460811196302238,-0.09502412106284137,0.21417029640867238,-0.041020714786632245,0.17384476916555186,-0.05546820348634705,-0.11737157896388319,0.19212961832477302,0.7540052182081011,-0.5698875133840192,0.02066014459385253,0.7757547552246494,0.4852461310261573,1.0118893259789983,0.41006846535210345,0.1054291712891001,-0.45300124771833966,0.22722835062862817,-0.5232921142761937,-0.3011300907814921,-0.3088250663755402,0.0842633005907424,-0.39859255373357116,-0.7308403923689482,-0.22098769557862807,0.22957483577653245,0.07517369602856509,0.22777790580569193,-0.7850450438588439,-0.3028488305956521,-0.47099549374946487,-0.34472694504539075,-0.2297242532309446,-0.35573444197202003,-0.26562796486767465,-0.17506711932871527,-0.9175957784880179,-0.5511894043390183,-0.7125993644771065,-0.2303407392086599,-0.7512455377913524,-0.578692171010074,0.6531374544476303,0.21265166625000576,-0.5638129746955304,-0.10138094186605376,0.059388202293422176,0.5560577048460488,0.19201802060923293,-0.8138332106217105,-0.26786187653292515,0.23971636782246467,0.35372742961144266,0.19639574405917362,-0.03434779624670972,-0.3522976879604204,-0.03384752613567305,0.13142737115802108,0.4199252335646662,1.1252666868871868,0.8667799219399521,0.8154227116209465,0.5784093316445114,1.0571925072322346
real_0126,0.1823953175003748,0.6690358895685145,0.19537947032414685,0.24825917897237035,-0.04689597355273412,-0.10109151661356283,0.4278022797090046,0.6331832512486669,0.07287025277104994,-0.3114273020737179,-0.42791334110871115,0.12949567215571062,0.052984370924920414,0.008829823685582256,0.16644954532502929,0.03932955538609424,-0.03684898275295186,-0.4797003518496695,-0.17352970149007496,0.045791313550046245,-0.20650727875690222,-0.36187904720168435,0.03831340358775432,-0.006711648765021289,-0.415518677714952,-0.11118810833711536,-0.3425515201977866,-0.581652370614752,-0.5533298132637249,0.5040805179206858,0.2017744752610677,-0.02714375707465635,-0.6835980581333981,-0.2430717692328126,0.22953180763127784,-1.0469561719269784,0.12053098460412216,-0.07079305110653297,-0.28492629542084047,-0.5466211849836048,0.1174912152823363,0.45167406427758905,0.052429094568380984,0.48141233159283775,0.026637542976081164,-0.5465867704185291,-0.5619484640743285,0.8498475998988502,0.8354283086218354,0.4514595750352012,0.06667441851683349,-0.04319579406036806,0.03732507880348716,-0.04303884698444114,-0.24657596311233634,0.11794869153515154,0.6772981887001569,0.5089169331689025,0.03667797397643946,0.039440327619306874,0.022824925615637547,-0.0873526463563428,0.2789344105821248,0.01147360111374919,-0.11708411093506277,1.0535306588724265,0.9462974967888357,1.292235773344066,0.9271123495471078,1.2418665682312526
real_0127,-0.09776494260014539,-0.03263807753531993,-0.3862696458869142,-0.4995855260230716,-0.032969673530299747,-0.1627248211783131,-0.31754539424309736,-0.0689949116958604,0.34329899798060354,-0.7065891393297522,0.6684412148836237,0.7887877510867639,0.053369565255028104,0.009289309010934948,-0.43232166912983383,-0.09972435279959632,0.9742423341939581,0.7010809855795617,0.49652169326266166,0.8359523149096868,-0.10827587616834368,-0.44983159849402343,0.4097054809371582,0.3203684402241066,-0.16387867754223465,0.16379198324865626,-0.09623237662541206,0.4315372435272201,0.1470831996284642,-0.2266993039106648,-0.046066586930366506,-0.6536415186101417,-0.32741856648566275,-0.0807381611911322,0.26221785618970656,-0.1381704307902761,0.30110488185056444,-0.12400365070010995,0.3687109115785575,-0.37097675353922993,-0.19070030102928592,0.5135544903333739,1.0624789777159562,0.32903876932619164,0.7025272586061003,0.4875253646836699,-0.1583876196077653,-0.7928636652247962,-0.1747894424846038,0.23932998646610043,-0.40520492463801194,-0.384803491576398,0.26371069183520346,0.5088110859879144,0.4132638145397401,0.06764829237576246,0.026660214238045783,0.21026297533323915,0.5880614089436019,0.01919792119552896,-0.25434334237299894,-0.027002984007814097,0.8036731567505063,0.411256965351659,0.4107771691010725,1.2194954336829342,1.1205377529067901,1.0565173965838592,0.5639579871021052,1.0732334558743228
real_0128,-0.1307500449988647,0.2895707277972025,-0.32694639145793764,0.0004740331058330152,-0.611169084051839,0.3633164912327249,-0.03962185858738247,-0.4517078818011127,-0.24208324627428537,-0.533305125056656,0.10582598860044887,0.03523572269635645,-0.12302362310581749,-0.11480007668285078,-0.25838819753730347,-0.08094464409071968,-0.37118726079963393,-0.5950006713159773,-0.04988979914975856,0.005663788945999796,-0.15914973671457852,0.36713018327642577,-0.05398716240780599,-0.13777048428434974,-0.4546890926277332,-0.5462898769298506,0.01858993020315649,-0.12764140479194924,0.047204072383994315,-0.05544438858097398,-0.5577811883364294,-0.275497970533065,-0.1460963147975042,-0.5474714107255729,-0.41681594161162405,0.27507797317071153,0.16330977746869726,-0.3363082804377861,-0.0874794462780222,0.12425890729671599,-0.6138601436034709,0.4862585947297158,-0.1724898147929949,0.8264235376819669,0.09172442773845957,0.3427446441538799,-0.23909646993827094,0.08994380748895055,0.17858250913482412,-0.38765415248098434,0.437373024496984,0.2742732258721633,0.7487045187409974,0.660213635826493,-0.18691021099418226,0.6909729600928132,0.07105001439642097,0.34639686311597845,0.27372037840329067,-0.006536743897020159,0.3556030042457046,0.08823491657880256,-0.5037432158466693,0.06934663487940469,0.1119639873177259,0.8216855418515724,1.2581154746748975,1.1534634480922454,1.0072119853595591,0.6027756089553187
real_0129,-0.18684425962470208,-0.27021901860747133,0.03772219343144074,-0.6976232338766607,0.021731233124289158,-0.027948715072813716,0.675200390604373,0.3680472069130624,0.6036886533107001,0.1871781515797428,0.18790738902471865,-0.029900769268681376,0.3678169621128586,0.5078410158031693,0.7335864557776646,0.13994453281184777,0.09045535543011562,-0.0804003165468582,-0.13210891539464564,-0.23942153219766013,0.5459609037560353,-0.3756901940980909,0.43124469388601255,-0.03101462745528406,0.08103158391317825,-0.4362212837147129,-0.15052989726691765,-0.18025515370025472,-0.48156642635162816,0.06815448326655889,0.14631184544902567,-0.20217235545707524,0.16529188832369854,-0.22947772231654456,-0.45750512209924904,-0.023580606196419076,0.11906443314544284,-0.2679516562179998,-0.07113346209149804,0.678676629185549,0.6430921866435264,-0.3361183236128825,-0.4645455302725527,-0.9164687136347419,-0.20865931200171492,-0.49335598970201705,0.023119693600845457,0.45948592569853247,0.18355470707827107,-0.41544817019175406,-0.47750432427810097,0.08727314531479953,0.22502497602198537,0.3087476699780391,0.27949132048637815,-0.30797061934373987,0.1470512858451742,-0.22559206294718767,0.45056233651251193,0.17086207941003856,0.1357523610422894,0.22317913536277303,0.03881191711870342,-0.5352150262534741,-0.8774013464805022,0.9040372700875379,0.7926727726934439,0.7719678161747539,0.9990734055551309,0.9690476764175852
real_0130,-0.10859643407174463,-0.31951617085409134,-0.6189228266504142,-0.09575812564024358,0.11757413743547189,-0.22677272393573272,-0.11640843173864908,-0.04240535998641906,0.03314412819617107,-0.06373368713073128,0.023584232983956677,0.415196303428243,0.20066723841083295,-0.2782610451133398,0.31990459860585213,0.1077997761998846,-0.13693017549365813,0.16654341259373995,0.9511626285235755,0.04429758499230211,0.20841383004168404,0.011567070152973152,0.32958910857845547,-0.003752196829042914,0.44522960946795287,0.6849018931692966,0.5232502768691895,0.5406882774939498,0.2995557976339366,-0.2290870070664235,0.5228606959342117,0.45587978444645055,0.5443899881083041,0.7651116217488871,0.9929869518208244,-0.25049108082134675,0.5544485653171765,0.3081640629525865,1.1026682871432274,0.6569138665059927,0.67305311954002,0.6898955567330965,-0.29948497202092816,-0.09500543603669936,0.0742782532481041,0.5825026876824,0.0667322841111047,-0.34903274913866733,-0.5881191348905497,-0.22410772637111853,-0.2525420561007252,-0.4094416135070339,-0.2576032765805327,0.07228224057996377,0.6416351547638485,-0.3062968370279397,-0.07881814554971041,-0.07500222178187357,-0.05322504296632395,-0.04650936496847017,-0.1213702102712035,0.0013029420858895974,-0.00011148057366393552,0.02865417295966257,-0.6209921341261829,0.8610136087891713,1.0589241202389879,0.7760928249458947,1.209106454957936,1.1855072257448727
real_0131,-0.1650981219185314,0.4243223345514023,0.2156694323946943,0.057419730165161734,-0.5229519727235142,0.2219423472788014,0.4036176490600577,0.6743867238841752,-0.11429913141917852,-0.38747754284771485,-0.4222898096770159,-0.25151336095740573,0.13457246250605492,-0.27711488687320174,-0.2530885616344046,-0.18601734565598327,-0.111414129887025,0.6815639750049602,0.12822032983399664,-0.17945676438689623,-0.2925698459446021,0.5797642497271062,0.28953406123545367,0.5703257811939677,0.6475894405598174,0.22840188911730616,-0.29698258337592387,-0.009703814660045145,0.3471764603089627,0.5860145677570168,-0.13882610795747294,0.5501917744239818,0.13547116599472403,0.29931161081326074,0.3610330450525338,-0.42174980652954763,0.8533131216485287,0.27384355134310334,-0.11540606264556592,0.4236380506049573,0.08621172291343136,0.4191021561175197,0.47162038450615995,0.3118423435516981,-0.1964873700926733,-0.003504961391701718,-0.09751421554630187,-0.7105346157800406,0.1175345544933545,0.29803023114431876,0.3390452638552981,0.6736527639797597,0.4702546681287788,0.8327128459667082,0.5584763467272628,0.1971552526527421,0.46408144994106154,0.35558663192979334,-0.07260721791927702,0.1394300056451818,0.7779785655797911,0.059540542627159174,-0.10508712917390436,-0.15233060612670163,-0.03903921888551758,0.9415285295266348,0.8439184091263698,1.089562743344542,1.2375268785442242,0.530502808508523
real_0132,0.04518416781501953,-0.12296428546462493,-0.21276118036103328,0.06576384748129935,-0.7260046265230302,-0.4245884833771337,-0.2842641474039168,-0.19009636843051297,-0.41688114838568446,-0.3277543098405897,0.059855964008115485,-0.2690814832002912,0.5587527885094611,-0.05413455616613541,-0.7198040023369086,-0.3720652202933263,-0.8582040288335288,-0.570266484176585,0.28343097484029256,-0.3139368803097192,-0.4506399113284864,-0.14032375549732862,-0.49461752782618634,-0.34834650623084706,-0.6101880505670025,0.06479424377676414,0.01242623746995878,0.12514167814740842,-0.35086530796907345,0.12542592194473004,-0.568008834862506,-0.031065168356869236,-0.024479236679759795,-0.037826424919966,-0.20577547803807336,-0.3701438530447137,-0.14042868749202717,-0.20315805235161266,-0.14570461101498722,-0.25211753231119266,0.7179198460239578,0.17826434510087444,0.3567458987117226,0.6150404279825926,0.018985308725504173,-0.43047953898978375,-0.5821497673593756,0.20961634592127765,0.45625983954375415,0.017352542245345347,-0.20153382957017996,-0.7429518758125239,-0.9015146256848066,-0.7520063650730265,-0.5736838311235327,0.05850119832105861,-0.37943696565287843,-0.30139574055766627,-0.42599637042444544,-0.5686459046101014,0.5955507250536646,0.1928013709267472,-0.6209984865642376,-0.7441934432654896,0.14497846943778575,0.7934970778665537,1.0712045632694802,1.0116548661870892,1.0405550096504734,0.7313084965455715
real_0133,0.3461805825153589,0.2567352992684041,0.11074378421232908,0.26104217487535697,0.19767346766255353,0.8419100504401716,0.6575714254162959,0.3885045825120204,0.7284022751534904,0.3253696396699238,0.2926764723699618,0.3065378996331897,0.2910352463711484,0.49574745720025903,0.5850758327743899,0.40373454208044895,0.17725406032048316,0.6445994533886048,-0.5936030658924117,0.14444457336283878,0.5281608829006004,-0.13297941475879077,1.051601728995523,1.2,0.1525763176667114,-0.1624295168952424,0.004268166089302478,-0.007333384924292149,-0.05254060792139527,-0.01996344265576195,0.20722453187139744,-0.00011679010831686773,-0.07099540170011341,0.23478630019421318,0.7979410656479934,0.46085739245512813,-0.5901456842091515,-0.8771879594322883,0.3563232057453764,0.1777250497150538,-0.19676814346571106,0.9343951187742752,0.18435460297384187,-0.14599761192750657,-0.29854583282737496,0.17784544043513592,-0.4283603878746002,-0.3238116530986015,-0.23167509796499144,-0.36541266446116294,0.38001888824106017,0.41827354159143676,-0.3123075835460778,0.2915900790466943,0.4145586563334372,0.3156772194369994,0.29263911685675104,0.04325239060211026,-0.08020738841150755,0.08266756360969964,0.1515032697924565,0.3633352631640997,-0.31029964204036353,-0.2527853414379628,-0.20694191662816208,1.0952726420221606,0.980337002396841,1.1097477637728252,0.89992778452062,1.21913590102038
real_0134,-0.10766913678341712,0.2616490994812223,-0.055632751293153086,0.096997002203308,-0.03532029680993391,-0.06878611332691124,-0.008092325766115103,-0.09131965623727589,0.37044043485532757,-0.09561465990468017,-0.18594480282769146,-0.4116269300404082,-0.5552828722674051,0.17284171676919052,0.09933999927840582,0.3926297448110744,0.6498818687884081,0.5843918987391769,-0.00016570462368941305,0.7353564860928262,-0.09623506135454071,0.05850642489827657,0.1564558025080259,0.02796381521162189,0.02523488270308249,-0.9224368250942793,-0.06654683653321443,-0.17215175715784625,-0.3829355220166682,-0.3663245922014592,-0.31232875862822657,-0.6079266745054491,-0.3072432038060418,-0.22682907835241928,-0.3191054378542534,0.31417602744401374,-0.4185179942883103,-0.5713291800627495,-1.0410379718939937,-0.8720585549572487,-0.3185459850306248,-0.43063923465146764,-0.523272704511865,0.4495399285982295,0.5104717947983545,-0.4147928791946827,-0.3489846092315923,-0.6081566383347737,-0.8736549679533914,-0.8891473341407098,0.018418470982919617,0.07133503998246714,0.4067581621185424,-0.20091763436649887,0.2715498405824322,0.25922308314183945,0.38167139141801676,0.22476461568712255,-0.33603172778128243,-0.23219683567450547,0.011374342045165606,-0.0701060874186334,-0.08673490156582507,-0.5516741982924535,-0.10759988070390422,0.966666595435184,0.7253641261228705,0.9624658018143095,1.0970322225091476,1.0675238585493216
real_0135,0.3527437756528867,0.11794287468039005,-0.5560180243092989,-0.2306600321474521,0.09226014416497849,-0.29471344268091987,-0.32865191159196694,-0.17846173717944308,-0.20548245186802827,0.35248997176774904,-0.4182233762615119,-0.42535827439132384,-0.4358008758013211,-0.09731611471576357,0.5987282652041465,0.2119708869698411,0.05306493887372753,-0.8170652631318527,-0.428622013328935,0.4907085680037582,0.38960987615973014,-0.10979507680947885,0.4020030674731949,-0.1346045332728345,-0.40991009256773087,-1.0000518712030209,-0.22936203047199372,0.23640480534153227,0.29971444946510156,-0.12078690815395456,0.2772220558463169,-0.36158520504178615,-0.6409502517701839,-0.2654045754931083,-0.20135342791634375,0.03589791712630783,-0.6624796069313404,-0.5781951835048091,-0.23723273525960675,-0.061834633518465805,-0.18493522482504596,-0.1768959617248829,0.26094565374339107,-0.2735061302249727,-0.10429142552720798,-0.5799637258819199,-0.9157870721767695,-0.6635539959893008,-0.022561838068979972,0.0340004966980148,-0.32208770308270734,-0.3699796147375927,-0.308743759362874,0.02653730536910334,0.20737395382083984,-0.4190342663317566,-0.036450252508595356,-0.45649836228168705,0.01269909450868108,0.4302590094862999,0.10148705946291521,-0.29217299827134846,-0.12024230011627589,0.19306562461120041,0.22596958186742538,0.7793790558246013,1.1392445487352727,1.0556287452909254,0.8944164725351373,1.1029928955316886
real_0136,-0.3939869226794887,-0.18101613703368116,-0.5914036160106854,-0.2822579067566668,-0.4215440140438287,0.263258582331669,-0.21547889051836144,-0.328157691287062,-0.37126510498754717,-0.24560325414499506,-0.46676620517405615,-0.7454991260224704,-0.5158508732611622,-0.7361042102770102,-0.7662369636263596,-0.04378473493313763,0.6217117375411001,0.11112121426057983,1.2,0.5814889880907129,0.757213177125496,-0.43241194508373854,-0.29800819279452934,-0.1845395095014054,0.06762567517701476,0.6042927638502926,-0.2918148437955171,-0.42178716158608764,-0.7342836451105677,0.028261120980681263,-0.2134269965162055,-0.3145451408115689,-0.06884004714257506,-0.0893760278024956,-0.6539395028573335,-0.807956573002736,0.18067467918354968,0.21716249269470544,0.47853251141566927,0.35240954643973454,-0.25356719271524136,0.037180046692054845,0.09571943493409853,-0.45861786533519566,0.09630815927011561,0.12787212271151832,0.02863407477466132,0.40870704526707574,0.9778110123879472,1.2,-0.44883172806505944,-0.32355510352114425,-0.6499374300041939,-0.6405873890230468,-0.5006896026120258,-0.24446951136051287,-0.06799688002353602,-0.308108032493318,0.06828039926681786,-0.48217536234358876,-0.480189875596191,-0.06891611091898785,0.21908843516178153,-0.1544546707521546,-0.6247240355398915,0.8476631378188688,0.9092498930786903,1.031623816981022,0.9997214697113302,1.464873701905828
real_0137,-0.33398002386231473,-0.5999722034959345,-0.036318970912879764,-0.48938015765066506,0.14298658778446469,-0.2461131504746323,-0.05294583752281421,0.08614166336258713,0.26287013641707163,0.40284980718520486,-0.34101468518085254,-0.15830178871689712,0.13364104434083016,0.4528390213332026,0.20886842128653269,-0.32856074503374333,-0.24232350208502618,-0.584454753167224,0.47751164580485395,0.2590067336219116,-0.6612499426294827,0.030540146276696926,-0.481584004775504,-0.04502615561898178,-0.4038872667820647,0.4745848260444391,0.22886608987718415,0.2885941540107947,-0.5364725744832667,0.5834739895977035,-0.0887554721922023,0.07919786116311811,0.35793440564080353,-0.1224620991048768,-0.3262330845971962,-0.21319839305875282,-0.6207409536543417,-0.1608789694557643,-0.669796127435719,0.06278524090435253,-0.3219136186527693,-0.5004496927714072,-0.4475321197113086,-0.23697606516921466,0.36599242916086105,-0.16819313948076103,-0.16269861658542598,0.3328723630721424,-0.2998220556768607,-0.26755727947974706,-0.06680248926125398,0.010082847948475982,-0.19665831178894222,-0.22323981566050002,-0.020913209297240064,-0.13245659163757195,0.5101553332379638,0.13469193900323395,-0.37993421207432504,0.10894057896374307,0.05335799241751235,0.03671048440639522,-0.504289981991326,0.1423979028806216,0.05792911365688977,1.0470270771175292,0.9199149642439668,1.1555534778169851,1.1972272633921537,1.1171381946265506
real_0138,-0.45933422859270684,0.6229692465894947,0.1679887541315767,0.007868025916458271,-0.21167671329608267,0.5596674369120902,0.7354397646029913,0.548866078052122,-0.15327881778232466,0.006651032402760845,0.7959958436195218,0.7187040642184644,0.32702869252569194,-0.26499234219404083,-0.2728606929977305,-0.3000410721368492,0.12322524892383671,0.33018630020372575,-0.2543210464341798,0.5410143263666709,0.22232667599692083,0.16749055595540197,-0.4574979519250058,-0.09503442099283403,-0.029074831155371704,-0.03314387914230639,0.5002461633633516,-0.36167873960745134,0.6057927362584759,-0.3953954466373902,-0.41479018006151747,0.5767739852745489,0.7126410484586234,0.4969151981788701,0.19860954408869744,0.22183405745816834,0.4144654800030963,0.23575831196136524,0.6117060435104277,0.5968324883621219,0.3006816371880909,0.0037002662901671267,-0.2661802986532517,0.15017850021635937,0.7097135006807754,0.5836401899566934,0.33945618505533676,0.027061738637479463,0.9268465591424058,-0.19592098836586433,0.13278476971116018,0.425056136597267,0.05800063826635182,-0.02983660680560369,0.28580485182473797,0.21378241819079968,-0.3512989310161262,0.021764489601290293,-0.2615435043566728,0.20040296786522563,-0.018831187683261485,-0.32158916783087393,0.33015294695476266,0.1289066766572663,0.13001899587398083,1.1257189851841571,0.8395371383065465,1.161401656388894,0.8884457308021153,1.1644720026082949
real_0139,0.25600624934732225,0.34688553591691745,0.0016079988635036122,0.014934884479384897,-0.13625156282327558,-0.20178669606541202,-0.03345306642445241,-0.6260284484719914,-0.04978059854871292,0.09924137495661903,-0.003665574570617505,-0.31399819316779237,-0.18688934259956128,0.12482657005848569,0.06924009888792884,-0.3056183815879492,0.045492505337823626,0.4526679456841933,-0.17874654979795437,-0.4212442326330538,-0.5267019260987765,-0.32117478752442075,0.13826370026381812,0.6863800905520993,-0.23242501772851593,0.09799137034386836,0.2151191068133908,0.3687266263573428,-0.10443503822683542,-0.056315568609822515,-0.5903299759195448,-0.14266586197259773,0.0017633943152041292,0.5918093141826541,-0.0008377586368797118,-0.37318321650406006,-0.44991168732821873,-0.40899392238705906,-0.1004532985401499,0.519107773729675,0.19604325697702227,0.514848674117926,0.6175851980566841,0.1876676249987299,-0.5716505670409961,-0.26247192118572776,0.3487519192157072,0.8984953704406212,1.2,0.4902650707250715,-0.08943076867466221,-0.001854286108381688,0.31512111502484247,-0.18848531550861783,-0.7398615038981321,0.1920453601896041,-0.12586004489561398,-0.24245781213608378,-0.3463003342938052,0.07768345425260516,-0.1017779068581912,-0.027584848505120763,-0.27614636942895426,-0.4487469432693395,0.008989362859935832,1.299509633753768,0.9018575084968666,0.676025601121646,1.1611357278485002,1.6776863818045815
real_0140,-0.05903697654385176,-0.22390235632135508,0.16125267872757726,0.3641967162634953,-0.08203121886936715,-0.019231631453230376,-0.3355805923827519,-0.14795425792476574,-0.3080653922859424,0.5795764113082394,-0.24971829288188072,-0.4053729387244221,-0.2792532937976106,-0.31255770122521553,0.3211708394085694,-0.15610176133878934,0.23237042158558355,0.03352088376246371,-0.4412526546668451,-0.9294431295231406,-0.39721161004502453,0.30715224936449226,0.14729284985138316,0.40605455208630636,0.6386071782985558,0.01697307213020855,-0.5483274739463972,-0.5239938765077485,-0.9101434174416634,0.22661454764753688,0.36605630783506904,0.16232416501476157,-0.05063549043846547,-0.29918752132266896,0.38320171893357713,0.07374434974989047,0.7877878870793149,0.4678868222809042,-0.038835091032053196,0.2174759178629533,0.814991306235489,0.5029294432819417,0.0929634272340529,0.4458205298275636,0.4117757946105287,0.711132453010215,1.1585271956557417,0.9804195653069095,1.2,1.0646581312859156,-0.40107806876432694,-0.5412944341606485,-0.3981830851363674,-0.4189180999182699,-0.34697216647424123,-0.7029035231620367,-0.44147381601592023,0.2836079843708098,-0.6590282665904772,0.27579419539578,-0.5915597930218081,-0.7473739626657856,-0.36500547553858564,-0.5197341004578326,-0.12116894407024745,1.4370793699010993,1.0641835661042376,0.5505462889318289,1.1354802737384604,0.9465488604773773
real_0141,0.054438535527675,0.0045830097556725045,-0.5187091863812824,-0.29636979402378144,-0.08645286991748138,-0.12859623462254927,-0.2078247007218255,-0.257555923266311,-0.3583249757166455,-0.3991722871490206,0.4102263759060209,0.06737657476486492,-0.5834391009269922,-0.3067538539037948,-0.38814618255776934,-0.46575327774261827,-0.268642786883882,-0.2779030563962574,-0.523750476225261,-0.441100746913205,-0.3369376575950123,-0.09093670098313185,-0.08787929108467259,0.10451152843671628,0.5617797572191425,0.5383267710577476,-0.23513131907887788,0.05285307745366233,-0.23236892990290609,0.04650963399682132,0.5243355176810491,0.22195501707254617,-0.01402909483638793,-0.10722754520416815,0.12815470670177756,0.10603660190755038,0.636563899524868,-0.16629996799650554,0.14701753242355511,0.3609414538367191,-0.1906963871821678,-0.026336074158928455,-0.4144151989760918,1.2,0.21390114762616205,-0.2209897804034839,0.29342182420898266,-0.11669754484514425,0.11507858080081887,-0.2723597337080171,0.5779235084424035,-0.4303363665207084,-0.7364615691165582,-0.765162785817225,-0.5188966547841704,0.48934133166900134,0.14511284338886005,-0.3001178229234146,-0.14085172615094962,-0.45880919268534764,0.7233733592491768,-0.0774482718980824,0.01858147762383365,-0.45914269550088105,-0.3985176136849862,1.0621614149913994,0.9716133488595392,1.2003490795303016,0.8090416365738357,0.8005293090953762
real_0142,-0.22299079909170993,0.10813142389554257,0.019198606315566483,-0.8376202861945556,-0.6037843655353501,0.27246595256461875,-0.5766196424755905,-0.280078023395567,-0.4724765988421968,-0.8155515004866981,0.137576967991586,-0.033718041720418486,-0.028724682875610745,0.5348778388502983,-0.18140245898101973,-1.127183497847758,-0.2765283632237435,-0.032734538221885,0.04857460200372638,0.1038305126270306,-0.22475480378476773,0.10572078841699152,-0.09801480758592279,-0.44742913666691814,0.20406709069748036,1.0168459613533622,0.3800411214645955,1.1048960922181437,0.5316435643702022,0.7310480502060562,0.0050333290930257,1.1209510516399945,0.2094144876954165,0.3030942112252523,0.5973063707190038,0.7719139951358416,1.0542167243900291,1.1975813653800857,0.5630426064984321,0.21343338176172894,0.46454876155216723,0.5432383326274043,-0.13740409214561275,0.2278368149767673,0.5541761369106467,-0.36872168126105953,-0.17773871563388127,-0.010536873120203313,0.03851171801636169,0.10498557662688224,0.20005293033645213,0.01087253572296335,-0.2806894439288433,-0.48606039106378196,-0.33523667933073187,0.21842514202375984,-0.6017635320499879,-0.0833439958184,-0.419451985592789,-0.3079145150941352,0.25526732382102396,0.02330353358612054,0.20416874619563422,-0.37700742112496566,-0.11654910416772254,0.8515692819952204,1.049299300342372,1.2375450186523873,1.1947788256434801,1.1069490995617832
real_0143,-0.32225258166485243,0.007685309233360606,-0.29257598837996784,0.34243403379736276,0.5604448506324052,-0.30058733614478117,0.019293034414437037,-0.056139387229117294,0.7056132565284966,-0.18665300525258002,-0.03245613214446649,0.27038985498120355,0.4298514254584001,0.2810295437031909,-0.29415059173606767,0.3576625856662443,-0.40066791271690944,0.0641044785705077,-0.026146919722842225,-0.25482430940431927,0.4871204668530625,1.2,-0.15038030565836968,-0.45616791554184294,-0.06710951789311419,0.004617221976614382,0.9848028051224228,1.0335359891341216,0.7907121365527708,-0.04186468071977122,-0.633771835222283,-0.5506237089651528,-0.16540382966137565,0.8931935927436633,1.2,1.2,-0.0915440128550521,0.4712865809627377,-0.08485646578843688,-0.0950921586495889,-0.15984981286907066,0.2195797927972431,0.5775468369967149,-0.5654812961509749,0.14699135055724158,-0.17672514591391258,-0.3125923931289082,-0.22161517724573532,-0.09942400818690988,-0.7269116873960766,-0.1503558030022054,-0.20483261390152357,-0.16611974556627204,-0.18672853193435338,-0.9121773012806726,0.23204213294139403,0.30280646327522337,-0.3605133342301868,-0.05892159031483335,-0.10984543119175333,0.025693606212038925,0.1536703593881253,-0.25038187262775674,-0.26521779131969825,-0.20702891383980343,0.6801930578903037,1.0542882780893266,0.7958753960973325,1.139713269074301,1.1097477573472236
real_0144,-1.0,-0.12376350112686818,-0.19789175617388588,0.09715208623786899,0.215884161576219,-1.0,0.1651012430608843,0.44205261570301535,-0.15495810979735866,0.2970707004010737,-0.1792709366422458,0.23707453669755085,0.16889912483538494,-0.2751777987725637,-0.34612583796832563,-0.2009151671551141,-0.03947777382806515,-0.16404486964622172,-0.3914511491082664,0.5287528293871284,-0.2825146429096098,0.378514999014318,0.2800087874755424,-0.11262080758448077,-0.13189434974923794,0.3000382882250603,0.6099786379965756,-0.1131207102492121,-0.442186531556812,-0.3155660229518725,-0.025408868171325764,0.7305491907046061,0.5649641377155309,0.06510886096240567,0.26485100969982694,1.0224004952190935,-0.47091358645469805,0.012049878113259386,0.5980670137867098,0.3890529931141989,0.49855099931455876,-0.08268312925375505,0.290211616713437,-0.31329190285297837,0.4580523462201769,0.4846379923728597,-0.19223687096898978,0.030479452517122866,0.21589563952083798,-0.34131065425141505,0.7864044047143449,0.1785069640186409,0.03797101928112232,-0.29788586040189796,0.3180353087662319,0.5746803743591262,0.6032480207050117,0.30974870131639853,0.09788693891327095,0.3716588843211956,0.4877000975674238,0.535708155324875,0.1392326116819735,0.2743100610884612,-0.21075687087934108,1.0401567193515753,1.198099248329225,0.6280329186908742,1.0203851774745314,0.868321152013448
real_0145,-0.4043694184026361,-0.16863801735630743,0.10471424837284922,-0.3600359526131743,0.000611806181321189,-0.2330045302630107,-0.5591461122526409,0.22102984058225583,-0.5186516559832907,-0.2423119523283324,-0.29369368999895024,-0.07703568697246636,-0.31886124094224744,0.13439050020398607,-0.30969751933301165,0.7028374937970073,0.17199263183285335,0.1136580085051522,0.5385785237568019,0.1953036364867136,0.36572423863323994,0.3488914826331422,0.5382082927776763,0.24333687564403983,-0.051219152346938766,0.47631695067446095,0.42427016724636357,0.13859812800127128,0.12811930006877878,0.12581729055126914,0.5522687153800373,1.2,0.27773856672085623,-0.1140015566214642,-0.18212997745641973,-0.3152380797280489,-0.2707828357196012,-0.04798526169333021,-0.3179909676340502,-0.5312760009632598,0.5096219645868539,0.6109555534168506,0.019400968830364303,0.3733034594284297,-0.04730112163906638,0.04144375630301326,-0.04347747694964437,-0.2194247492709197,0.3755575400143981,0.03939951074775998,-0.04277513167281748,-0.26032879043113716,0.37305492907031357,-0.0012200330643931387,-0.1771010691550395,0.08736748722666937,0.31107695738976465,-0.29672432114430214,-0.44812145468359604,-0.12035936407696304,0.3455873926399889,-0.1501137860485552,0.01900039231868863,0.2383581139808187,0.25759272296303004,0.8780588357034511,0.9485820773703431,1.0198069642014402,0.8475353083944696,0.7419007451112881
real_0146,-0.318927163721179,0.06494513753051774,0.056966625986375606,0.06824742356379944,-0.1598895601679162,-0.11175540206054983,-0.31449941174464063,-0.38067402137621426,-0.30638288804319314,-0.299802049909297,-0.47303294477797,0.24501078695654313,-0.32159613445638535,-0.35507488824831435,-0.30230288312720965,0.49361102901101633,0.482217111389087,0.8798576695176461,0.44367519792491394,0.2769791392319577,0.16669802262069316,0.051751631981082215,0.7423911968035249,0.8442418755459424,0.9180686214682924,0.5712873133550714,0.4233700462379679,0.2702941947653099,0.11219971292137008,1.0756485634224808,1.2,1.2,-0.12984700556575735,0.7562361626721933,0.4326199164965757,0.307311606402517,0.4210893296416919,1.0852510981922672,1.1002689446663247,0.7891821186935128,0.6893415402179861,-0.04017493385824114,0.10985187479812003,0.9238820259841078,0.7222708942672262,1.1093747651283026,0.4851605631405418,-0.3574347155334512,-0.6970538001172781,-0.4252684099634218,-0.5835087144881508,-0.3138906054170707,-0.25986772769897737,-0.17446669001119317,-0.012397660298749327,-0.4541059395473199,-0.7881556810692987,-0.08482310973024373,-0.2400881258292704,-0.4697973102152946,-0.7393388772955047,-0.21882087040933826,-0.6927067249949037,-0.517640251591807,0.12983415575985335,0.9376964109730472,0.7784713274731403,1.186167645270106,0.828158796284886,1.5774611055225196
real_0147,-0.44658456374970484,-0.4522806424382717,-0.26577982699934455,-0.2579338044337939,-0.08343033169551371,0.0029045539428340108,0.36873021041275666,0.19914762048792756,-0.24698261018604611,0.4557293709745282,-0.16020803652667784,0.46761943798043737,0.3269047010147024,0.012409372604866499,0.04652253058538172,0.033758593319373156,-0.15105774598300908,-0.11699466684874368,-0.003995635522448124,-0.8974453987834885,-0.014473581030235941,-0.5898216736119283,-0.37784723553304805,-0.1491648770501831,-0.5364195015524278,-0.21692343234574568,-0.685501540501003,-0.5674566356833981,-0.024985557243940873,-0.7248872200205192,-0.17814001934939908,0.2825246626506948,0.5619227377262628,-0.2975825242547341,-0.16023948726318343,0.2424286969145707,-0.3424985792162025,-0.03400836879784961,-0.2491838158770182,0.027043769809773095,0.18070877357802517,-0.4355096152319886,-0.3146337339197662,-0.38421468940111103,-0.20312214734616682,0.3349213479792076,-0.10000344324346021,-0.34382678243384673,0.2320551205631816,0.3559959689036219,-0.5768704644536449,-0.7159362729819388,-0.3681764476456207,0.15889566401504174,-0.4506819082842808,-0.29287059258007087,-0.09887678832641657,0.13418187598905312,-0.2384039959359086,-0.474427292436331,0.19935531911782275,0.23093658662506752,0.20924611131866616,0.05140718148993046,0.034195888884716134,0.9081854801410287,1.1600833624857974,1.359518904486863,0.8924674846193955,1.0817108675970057
real_0148,0.025843000211115952,-0.21660183217939669,0.2520411591755534,-0.04197131242332645,-0.08177506132040713,0.03380022862733151,-0.17620018117431524,-0.8058501719930077,0.43104909249463524,-0.19740724005501795,-0.2008719394588706,-0.02144905927016214,0.22930398468969374,0.41962488305071083,0.04411045586228492,-0.33047907901071727,-0.4253491952130507,0.1768239772319188,-0.15355924046499447,0.14163468522032668,0.7718377387723097,-0.031156336152109956,-1.0113106482284178,0.10173719603184436,0.7100158083978231,0.575624682857166,0.25959887799804127,-0.3037038419288236,-0.23093621297123812,-0.6124959392373797,0.17083508881248557,0.39835905584076514,0.7481425182462532,0.29766206660778777,0.3679612575626727,0.3284324832874405,-0.07656069110890473,0.027108764364391046,-0.6860864623772798,-0.09147163842288034,0.9831900284555132,0.7352844247180179,0.6192782183944426,-0.47314432972107406,-0.3060633444613588,0.08799655406635441,-0.18796127701815415,0.5464028479258392,-0.1291639753110564,-0.32936729567026335,0.07993595306867236,0.1887385034356611,0.12951191502117007,0.14906449628615356,0.059921279848587236,0.006168312624680166,0.08575150031293673,-0.0853890129412786,0.07982553891451244,0.12958375397323194,-0.38695058314559233,0.18713406050527076,-0.035315028857340974,-0.024881623705532346,-0.003618648357070243,0.9788813670375422,0.9502767741854118,1.1032595144202901,1.108518892658392,0.8169286546494811
real_0149,-0.23457219337702095,-0.2730019985633831,0.24173793360297127,-0.31504786386786554,-0.19281073793678152,0.09941660353302477,0.08226005246742495,-0.06386952330836307,0.1763431815866518,-0.013360538940120025,-0.25897692831618596,0.1433674699657137,0.2899365966766025,-0.34227793430952747,0.3949584280960845,0.06834049553823529,0.5790966057877925,-0.48513574674348475,0.27498487356303436,-0.3367921445069499,0.6865748050059104,0.39500242060440627,-0.14057122974216768,0.08116838186655195,0.10827139519718484,-0.048375206524586205,0.042599444653469216,-0.10421774828123488,-0.16969442754696362,-0.9591596139400299,-0.1586918499913597,0.10012174282659757,0.5912701078576966,0.5616690937238838,0.3438611765211578,0.029942632575292134,-0.22622800046041278,-0.18218624571537165,-0.11517667370584882,0.377187438173494,0.23311141091027754,0.1998285774141838,0.31747245604851043,0.07925211537865859,0.03518045626721651,-0.008322239954095558,-0.6272232624142784,-0.44648364124387396,0.02300971306365478,0.5077266735538187,0.49444386910661375,0.006657173677374821,0.09081677274219595,-0.26025123505657044,0.2512090922616647,0.2660048142258388,0.21975299084175726,-0.21743130002922867,-0.05157401818426011,0.1584136164404851,-0.23515396633516808,0.16699321189653268,-0.42642724161975337,0.04056552096060734,-0.5043951638938252,1.1598970346181465,1.1671888666866066,0.925656660682861,0.8088749665197204,1.2289825755698995
real_0150,0.05549517048671423,-0.15286404152938446,-0.46815455266266987,-0.816359250035635,-0.29024990338060047,0.4202549829115976,-0.2007224054355467,-0.4601236159189301,-0.7872588261172345,-0.6436807486535089,0.1406693256797173,-0.20772785778855862,0.05253230123159679,-1.0,-0.03206284265558476,0.5464150800428771,0.8817481805225408,0.7636418825105827,0.6843963714100911,0.1170431276578991,-0.11961330043454747,-0.5367348201848425,0.3047843460184752,1.2,0.476195619103345,1.1079035596885178,0.29484436324562696,-0.32054720791161945,-0.1786373915142905,0.019757179942317127,0.8624857042421432,0.23655807517317157,0.9440370353652311,0.5248649720873343,0.3922512781666354,0.13748389928317836,0.0013757096131517194,0.2217877935852979,0.6455140311016863,0.2740201985545935,-0.25043333972879767,-0.5497554605527774,0.28522495133316805,-0.5674945434439886,0.4881392032317481,0.250722493919769,-0.0017432128850801748,-0.8335387708759825,-1.1054218507103246,0.28489871103943326,-0.0020625834952513263,0.6582595383387049,0.594986944538178,0.2618589970888842,0.22349992438429073,-0.4206264561785602,-0.27093069154684757,0.24895547360808218,0.035524299227428134,-0.11756901494519426,0.3191762525472439,-0.32837499908522744,-0.4610676236487864,0.5628605178341284,-0.10921289225818372,1.0235572851168018,1.0575065669773707,0.8213738756830274,1.087502449723974,0.9727137121096664
real_0151,0.522742749632274,0.16933009716263134,-0.04442187654122525,0.21334234836475877,-0.31811342681729815,-0.4016729035309402,-0.0795854928530227,0.3179081177988616,0.029851092384968924,-0.15882582833924294,0.025195751847536644,-0.007595909456370157,0.8967788843430899,-0.01820262929317002,-0.0453797663939857,0.6713993364862884,0.046501108615230484,0.10886672184808772,0.7134517066524935,0.21632722648425165,-0.02635871242863444,0.612659626182617,0.8891258521024439,0.7814084797904745,0.009563484082106735,-0.2682435527688611,0.19364569429840262,-0.17051684448229984,0.08954289817270084,-0.22520944407164462,0.5146045406142165,-0.2997485858642603,-0.5607672812276436,-0.04073362570950717,-0.545416407045789,0.05616295922166839,-0.10721348323694317,0.30648777728478377,0.2135914747359527,0.1504913428418356,-0.4893219488808345,-0.18580307593979772,-0.06519154264258545,0.5346656954279777,0.7053984975567292,0.13850169279976549,0.36243200002604625,-0.5665891538989526,0.13621611919379212,0.1699843850184756,0.13293665573950872,-0.08252155339860347,0.1469679615186311,0.2790864517216759,-0.03761225528680871,0.02873653447914205,-0.25716057276124765,-0.320813909846793,0.1464840202092115,0.22400312613212484,-0.09053867214291043,0.29534855551771744,0.02547726530043031,0.07683274451146854,0.44113995458080174,0.9762047744441967,0.9803293704694983,1.0022902583341309,0.7516488942243215,0.9367796384205422
real_0152,0.12060241950651356,-0.13628632497377016,-0.1730407337157182,-0.23917331344974702,-0.26509227382862227,-0.12596132208899022,-0.4263177030849515,0.23493741052864017,-0.6010934718729563,-0.07340548504891113,-0.5588919430879877,-0.4952170306594147,-0.5043734992933386,-0.7021976084952863,0.400219827577728,1.2,0.619904927072945,0.7488052097913267,0.09917037301205142,0.14407831423687742,-0.13931372673562945,0.4558504681131937,0.48773177910512094,0.7804401298677806,0.21715411681575517,0.22275864874017834,-0.5288147492405295,0.42966729813180227,-0.1358635782925886,0.11790920763125579,0.4744821624190447,0.18360424535695702,-0.3953089703444281,-0.5064402891870576,0.13377419482411082,0.5616288283540307,-0.299275770334125,0.8420583731557489,0.4700552236480449,0.03985643821645356,-0.16195689637376098,0.36427061290415147,-0.0515180376089079,-0.17890930782367184,-0.28082280072718363,0.19159267092011023,0.7581670890291232,0.21168328084994315,-0.09365900572192415,0.5470405159431162,0.10009979060720106,-0.21381106110037218,-0.21663097245557092,-0.3137208596493674,-0.06018680749464928,-0.01045888040564567,-0.05669830334888424,-0.5544411449641823,0.05644145718355811,-0.4568690524030824,0.45641698801189823,-0.3172917708018706,-0.5558046852735938,-0.34199579936628177,-0.4612290482599834,0.8446519370761283,1.0523163841069443,0.9401470592229487,0.9591862831122302,1.1405682179786234
real_0153,0.41575873341043673,0.668906131627488,0.5507321202342331,0.4937679130468641,-0.02848670284455894,0.03440426298524158,0.24348156299368667,0.8241532126686137,0.29055727336348924,-0.20715807462403701,-0.34272258586991305,0.38358367887324407,0.5784421552614685,0.4570866772254198,0.28987325328710944,-0.2674124137116364,0.276609836138306,0.43578197618984,-0.11607215592488913,0.27447592062579723,1.029105396252554,0.3726863984424299,0.31966294555820773,0.6608830754305484,0.20118239731411333,-0.07806909508965097,0.2143819923460233,0.8685740585786275,0.8302932836343474,0.02334767660877158,0.4271869743297358,0.26509986621678755,-0.19556284056821893,0.30624385408109406,1.2,0.6316677902830333,0.34220893364899063,-0.19097611048576416,0.28129634358920835,-0.00815212769891455,0.3734696508805864,0.15863716533497094,0.4028776497536207,0.237888761760933,0.032286493302661,0.3041477224067883,0.34695938806988275,0.33485018615163553,0.7095934545169135,0.4435986798938155,-0.6235203722107633,-0.5904450509312997,-0.11047950469490975,0.12857228409573615,0.17346268799856115,-0.2352541339081053,-0.5051720833444439,-0.6226630970155389,0.5617811510905156,0.6646546905940678,0.2909721873810181,0.1001684292181546,-0.0272073646557337,-0.20144994628709628,0.26698369811364725,0.7487975582943465,1.292651884018945,0.7969864188542368,1.0219295509148016,0.6770294329420775
real_0154,0.03806649757645318,-0.37817379221873915,0.04670427170159749,-0.049171144336097136,0.694877369526286,-0.3493104840582566,-0.2890040057654901,0.2501866260851203,-0.20486959962842508,0.3044153671524866,0.15993938741804917,0.30931646298967586,-0.1095695074544571,0.23343880882013288,-0.022372988079838167,-0.37324579114702305,0.3744173719655864,0.7724813085356247,-0.3756688622283457,-0.5277119346410285,-0.7556097353606581,-0.5128893067634387,-0.7902596698021593,0.2999218351662968,0.051540991794716016,-0.21871180641736668,-0.5529493722525,-0.858158374472116,-0.47362126430158497,-0.061764365203270825,0.5528894487988503,0.2491299024072465,0.3567375032055463,-0.23753914906930035,0.034940290011383726,-0.4362046304034724,-0.38840801360515786,-0.4612740458166817,-0.46041224758142935,0.22478951444708178,0.2097250054528618,-0.4176830309318475,-0.23271505190429972,-0.5675098194895981,0.24713086739116863,-0.2194156849503347,-0.36982477165271915,0.2168775911574398,0.33006467913419885,0.3306157244714265,-0.30905282345595847,-0.09134556344350492,-0.43479495394640805,0.2069368721144583,0.2020499007211553,-0.3219494839478756,-0.15567495452491617,-0.28292595698288264,0.5441518583787086,0.25736024749663006,0.10864309619922666,0.03245716794962639,-0.20263860777750844,0.7296712750251976,0.3275140094149605,0.9270538136390004,1.311547079358063,1.4097511301726573,1.4890260290117834,1.088156800979293
real_0155,0.5116756361853888,-0.1302451048256472,0.2108911546545146,-0.4134116910016171,0.2989125135828386,0.341738626356774,-0.4614819895812601,0.18562039453417886,0.0948486056159447,-0.014791436818405045,0.3006427796592285,-0.21174348181812108,-0.16789788298065947,0.2893267666715127,-0.2617047192753854,-0.5613706621879183,0.11373882937390907,-0.5472209637032749,0.36557781041153925,-0.3321783656688662,0.1892100537655349,-0.2692164531552542,-0.19587276225569192,-0.47199586315545344,-0.5892937090567054,-0.10240813576365822,-0.282760193852509,0.17701126165003084,0.3079772711016628,-0.7304361476681804,-0.5138563967893307,-0.06902393685881446,0.809784272684973,0.724232659248504,-0.24656146632259227,0.7340689725593469,-0.578332513821824,-0.2296490584935446,0.003077688362591725,0.20848563148320173,0.052431089376978185,-0.015207892043788227,0.008705872200526744,0.16049396781729702,-0.09404912218700247,0.05339227149678796,-0.03499650723960913,0.14246164067587874,0.1069130208677854,0.26716521298684653,-0.31747040786195907,-0.31609822328376574,0.1339340023525546,-0.07426903562343488,-0.18101993697698274,-0.1474038033356657,-0.2762261965306686,-0.04979345599388132,0.07305968321590914,0.31343574775556676,0.22450314836052943,0.12597583321296696,0.13905864324813708,-0.2708674170232849,-0.1590684605734899,0.9919326173772519,1.0104071702699169,1.3570336804144263,0.7245368688959265,1.4782387019329382
real_0156,0.5103743013614972,0.6392097447000394,0.12299060738152608,0.16903080249310612,-0.24836742823022925,0.48414845661572553,0.33253249684817054,-0.0472675898573518,-0.42646511491788097,-0.28312584247396066,-0.09738766821994761,0.0715454545875274,-0.6861245629831949,-0.261661602308131,-0.7192083686351545,-1.0572097416276183,-0.8424101528492863,-0.22098378950790862,0.9743398390283808,0.10100786557848937,0.7048835464950233,-0.6861174194439549,-0.12389009314012116,-0.04422170043035217,-0.01602784159079506,0.2798483083497617,0.004307042002129385,0.03230793583214776,0.30896413217641483,-0.19434482295623554,-0.03757298298279141,-0.5791322239986605,0.21253045427968917,-0.1794121596127892,-0.3501941042651962,0.3493356689688831,-0.5940545246254072,0.2344721725422607,-0.24142842854303262,-0.08524135932908558,-0.16665561982682778,-0.11136794797465414,0.15525747829191006,0.033588474115121614,-0.16276987608017782,-0.6508869314981304,-0.5153110451815408,-0.22334550173347992,0.14960307101602932,-0.09031367247505698,-0.059113765530548486,0.5631706526210827,0.24930606369696184,-0.3934306185205772,-0.04378825405982722,0.16380066576367955,0.47938628275337564,-0.03467038770171689,-0.44999484472647094,0.08568251293526896,0.06378681234324599,-0.08243229499909167,-0.032373429552251066,0.02168880182588933,0.21943291358430927,1.2651894870369824,1.0240285889975613,1.2272097367110857,1.2944029132980268,1.1165444155493276
real_0157,-0.4195923019587447,-0.4914590208422243,-0.14356755783506117,-0.36100397685382596,-0.3919475575400075,0.1982502253890313,-0.308457303483767,-0.22513965023283292,-0.06526583958753009,-0.521671768635893,0.3989183926612484,0.0027233551145734182,-0.15739662614117939,-0.6520179727016201,0.008417198353177056,0.052679761486551964,1.2,0.577924815044531,0.8432147245959144,0.02227303300555021,-0.8980976098782324,-0.10230971452642963,-0.2561471404959048,0.5587292011804043,0.7969613922103468,1.1144681097107574,-0.2548885307203579,-0.5973483538430313,-0.19370072701357383,-0.2940607049288678,-0.15022112324509096,0.7768673611881795,0.4545029197529413,-0.4621689671616486,-0.3927837703213155,0.13718578795580183,0.33746851047078114,-0.20917290269816816,0.4353628264713194,0.760437537886273,0.10792179013871854,0.30198900174188165,0.16632608516454833,0.26054246501316375,-0.030650230551455812,0.5613836953179641,0.3421797825073405,0.07635367296268537,0.33010179209119767,0.2954980244164143,0.16808395225355502,0.13044482885350855,0.054560564979087595,0.278085688460912,-0.06563776523757936,0.4858852844895502,0.42165172651027855,0.516772678027517,0.5656391889771508,0.7374696274417666,0.6599600927315645,-0.06376765783552986,-0.34302888800849146,-0.2656767155951969,0.6432274318137682,1.019541178220933,1.161436023619958,0.8158299204381745,1.029968482797456,0.9059469740541339
real_0158,0.3188207461398126,-0.3091573081803854,0.2594250710259869,0.7260457089391115,0.38776389969479014,0.03797224019700766,-0.2640439618806962,0.07278337607979425,0.440614907620687,0.7219167564927259,0.14800935927096773,0.03159709304863562,0.15574498925079733,-0.4668227948135145,0.31827064828725793,0.4774585647720702,0.1805241755061,-0.8023626991894509,-0.3954568909073409,-0.4366568376932511,-0.36101613569353974,-0.05403946965829401,-0.02422554803397762,-0.5492625051522776,-0.14639297274240923,0.04086500668963131,-0.31861056642285224,-0.15304992760645908,0.3304903304561827,0.28043719602286943,-0.09844017632637342,-0.353537062579874,-0.6143811935457253,-0.19389123677842857,-0.17066761417135742,0.5669992360312296,0.27898307766439284,-0.28110978698703304,-0.5049410967811411,-0.2611563389178012,-0.4318574686435208,-0.4557732520407135,0.5077193163816923,0.03724144285064587,-0.019551102683151012,-0.10459249857919295,-0.2711226923926208,-0.2600737044327057,-0.10980900902193418,-0.08659117008533854,0.04517765887898063,0.23057540553949135,0.732982418903053,0.5806469082215214,0.15788475085138623,-0.23137729359232692,0.07529441337974871,0.2611850884572039,0.6045535022477481,0.6110584376013396,0.021722228314323334,0.8852771449961024,0.113442186508523,0.3986950340397404,0.47914123719218366,1.1474109266534587,0.8731508450848979,1.1710038648594558,1.0822343836031927,0.8732236798929395
real_0159,-0.40545073696189265,-0.07150402838067309,0.25994279621116945,0.12860522247372524,-0.08188245815985058,-0.09298968738727911,-0.23654160118640016,0.2361309070341582,0.23088681562910318,-0.07745082572084984,0.10566504386771643,0.48251283827799185,-0.10578966107536537,-0.30545831272008295,-0.7704022812554007,0.31529465029510045,0.1972532039888887,-0.22653392041678325,-0.17503007273166157,0.40288149131799345,-0.4559937917161172,0.2565261528183954,0.9462557135612346,0.17339459080973724,0.4897097176703245,0.10252753938827885,0.015285003829589866,0.25845804267460276,0.4875502474518451,-0.27454426627669853,-0.2633831533947896,-0.21104235973422988,-0.5092659248192184,-0.48648714978810165,0.3370750777256882,0.4743872502651633,-0.5958047905137154,-0.7028486115783181,-0.16859343384437026,-0.19655595146530228,-0.48017439675976303,0.08943168430319312,0.3969606545226398,-0.8257508794798543,-0.5931959679101114,0.10945695158665246,0.36885422044456573,-0.3442706699517995,-0.5416744064764994,-0.3204260178190609,-0.2977789090855355,-0.15987197259599192,0.12428900001897032,-0.062388369085592026,-0.1452656607185479,0.07615223584585923,-0.12110592404235591,-0.04628437876199867,0.4120865776468725,-0.18578970179755736,-0.6169200496639309,-0.3025199194027547,0.3166899738764967,0.49138924601625894,0.12675315951937094,0.9251056602191272,1.0499605558927383,1.1279252818995804,1.023669582677641,0.8974150066637226
real_0160,0.29742854521315026,-0.49337416734899575,-0.13168273982597417,-0.9579073827603495,-0.6165125283901898,-0.31347805517843824,-0.1533832459604033,-0.6328664536340026,-0.6288075864280919,0.17598437869880726,-0.31190538864075795,-0.20895173022655328,-0.08198990106050678,-0.013191019720529853,0.035838294523470204,-0.26021909953915867,-0.47996866357913676,-0.3692725449811906,-0.6022178849338967,0.3347689931617588,0.5476017033150713,0.32065420669033634,-1.0034799490195552,0.23153971451143474,0.28097662431314985,-0.013585706271139126,0.10411160858850385,-0.7295110702256672,0.052143039241018485,0.8362107947842701,0.3078300758603851,-0.15819308203828342,-0.4662480771757441,-0.3491314193573808,-0.7522851134875754,0.5838146785354804,0.058091629230395986,-0.062148168140705964,0.27110971604424566,0.194948143494636,0.036310317954096456,-0.7102489573621268,-0.3239449320748883,-0.35965310190892436,-0.19320807596109574,-0.42966927937658156,-0.2281910308781371,-0.4549359153476014,0.3203503324683087,0.14517015203161684,-0.0732147394418102,-0.1227114494134079,0.20976391920308848,0.2546230586852903,0.008297837798313938,-0.3954689010215452,-0.28306073420986255,-0.25863499946550333,0.030123743549451187,-0.3791969921653238,0.05646672137022887,-0.028393008609442664,-0.2978892342282874,0.9200302982401223,0.3244754884574737,0.8222584350374463,0.9961205728069216,1.0885091248408105,1.0889453636390467,0.9365093304880547
real_0161,0.07333091411719303,-0.3893718670508523,-0.6420597776633991,-1.0,-0.0785190411584335,-0.22925713179663731,-0.7086243462157923,-0.24113840460502517,-1.0,-0.3297609955033528,-0.3090270157876195,-0.3643825881066899,-0.13041389399690198,-0.7221902316114808,-0.6417475033113798,0.09005759782629995,-0.3939553452562923,-0.07134427777207357,-0.6673106495551736,0.09184788056275298,-0.5490767161043882,-0.1349172349578427,-0.658032504017582,-0.02632342169051025,0.3211684597249888,0.5524444554958774,-0.07792528577571596,-0.34356467730146995,-0.45299642467439954,-0.26015383290320215,-0.32372708130044975,0.2088666549926906,-0.008688894559163053,-0.12525135527381623,-0.02187292537531378,-0.2211822887789487,-0.10958612831747257,0.06365982698669104,0.5016070398219384,-0.3397329707270528,-0.3491271878356321,-0.14359587404035548,0.15252153576273303,0.1356758214060435,0.11353347314685863,0.22033127419023874,0.0560691875350628,0.673658545299118,0.4666882313931959,0.9579520444270763,0.55143352175962,-0.6100732170215654,-0.21047777199239848,-0.3224921051603187,-0.5546858655415591,0.26228862273567694,-0.08749073863142726,-0.5272620644910542,-0.3353013872747787,-0.2606428917933223,-0.36158528471599455,-0.264020118282449,0.9639372978492559,0.18855273619288404,-0.11200942715108844,0.8552324856651442,1.0470862317186331,1.2499330534087554,0.9692629791275964,0.905548366810432
real_0162,-0.06573368119999777,0.39447685779201636,-0.05017439507555523,0.13203686699690792,-0.33727938354917086,0.22822553020709918,0.18930313992234088,0.31691063945629483,-0.21283837247506615,-0.45231713766349824,0.05099308283074811,0.218413637499191,0.5983904499563117,-0.2065907730545836,0.02565376662670768,-0.22438634280384417,0.03336936466372532,0.05182132045123841,-0.9714963259018462,-1.2,-0.9164599714073546,-0.35787587972618967,-0.5434607845036501,-0.3970512172421565,-0.7428439363761856,-0.7054915291744863,-0.4437970037247374,-0.12327713708730849,0.11210379421234057,-0.4252992444257224,-0.2191101491217406,-0.004270589852711813,-0.0790978142204326,-0.2652580130956159,0.7552672495758112,0.5964097200292636,0.45539228885528077,0.34769665857787035,0.0818823620364281,0.13199815913091026,0.4986740836463234,-0.061809649075486965,0.22871131878153347,0.12867978659026053,-0.003614309198609655,0.07478344724983071,-0.02583165523608591,-0.18450105769028907,-0.8931395181808522,0.017498175001879557,0.04713065272059048,-0.11902096587236854,-0.012794012711863166,0.17840349329098643,-0.015778118521968486,-0.13618631121416472,-0.11452636379005628,-0.14784797697204474,-0.07174436535127025,0.2927528855628784,0.3238029198865286,-0.06615990640264419,0.5507212723686182,0.05588479087366369,0.04440790417245589,0.891216090319637,0.8749946791075891,1.1270742285722555,1.2908100362914916,1.2290778602686416
real_0163,0.24417612255466054,-0.1381684419104183,-0.05939194323840548,0.003514428256823317,0.33526816374302154,0.4254386595996159,-0.0011489000459991216,0.4786823162108903,0.061417594176988693,0.05391121818827629,0.6266519006439345,0.1832930605137501,-0.10698439800071657,0.33763917742359645,0.21274351702630714,0.1907365524640035,0.7307565541847503,1.039325273811789,-0.1642790427351952,0.41198832112740585,0.07206461334198777,0.030538236092884488,0.7845673500537921,0.4802532724362606,-0.0458454546152644,-0.02429758750831904,0.4421341121234313,0.17824753811287355,0.3695333318028648,0.6898896095774668,-0.1486616870767307,0.00469779441379987,-0.44622072630134435,-0.03540490742322369,-0.11299338289302051,-0.17740075514800321,0.4008344069211982,-0.10205179267519182,0.16426899650336493,-0.15826922107862104,-0.17343513490463738,-0.06201582904024239,0.45893594490210676,-0.3158731614733625,0.17961811085115767,-0.054381658336748795,-0.8336444746584162,-0.8637624627949734,-0.4569369215018785,-0.18310376144449364,0.0921053258016909,0.6481643729602417,-0.08543631742959815,-0.008704939841927354,0.43076101734126426,0.46912894161745994,0.3326372583313027,0.2968109883223684,-0.03130438748126165,0.28733673694759226,0.38807497457470147,0.22222924377894668,0.014134118064699533,-0.048813667326351666,0.03303962219912194,1.3192704598652747,0.7615648760036546,1.1480028472608672,0.9087057711550555,0.5666977241977542
real_0164,0.2723244709436106,0.2380607036676285,0.29047108353065026,-0.3435835348372368,-0.16598326562720764,-0.04212904173313512,0.2324070529792743,0.24677691377814287,0.01977486508909007,0.6712113482197942,-0.12826516824095546,0.4280828539220362,-0.16912070400532156,0.005627705247505911,0.3081752158651178,0.3330398779157918,0.8583669234805897,-0.35667703704724857,0.2578807294942444,0.3856605864201299,0.35072111993992255,-0.16659575436935653,0.10615896980118392,-0.11968132295846348,-0.334913899192747,0.20576609403250787,0.6507019529605702,0.6474742296337523,0.018189594437568114,0.40799744642598385,0.21271835434402936,0.09245327938303674,0.04989071770594505,0.7491260120099339,1.0096602021829548,0.0032610703858794872,-0.043486148160996184,0.3470728847649784,-0.6708591714886076,0.3282112873376639,0.36850923918298334,-0.23337454849973266,-0.013071297763236673,0.7573639392895163,0.17838534969929765,0.32873556836235246,0.8883880504274487,0.8210303766367569,1.2,0.814482149813311,-0.17910691894694364,0.041683876763486054,-0.2602758924005501,-0.555938805077615,-0.2835741139035503,-0.14606286644962937,0.799854602547395,-0.20967717086454288,-0.30516195336765606,-0.23080318653766316,0.29652759235865933,0.7395230441721495,0.008312971773908356,0.17011674034370947,0.2051859064447824,0.8767919981163421,0.6890524846013062,1.1273812566744421,1.2264469144358496,1.2155000126030335
real_0165,-0.21051121614639218,0.12481419355316231,-0.5628887978565138,0.08960586602411214,-0.28542447949019456,0.3028961924520298,0.25053390585306917,-0.9875740001605199,0.2577743761078874,0.2614780909721874,0.2567807118532649,0.18501337306596094,-0.20543348030747663,0.49479451459885326,0.29781889625726965,0.17229698559092804,0.7583548120377018,-0.025281520872219198,-0.08318040384414764,-0.28921509338913914,-0.7722209465646902,-0.07581862715879965,-0.26129230747817966,0.4641642454520526,0.14271853592040123,-0.2625582164951512,-0.9339659176142477,-0.743850777014104,0.14006871140118346,-0.6212693417931805,-0.12468619943248634,-0.4723338896298026,-0.6400433829068695,-1.1244501153719322,-0.6357356726932447,-0.3890651349330735,0.03922974403645048,-0.3475617951288795,-0.2531495058916116,-0.3544143141374008,-0.5624868346333171,-0.37406788669238467,0.06824007512640742,-0.47628082425120233,-0.23027920106027513,-0.535690300708961,0.029997185787165752,0.25352588072748516,0.176714649927694,0.0785583576095983,-0.0009732011447274913,0.03191580587054545,0.00971787569220485,-0.1048584725971273,-0.532894639617765,0.12832435328283096,-0.2022223386634006,-0.6205323965524986,-0.2012382498407992,-0.9349857157759911,-0.16559774149774692,0.04242232403348052,-0.39683022917734445,-0.3811764683281257,-0.23291782588772314,1.1257733805604517,0.8323923830515588,1.0681582816004211,0.8711265759573954,0.9050783687143598
real_0166,0.1825652249683921,0.044388621780645406,-0.05715380012512237,0.24045003448568758,-0.23185165183876186,-0.006457426287945444,0.25044194096312056,0.45991057612149977,0.5393886934309994,-0.07051276837443919,0.12974344563919252,0.11155282937769645,0.06332344578389928,-0.06459532992193942,-0.10371194336615709,-0.21371792804878417,0.04998024236405233,0.3754557749005873,0.03743909780219437,0.12838791392264698,0.6941500167625082,0.3124597996063972,0.4423087524954549,0.705308798581089,0.0031602902713249816,0.18046150428446062,0.19314227495183647,0.8497028984107082,0.18414651738168328,0.20744072989543125,0.33264591329060744,-0.09633418915318755,-0.37078697465137805,0.12661146552532068,0.1876591063234747,-0.48167689368615035,-0.2310671669510724,0.3433141746815332,0.48789227969415394,0.15409672980585024,0.5192396006647777,-0.45744642721484724,-0.42868201888239577,0.53676404368961,0.8195247287024847,0.4682831173848991,0.6963656833639239,0.4804785873751515,0.009532388529667703,-0.08665142390939577,0.04751821701593155,-0.29381246500927777,-0.2240081336140333,0.030860699495643157,0.28067801073314896,0.1724928087086293,0.05301877282809436,-0.26376276917350006,-0.026041114060260023,-0.458045960611087,0.06271343239291105,0.19122361735975896,-0.1482573839583076,-0.1459872604321778,0.14075487635760936,0.864560923286946,0.9311987072591,0.6432777740571634,0.9879496307197426,1.094236946423843
real_0167,0.9622675167647115,-0.18343186370175021,-0.10333482977130498,-0.31575168150191746,0.13075285476813497,-0.23849334905413427,-0.8008153853736931,-0.031637468214930575,0.12942616091225922,0.4427359357178282,-0.10114097282914357,0.07282138337294193,0.20968737189382114,0.5188472595435805,0.41074725835159526,0.4728872949782841,0.3262585538646434,-0.6955542570109435,-0.7323804532082636,0.14955040400504344,0.26090934932655463,-0.11539625937673285,-0.3883703891139558,0.0021306994302841844,-1.1727748436578187,-0.8029455361215777,-0.9006612407945508,-0.28954031872757463,0.11153206075525873,0.14586542146046527,-0.7528874507633571,-1.2,-1.2,-0.5097432467673708,-0.11097182423561895,-0.32957507372658945,0.4395593314792124,-0.5081347722829537,-1.1198383426509269,-0.974694745771564,-0.23401855966521945,-0.037683821118278525,0.5484321341195139,0.29460497151784415,-0.2216594762831288,-0.13200015452721484,-0.8433744043404399,-0.8336788304593334,-0.5355029584364442,-0.1553939915328702,-0.6528421973888962,-0.1668672772884328,0.09141808154428015,0.12172330481580235,0.06687646527348377,-0.033874127641066495,-0.38178962158692675,0.07598658405817117,-0.0404355073545985,0.038776579870500386,-0.49639836059614717,0.3250631601652427,-0.027423320825911417,-0.14042607972996135,0.30660058512677907,1.1397359519311365,0.9560212620026858,1.0167242154821114,0.7856074895419561,0.7182530224497841
real_0168,0.2123647808247838,0.11239501527894784,-0.46742556809107705,0.4478807289002577,0.27876615501760105,0.7007980140581882,-0.22279003841104786,-0.24946960117587808,0.36470685058973906,-0.5978181722537604,1.0,0.32361650460851316,0.005304370150345024,0.38141095041557144,-0.053560462110800025,-0.2949963858928914,0.11265976974013574,-0.05446132445515366,-0.3256464655444488,-0.3587754959131943,-0.024004176722258574,0.5722138532907994,-0.11502718197803685,0.13567105216983746,-0.2566627598118381,-0.48955847882276854,-0.20695593963246497,0.44620069827808245,-0.2584236465075661,-0.19455884654361597,-0.4268812464635389,0.13695165651332744,0.23071795713727852,-0.14647147109443726,-0.1752136262596851,0.9176868356588636,0.10072922284591457,-0.3831522913672002,0.12152960278323251,0.4483755300574286,0.5865145973047836,0.09576482888602761,0.6590121638881922,-0.05281720487445068,-0.2578394697435363,0.2922619329909458,0.8629534849797688,0.478096512183975,0.7718920769767108,0.19872659158790631,-0.16580957814296227,-0.027639722933447176,0.3300434495489994,0.07254414798355074,0.06806528440428791,-0.15512190025646314,0.00824647884635002,0.11820143059312153,0.3001548234870192,0.41439217393551075,-0.08131540649211326,0.23703746561549155,0.07864440436980012,-0.1290902012428078,-0.5298683536183199,1.0577426449158795,1.2905846743644276,0.8887616082301749,1.091004744069504,1.332157766712359
real_0169,0.015290296547837288,0.08315101038043347,0.10810767550187282,0.050969028170360836,0.08241127518492451,0.47362327821713274,0.45218292805076277,-0.2112144863668133,0.32495622500903315,0.04424881452991439,-0.13786653912325397,-0.2615644203741406,-0.077251386861844,0.2502528159428399,0.3041623945315359,0.08421534894108303,-0.3144021195970807,-0.06097911041897152,-0.7514800687659356,0.38254135975852505,1.0965347810268806,0.4569554375276534,0.33922224446796717,0.12249941836331259,-0.5059476111518267,0.1589117803460495,0.47122482410198235,1.2,1.1519960508350244,0.19741944987950535,0.06596942331871102,-0.3015959160174728,-0.3141616097427888,-0.07349589106041174,0.07958834285932537,0.5599812634147526,-0.6212137006596321,-0.48590140028175544,0.09187084489180414,-0.6492343359108638,-0.1064312359567679,0.4172810262052724,0.6340575132089633,-0.29414265404719747,0.3598222914965623,0.07920199296322857,-0.21483441896962258,-0.7328895357876287,-0.3880070188738905,0.43858228505697483,-0.2756263089786414,-0.10412263315585332,-0.030418237311020852,-0.3737952117799863,-0.5995296282688034,-0.14129846922275283,0.17301749250813037,0.100060644761816,0.2802711799294561,-0.5120707674744831,-0.033695226759173816,0.11923962037844302,0.05970301022248958,0.32931312925692185,0.05566507682503128,0.9765043153512865,1.1658990054860947,0.7440318084719959,1.2890251913853068,1.3114087400429684
real_0170,0.2991768279083043,0.5967266397285278,0.19375311038346982,-0.2543927455238656,-0.7013800798415218,0.1750091433371368,-0.2170868787668917,-0.01669223055957003,-0.32273236023661117,-0.5639241363539695,0.8254943816710658,-0.46413842088484897,-0.6240343620772713,-0.529927112166995,-0.10167137142571762,-0.13545433042302563,-0.35931081505877654,0.4455157964664863,0.6533313652880841,0.22053653251212368,-0.14043441482802024,-0.08301289517929403,-0.3925339849781018,-0.49553217599637434,-0.18645421034360427,-0.10339056679415563,-0.09514124744857651,0.008384202805778498,-0.11334184079673575,0.17413145049932044,0.5186378330106078,-0.23826875447020604,-0.5633466631097641,0.29661985753612713,0.14103921018424728,0.07911893934332305,-0.23001900938135816,-0.3871669453983232,-0.3629967192433524,0.35622322215960606,0.10722604146828853,-0.3290071108216905,-0.1696853073618566,-0.6194402541226139,0.17016540028139013,0.3587312078894165,0.19050975765358658,0.38184115815989833,0.18044872386105448,-0.18852789126264966,0.2649723911197446,0.12510664204498748,-0.046094289599789645,-0.046036636907407606,-0.48105223583137663,0.41744893016394297,0.4428494647382173,0.06593523954093027,-0.4664905874520376,-0.7076172564847901,0.08973116669088113,0.18481321670216416,0.09157237882187261,-0.27552249456296657,-0.25041447710770554,0.9938856210796849,0.8556863325487559,1.3363633238601649,0.9845287640358292,1.2398976314375183
real_0171,-0.22456808880674,-0.11774175948738981,-0.22913208300201526,0.055360903738506426,0.030836739500734504,-0.6946037265082421,-0.0918910275062431,-0.18883711557366795,0.2505265709947626,-0.5306005044193505,0.313535251238021,0.12474916133343282,0.05168570505460646,0.2712764716447842,-0.01435854951558218,-0.4283401000348138,-0.3281160494966018,0.11675425167354539,-0.1666095697021037,0.6609020194633485,0.12196323191389064,0.40734968650778647,-0.14294744818330454,0.1241795317294858,0.7382319773347873,0.6259180730923455,0.3403187533208695,0.3065741294499732,-0.08689267809274823,0.4844633007598204,0.7697538521777529,0.5200223255194609,0.1190813909741236,-0.006800528756443853,-0.006551761854897036,-1.012887798583465,0.2962533438946855,0.25167053658053606,0.4620065807636624,-0.40751021899380957,-0.2447522332378381,-0.2780338423629416,0.31134802326148886,-0.04795461127613975,0.08471800074658992,0.11536488394433277,-0.4379187167889288,0.3037981316781225,0.5733210137163451,0.3162001003045538,-0.289919316042466,-0.11343769226432936,-0.1321788763997491,-0.07984146595379822,-0.13991899154158416,-0.2443064104116745,-0.06832807482145427,-0.11027193847116565,-0.2340241340879231,0.15649231399052188,-0.26686635882566867,-0.17627935058881353,-0.04359550678299378,-0.44118139512650084,-0.39244784669473776,0.9017818456855915,1.0521562678676435,1.3457990681771408,0.9606228602592181,0.6213113060516151
real_0172,0.285356237474567,-0.010310125245747375,0.30545941799003606,-0.3981818045649592,-0.42173250624786474,0.08700962078723537,0.5348493025905433,0.6028077760416611,0.0011564623564226295,-0.26456182358064306,0.19423926512227274,0.4368506380054542,0.38623467580808657,-0.19088091130433577,0.1250465087204023,0.1754235868356693,0.058002281875302895,0.15338996884234485,-0.08251677623997726,0.08814935288764256,-0.6552954418707881,-0.31110081248898236,-0.7742713657152667,-0.12945924098486356,0.014703654257200865,0.20925691131206314,-0.16994263213987482,-0.26997171760607325,0.01238250940866906,0.18213776035558588,0.45971173733688697,-0.6821270525533352,0.10483010750260839,0.38403403294453775,0.12192415152537074,-0.7871456626815203,-0.061541402268251374,-0.10917911361948743,0.17744944572505456,0.2006994766547285,0.41633469554101993,-0.24378310117298643,-0.17698476325192855,0.20784723743263617,0.4124256243444062,0.41051898660066816,0.9261372345297489,0.39529944534451045,0.2722072914392023,0.3259267361753904,0.42403471972225065,0.0758447369006069,-0.30333454904002183,-0.09535297040621375,-0.34625544953325754,-0.730832937568422,-0.20381321001255967,0.013634399671352406,0.26417982528392636,-0.09104370144591357,-0.26320014781924517,-0.2592111583495747,-0.23916445788816795,0.11428439130510337,0.5519801105484288,1.066910830222312,0.9389382645474512,1.2718441200591224,0.7770766073864146,1.2072802677665133
real_0173,0.3755396948910167,-0.27625278448765817,-0.28742530351216117,0.013236169373763483,0.2652692502291321,-0.24207551098388855,-0.40757579331423693,-0.30013733483753086,0.30693133014537166,0.38048801283356537,0.31203365935402394,0.0157176693218905,0.17436431268188587,0.5634878183140953,0.3733121860944668,0.42106854125573284,-0.1471825746571334,0.003783709200804963,0.8110577549675887,-0.6697746877871785,0.13873288210641113,0.3736662184167725,0.9571468787398862,-0.1833602887971731,-0.34028134085029016,-0.5622229150982817,0.7540936978787454,-0.16753704058100624,0.39205724655179097,0.5190789623294253,-0.25237792122584535,-0.7126487736738409,-0.1920130003173985,0.16080124901220216,0.8317394948707325,-0.5321825541313535,0.423065805481031,-0.4109362433329903,-0.6559706261202223,-0.5305701184655625,0.13425730548827558,0.1123657558307386,-0.4317847375061976,0.2362090488858593,-0.014489787619839918,0.266939447852935,0.038169407173380826,-0.12642063331213782,-0.48506413224065753,-0.4798269252500885,-0.0744108458394367,-0.23501891454576174,0.01935216420606978,-0.035434076695399164,-0.11933329774889255,-0.05023010866025066,-0.47414715978832744,-0.11142778863015741,-0.8252983083259046,-0.41626069021909134,0.37513402127497125,-0.2935400835130468,0.1377747192460777,-0.2730050915815463,-0.4663740215315967,0.931752477948883,0.9573454242939857,1.051042683371175,0.9541414692895384,1.1012137719089272
real_0174,0.1601399896015082,-0.20746476336889838,0.2769921783436725,0.7977860274954172,0.2393436477875912,0.06425464743601228,-0.12202902288363641,0.19246113979705354,0.3283103996843871,-0.294396353669712,-0.12855910109911625,-0.7098878588213444,-1.0,0.2618681282873426,0.696501681736239,-0.13261245851412445,0.5786704130831516,0.05501786471146001,0.11042524721221879,0.27108963615933657,-0.15894245780708874,-0.6735492321420928,0.19120748189129988,0.3735115927325423,0.0037229612862981786,-0.1097979501257654,0.007806561416123592,0.08953570891425604,-0.18201386765520577,-0.12132275794485821,0.4834353164926493,-0.6389060106185771,-0.5620843271521333,-0.6336224421619439,-0.13219527365462072,-0.39673147695610694,-0.14151882143356692,-0.07599199704178367,0.7420400378049707,0.48447844218305663,0.3507230354805734,-0.13293234759610054,-0.5978782453507538,0.5321750551239209,0.1913115855268569,-0.5629070699589697,0.029270917719328916,0.6661782746480982,0.10405532247400281,-0.6658560062509801,0.8607168454198355,0.5839792633929332,0.4346884982208246,0.056260721883067626,0.5248816987538564,0.08173834368692942,0.059412727442595056,0.592113470123656,0.43695032791895766,0.05682324940075719,0.3459405204390249,0.5877470187315358,0.06044800162013048,0.025583917999404862,0.2423403544542448,0.8161591354349128,1.0277988474123072,1.2701250241905313,0.6814411480556944,0.598682188216858
real_0175,0.2552032278873049,-0.08345107540808548,0.16925691587908864,-0.07726502822110744,0.3556726170645296,-0.45286222521423547,0.059144870910150804,-0.16808953659426754,0.20174388871512824,0.5392727738801804,-0.38123160004892304,0.298636238484064,-0.3394204358701886,0.09410907693499439,0.24649705906812935,-0.4248657972639129,0.3858958202722607,-0.46755939979012634,0.07444393713222272,0.10725810385672847,0.18328416243256293,0.24170661316548306,-0.08194423111838077,0.11401071545255265,-0.47869262271569607,-0.11816045800078978,-0.3262343639232315,-0.19819139626818333,0.37138519263140607,0.05335156418963193,-0.23363253205182297,-0.06792886462912918,-0.08573877711105432,-0.5830013487193553,-0.3827928001292577,-0.29972889345518194,0.04458649713344218,-0.12369123580256922,0.38387907114494907,0.4810013328465614,0.6453252917849814,0.1033264276208513,-0.6093616143723327,-0.14678822183228526,-0.18339571220362963,0.35922260828134106,-0.11091054195207015,0.13035521571418307,0.2233689383982472,-0.32527667432382956,-0.19748075081202446,0.06513006950248973,-0.4136907176822514,-0.2527558156237259,-0.43329204770038565,0.24982303277771117,0.20032496723772947,-0.17875598136203813,-0.28606594339533226,0.023665568885141066,-0.18202612090422612,0.027917025645357436,-0.1599950545517637,-0.20204671051441775,0.25496131064967603,0.8083093638520571,1.092875667546309,1.002410636120365,0.8174244026562345,0.9939256540572962
real_0176,0.10394895291142989,-0.9212300259872641,-0.9815146763613823,-0.02371328876990516,0.7238842577713391,-0.12236624355421538,-0.273010426515266,0.23645057840308084,-0.07673246416335812,0.36178153036435434,-0.697544503126337,0.1327986944435196,-0.025358131324323598,0.3425376349950705,0.01618377365999029,0.06557106190148695,0.26866620272786973,0.3649196174587829,-0.2766252902017145,-0.08871689075366085,-0.46826207328431385,0.1651681268467041,0.5652585924944051,0.418843090170865,0.4628970763281194,0.378077195083875,-0.503226745795205,-0.11898856876908522,-0.4635621448634507,0.16051975144437441,-0.08154913060453993,-0.5911069497990281,0.13433756095076127,0.11596702206189761,-0.43458929123583784,-0.44146613426287556,0.3862011830415819,0.7739007723350861,0.17894047375585004,-0.22614996285980316,-0.12358179775511208,-0.7234272492686095,-0.362883658163915,0.03634681830993609,0.4434047206046826,0.37061891003895264,-0.37178828791882745,0.027486241469014603,-0.4147565561988805,0.16481332793505296,0.42843170771211103,-0.009277162376779733,-0.1024656529989927,-0.028633688984478652,-0.5140467048415852,0.32381003237975486,0.23155797807617415,-0.08168682614846905,-0.07967250385048348,-0.04073189111338497,-0.20046527144162476,0.11759524628988997,0.20252890134782073,0.14087107903614376,-0.27589031127449765,1.025888187658318,0.9491112274173977,1.0405594553795559,1.045357209221827,1.0911336222583157
real_0177,0.022139958937379457,-0.13715888750129643,0.03967449980076455,0.19601333533575166,-0.06957518242809493,0.4092123430863394,-0.01141619309321277,-0.30469774318786985,-0.08683754698624813,-0.07768918226851336,0.3767279659334623,-0.19500365896273125,-0.08399288949551438,-0.7515167010505105,0.47407322704688654,-0.07393290618981567,0.6551306262090258,0.7889008469425326,-0.189331027759108,0.45204599861036204,-0.5003196177022622,-0.5330172593114039,-0.3560250797578718,0.2992867863657477,-0.09766551259253425,0.44584831517302803,0.00598225253551547,-0.05482106136742898,-0.12151312950091903,0.34805143490494794,0.622535730979817,0.2857730707250903,0.2395976740555159,0.6921946564509872,0.47715349426284337,0.33046427403740075,-0.25258143861120413,0.46989400982007506,-0.16863409512987404,0.30081567601894593,0.615955877802661,0.321533591111131,-0.2616641537931834,-0.07956388585693645,0.15586324583255956,0.8017889627717592,0.04668857892481266,0.24165193154431805,0.7604389316760087,0.2742325463388031,0.15418799649132064,-0.019307808531442577,0.3488656767452044,-0.10578406535206718,-0.8698539429138523,0.8006624040982206,0.9286007509036207,0.07385832428739558,-0.28313398816723273,-0.37823399334656127,0.6007699753550321,0.5658388024315149,-0.26112393187908944,-0.8314260302708198,-0.6239679760704376,1.2368636884615651,1.1595777299101537,0.7813057259076034,1.2638026395482793,1.1390188184557877
real_0178,-0.0011424302868326026,-0.20991656648509888,0.7257367792695326,0.29274971373037806,0.8828238029292056,0.0726440862093976,-0.20159661408967725,-0.6588834653686961,0.06858419566868515,-0.4311315341325117,0.22382415566486397,0.03008036218824332,0.03976633696401234,-0.23327844103717804,-0.3075625267802613,0.32001518862590084,0.4447908749312317,0.656996272643121,-0.036691216309759966,-0.24171925628298147,-0.5479005902123516,-1.0735522612124913,0.1825247876214111,0.4715673595021766,-0.08190335913570182,-0.5425533256480248,0.03617286675773421,-0.07378411284618024,-0.21358965066854455,0.22736416521183866,0.17486870188482778,-0.6700804946941958,0.14344950534117523,0.5853717418741052,0.2469162344484779,-0.0742524574015123,0.45877187949339654,-0.1502004782474814,-0.2395770901465378,0.23401199759224856,0.22505393549726233,0.20629613421652485,-0.04803963185539359,-0.12907499202681846,0.28440996377954,-0.2950031444862128,0.5387024180584363,0.251963853779994,-0.27015917219961993,0.12428804242962409,0.2005297978482288,0.13003574744584467,0.1436583596108504,0.5752501024696125,0.14870244280148143,0.4967392894670432,0.1317253945716626,0.22853870660938516,0.06574501007503648,-0.12323016558655668,0.4174497816313847,-0.31327077805512976,-0.41121010476141306,-0.16229170070016768,0.19371424595830924,1.0239987420360157,0.8287092660786394,1.079398260899768,1.5618421722459006,1.044315341737214
real_0179,-0.2174349501342022,0.2643145117889035,0.8148934890684663,0.20192354941783833,-0.4766162939236629,-0.4074943507763784,0.6207859133515753,0.5576861270224999,0.3472240504842366,-0.14160691859557928,-0.6789881393712868,-0.12158559994268338,0.4742808650188576,0.02186062960580658,-0.4158252281876723,0.4939371076977757,0.0253804519802458,0.3033411500634098,0.6430250163834249,-0.1216953950189044,-0.43690427347611943,-0.20032893725769907,0.6153488861990393,-0.1101058428944881,0.4243533217014473,0.6269361839688133,0.27772984718997695,0.09322985311255841,-0.11036774309266348,0.01994545401425739,0.13214454261333003,0.5875768512072724,0.6250166929572424,-0.17591591418873698,-0.29806686217298767,-0.3490806548295811,0.3345880880542026,-0.029029983173153317,0.03418497843517188,-0.023899041700582102,0.23863515905891677,-0.2933175650958244,-0.30332657439177485,-0.28355191088576764,-0.2439973674825681,0.016373027443089383,-0.36813876903049997,-0.4516307309106675,-0.2449520216079978,0.10962530871205142,-0.28814876913708976,0.012979329689101834,-0.12143388079238557,-0.3093986747792133,-0.3429958226110589,0.28034487781167294,-0.15292606504825584,0.019037587077596143,-0.4051498166923526,-0.6838171068525578,-0.4829983191253137,-0.347109980562886,0.005833814642860427,-0.48192743785737896,0.29285145679438696,0.9822042510835176,1.0009508593543404,1.0120771856848834,0.8826829829858198,1.0728078542118449
real_0180,0.22104086487526148,-0.02951751701497114,0.34583116792419244,0.04687110599721747,-0.16086763860518685,0.2683433694534326,0.4709167819950801,-0.029675415126972225,0.09945565935133407,-0.37637945708033094,0.40554869935126087,-0.034333779538627006,-0.5496779496559344,-0.32243322248501183,0.25083821815624524,-0.3093186383036383,-0.7431937124764633,-0.5413861992673726,-0.6018757286368098,-0.2548641280851409,0.5828105268162111,0.04542384491360077,-0.4882488955047905,0.21584243259113975,0.5413110422797419,-0.4936736155131442,-0.7298464824266863,-0.42313875615183505,-0.1568041423585071,0.08228290354044618,0.05088692507753022,0.27445547201272613,-0.142488975546451,-0.5970901684388213,0.23625309747313866,0.9894993221851546,0.10028366580901595,0.39898813465774235,0.06273898919889023,0.34809562738430655,-0.07657629592949526,0.21123137799812106,0.20003646741081346,-0.3953780510730879,0.34386456758925193,-0.6296889016510109,-0.5721371398636206,0.31982946256022293,0.014765940400356994,0.16314556283097395,-0.5328288294873671,-0.13332386476101976,-0.4362437442144409,0.22414336484605288,0.14480014065233804,-0.16047390985326962,0.4531871545722051,-0.009773308443417603,-0.3750497955623213,-0.06425945509909109,0.21449296851255933,-0.028570577432207214,0.24248411151502827,-0.1494939271050303,-0.663069715616376,1.0428739209403814,1.389651058989375,0.7394695766331071,1.287060031329088,1.368402848063274
real_0181,-0.4116793637233366,0.1388719222090653,0.12148337295271991,0.6815725966616223,0.20636925177097168,-0.042445872374502806,-0.33120483743191453,0.039305862281507745,0.2237501122865389,-0.36742336242004386,-0.005313761756730733,-0.10900973288341195,-0.5513443668056588,-0.2225215213143493,-0.055203815772471965,0.5134586134925309,0.5589446448565011,0.040662200465340435,-0.04385454495749048,-0.5263531648425702,-0.6587687394857766,0.4373498697462614,0.763812084214098,0.6419269070844371,-0.22397318461253937,-0.6000128150422636,-0.10762140213040348,-0.12753554945801404,-0.13179641175580156,0.9091352655201664,0.35162460633802844,0.06792552532297713,-0.9436990623536483,-0.4206790887659725,-0.22795823634999052,-0.14547339357598474,0.4451619770754758,0.2600021032905769,0.14979724374597492,0.06646538049751351,-0.6625637286978878,-0.7837055771355521,-0.21252287356334137,0.2873332223042014,0.43262229392929674,0.6589451642137664,0.525075061277342,0.1737661508035114,-0.05065877455311916,-0.43221891655631633,-0.048593051614476565,-0.286543325133715,0.059678531653280534,0.4570188312914021,0.735438407542532,0.011258447074559386,-0.16366077393880044,-0.056128585632419806,0.6053216394822154,1.0,0.17753811154184684,0.02290953670801131,-0.2841001900365095,0.0014606715500020792,0.3261282866329762,1.1959002612560237,1.0334619613937912,0.9897605776366806,1.0487504960803296,1.3065084774776698
real_0182,0.05494544398851749,0.1281727515591899,0.8245273930464418,-0.056696022093988475,-0.020558899354601274,0.09647924345639133,0.4421947302850767,-0.021561386543802744,0.16435304544437374,0.2312295001443874,0.23741653971628077,-0.09551145769981677,0.016524220366993296,0.4026824279346354,0.08346144997524149,-0.6649630793329754,0.4511818115517147,0.9522149978618865,0.2767069018591205,0.31412102535369585,0.04552732198254157,0.05697188495328917,-0.09424095728141926,-0.045489589118538745,0.2479601841988226,0.40076811562237563,0.4169132504772311,0.4693473150457172,0.2756547973434934,0.20952585664538842,-0.0003186517468871519,-0.27576201446074006,0.13566910079071773,0.6097527866453212,-0.17517369929071822,0.3168944029017198,0.46578092577514235,0.6370135861681636,-0.005785164163133995,0.09179647969117809,0.5920531988412955,0.10856517393860789,-0.4254935949606158,0.913933389257381,0.6013887189938506,0.44261503684252496,0.8680634821410184,0.2698520748614935,-0.3693965370271641,0.0564682829200483,0.38075179471444137,-0.5146265632284571,-0.6369076386057735,-0.6345756609651224,-0.059827677043761615,0.5880484235486985,0.2950402369925112,-0.1204117982965191,-0.5137910010165176,0.07926584035092074,-0.46976704666797586,-0.24749268917476647,-0.7761291648457234,-0.45507586776440684,-0.4788495922973191,1.0329073752045785,1.2149821759909258,0.9840540872286383,0.9697504706507248,0.3
real_0183,0.44720925454472915,0.5571344124401547,-0.38666765971353995,-0.4586878998594042,-0.4080535833973763,0.0576701301118321,-0.14271180221811078,0.25601154326683134,-0.49258723379370506,0.4846181042827048,-0.1038462237879393,0.3503407412084049,0.20105119743945202,-0.5653837217968243,0.26996425135780117,-0.08054548827429886,0.46681903885389403,0.212971935117403,-0.07085050756773073,0.28479413124089564,0.46910054168343074,0.20286317425790434,0.361857597324868,0.1846078929655745,-0.0008932856978916017,0.6166771628346412,0.0020554146404903593,0.5881010308327671,0.0509436334537978,0.22449486792148055,-0.07491880768103587,0.5733968156205312,1.033268826226242,0.9015855662668649,0.6597623928573515,-0.0677391931123667,-0.13527124434315152,0.06056360949362335,0.038331459581558244,-0.24976888693754676,0.5709321776325827,0.12490984156688088,0.3471767866937621,-0.8005388796908373,-0.36688305228318385,-0.12851648113508796,0.16001609196426708,0.7203052296543142,0.5491820897669973,-0.2071646386185359,-0.11621730064875797,-0.3289138379481787,-0.8099636345234984,-0.28091639762009263,0.061136021197704234,0.01517442058278207,-0.07764549262879462,-0.35543355629797885,-0.4743868499580641,-0.11538340956750244,0.45273391311717937,-0.04809876825785666,-0.15207164186243524,-0.31534101110255286,-0.238734261368665,0.9383609153749395,1.0137280267259812,1.359512233328928,1.0865188903452305,0.9206403612905795
real_0184,0.1457287214495298,0.1985813024740111,-0.3098036398479898,0.2657273147930555,-0.3029923473612959,0.4619438944127267,-0.03432907170180395,-0.28273754346936386,0.04340288730196485,-0.6374565153271583,-0.26729601324667,-0.2133986369400015,0.2700338142722752,0.0790072352455614,-0.8444037848566673,0.20393349364390384,0.4064993153697248,0.044527705233917726,-0.4925154085723763,-0.04257785999582665,0.110741716477363,0.35864914096514044,-0.6067301501020933,0.4931800938114094,0.6169801929599079,-0.007925208414422326,-0.1871436389306421,0.3348783738004737,0.2603452542372621,-0.39364715422954233,-0.35872326231076557,0.4858847562319182,-0.14087175413070713,0.2685812415219528,-0.3950579781757874,-0.3884087123088855,-0.05612548252312994,-0.6516075855039156,-0.00297849450979037,0.2631071051214092,-0.14253874796504426,-0.29908845454586264,-0.10091344344752298,0.11534129516150493,0.009457562821226612,0.060203754318935314,0.4026858810298458,0.3344501649025242,-0.18145512223063237,0.2462023980455409,-0.12833048930093854,-0.3887236871581854,0.23694543098732504,0.1630176328743106,0.3874549467740607,0.17306140224066582,0.05461879546485035,0.4002503568786048,0.013508793482457423,-0.5964926782992557,0.01034740741976238,0.12690436753315734,-0.20574124857885975,-0.2921350700778688,-0.005118259065593299,1.1659433065089833,1.0871165642994696,1.1788426657026818,1.0123832967359918,0.9588372431140122
real_0185,-0.8269733532274562,0.03987192420357215,-0.05309471297098678,0.28285329099163303,0.26636346962202884,0.030263446265397724,0.15233675596807383,0.08931898422598876,0.16643491515014447,-0.3417110814052122,-0.229062767075543,-0.13907187437916554,-0.1936933260861686,0.2554420171812614,-0.0514445426078294,0.08742270362160554,0.7005461523699704,1.2,0.45238787076613945,0.45705016892235056,0.7361536861420446,0.048609185448047744,0.6629091382032822,0.7384869299018474,1.0564649853475065,0.3928003405996305,0.1643629867977488,-0.16097047121981628,0.09707378236673785,0.4334401793918295,0.18652004797454075,0.7450892644772811,-0.30868474333193535,0.4624689201689129,0.1666737538152961,-0.12492987441654814,0.19872326317724667,-0.4054808878816823,-0.31249042342149436,-0.32236834432819805,0.7279406529797643,0.23986999266992015,0.1691870750500089,0.5123007082371779,0.1438397343293127,-0.11979914952004002,-0.512406183251875,-0.12443127572197321,0.09040373264751947,0.6878457703881629,0.2814428095972188,0.21950912873937498,-0.353352202281802,-0.38334943522299436,-0.33296362412589325,0.2582694225123432,-0.14329175107527786,-0.15945942726131454,0.2223841616894791,-0.34360927668575164,0.2441882274308397,0.2886933075473236,-0.3948699830940742,-0.07863541870817224,0.050319727523308926,1.0643134657692421,0.9914825208410962,1.0022890878182933,1.0220791451224438,0.5619753568182573
real_0186,0.24091265752514218,-0.3380249662957199,-0.5786313684734398,-0.27587921839743795,0.0635882168323146,0.8142154598070805,0.008287451516471494,0.18080029445541415,0.11838323333968166,0.41335570212545786,-0.027999413463639804,0.2219075027234533,-0.3857026531488464,-0.29045446015723814,0.051811733871288734,0.5803025257096354,-0.2522554634715378,0.3010801562418987,0.45777062509520366,-0.1209241562972911,0.1277727173633816,0.520335235668909,0.07193710218375238,-0.17820538206129496,-0.5550958455557193,0.07328044075894889,-0.46105253563773374,0.2981765982074638,0.3906388493472471,0.01031390445219573,-0.25318806495891477,-0.611997787364673,0.07664051049333198,-0.13747712740544366,0.08933330729441076,0.32012320982598996,0.29324195140405657,-0.02843873943270706,-0.20039299410123299,0.1499244947989647,0.4620345635104183,0.42195537504661124,-0.15293517856925165,-0.26845437248124765,0.052438252550483566,-0.388224379034511,-0.05141072423070332,0.33697430496374975,0.8335675788683546,0.06101745393016404,0.611307157196339,-0.134924393071232,-0.16334928689916922,0.021250108868648466,-0.24829617473854293,0.4577233359180598,-0.11046563377511405,0.5350869110607492,0.12765477133140818,-0.32677251131904095,0.05826837680534261,-0.27902403348667953,0.38622213772415687,0.15709083060077905,-0.15291975904874186,1.2303633987993987,0.9744388628253693,1.0497574619602166,0.9183333674346661,1.023545764558078
real_0187,0.05539936304426834,0.3976040679756422,0.23450619031650635,0.36652476700556885,0.42418528331997396,-0.07055344054240148,-0.19534406443098304,-0.49470183540287443,-0.10905973338199544,0.13006815165568705,-0.09469656267518452,-0.3663295830715778,-0.3091468579227748,-0.6302503967851661,-0.020977100029678154,0.026892055534606087,0.032897235451517334,-0.5020958883358,-0.5419434501315941,-0.3342175795584209,-0.5590654354639176,-0.07292030875218986,0.029959301014741698,-0.7580874821531443,-0.6729207849274341,0.05569407995540824,-0.5595726372913012,-0.46510634211464125,-0.7794518806714157,-0.3896287707299844,-0.38697941900938515,-0.40102172738687586,-0.24282772487412557,-0.2382545135802376,-1.2,-0.5531841528772464,-0.23725919166019538,-0.8843542340841053,0.14483208784829185,0.7425171901945133,-0.07134992082702447,-0.026857559358272772,-0.3818069846971266,0.025683041110698992,-0.15725072196507767,0.13929846015896816,-0.29545250953790625,-0.3399217192450161,-0.43483739179146635,-0.23024164969486374,-0.006067558506798966,-0.11514933401247159,-0.2306057241487657,0.22840435294478675,0.17146952733034104,-0.19086937865598133,-0.34225092603703244,-0.31600155072743447,0.3856945380458374,0.7995278015840992,0.10762282529904878,0.08280269948474445,0.29745096817512,0.320239645363707,0.30605164294296733,1.027485165583286,0.8830776404911871,1.0088424756208396,0.7203780680402299,1.3121894431026266
real_0188,0.8288251482806822,-0.07030033393762242,0.21891685878444622,0.19414680669537515,0.3176418573316316,0.6351909293793593,-0.05694025612210523,0.09882604882030942,-0.005502294581766288,-0.08823741809021139,0.0091570887316986,0.024897877798012624,0.18900541246103691,-0.17672518701996606,-0.1925925819260773,-0.2526448033478325,-0.668089899030923,-0.1378502718085175,-0.10056022717173964,0.5117763363401768,0.34702721580869933,-0.38582135952191576,-0.2236283677259465,-0.3722987990820669,0.11243362792961509,0.0824924415279695,-0.25798718015266525,0.020790332595972134,-0.2653923034342729,0.3369951583858302,0.058956575211883716,0.011006998518858982,-0.29682357671379106,0.2098516279832785,0.1909663093831274,-0.4922210656302364,0.1360332341262403,-0.009274833187780386,-0.22988116327707658,0.22493871366870413,0.26542654572432334,0.37393794930986135,0.5650391921171386,-0.5305303997827973,-0.19110177161330993,0.39945541537657486,0.4345167837224633,0.5332642708712275,0.6909912021534199,0.5379889958623892,0.5579483169813705,0.7613332058725849,0.05620578315197997,0.23306938178364883,-0.28700901080219454,0.1835170084586791,-0.13737640069603274,0.16115065280510785,-0.3389451835623026,0.2909670650886324,-0.5336571288226182,-0.46112340198794965,-0.43397162289045044,0.08384939732890725,-0.09098904008711929,0.816329645241925,1.064545203843633,0.9594172030408905,0.6912749594955836,0.7283580351023524
real_0189,-0.24603970696216435,0.19647060232395175,0.006013378450799967,-0.28307580885820116,-0.19399371195989473,0.9301066375213988,0.2753414371980496,0.8473417255531164,0.022323072551276326,0.6064221904439567,0.19535246223963978,0.07664406129655876,0.218996091654815,0.5008811455559593,0.4902716581067415,0.8227032213710318,0.8025619818044327,-0.4643782708393072,-0.6431891820114158,0.736671746368695,0.12961481765617378,0.11801551082092764,0.7859111176102559,0.9736736025309479,-0.2605893385316374,-0.07233225515543758,0.6680050781511516,0.4962120464060598,0.6506947118126591,0.9189801053385713,0.11645577782222086,-0.42258108178274284,-0.4173310762199548,0.06245695156374085,-0.6954176829914062,-0.4097163750333288,0.5169470842830591,-0.1610369512830933,0.0941511655986277,0.007367685318498972,-0.32700375492787126,-0.4541241545271609,-0.6300982626973727,0.342515426070872,-0.6240955365178698,0.11430861640633022,0.5377618831962003,-0.4212713946538463,-0.29480707938266093,-0.02685549121140288,0.2675318666420868,-0.19924258835008687,0.07240423705919698,-0.4487244617754709,-0.12538132995403828,0.08141219191077134,0.009112886674492419,0.579943377465675,0.01848116094510303,0.17483036164623234,0.006159583415251584,0.5980794573897983,0.1512621878836441,0.0962077299846474,0.689838988299008,0.7947761201131502,0.8722694216221348,0.7835145605223426,1.1306489766562453,1.084100234672468
real_0190,-0.6101550147566001,-0.2760139231727179,-1.0,-0.4818083243727298,-0.257349271129354,-0.09955402667401725,0.06212131898704259,-0.34780557989827193,-0.29910332562679326,0.014204620637533073,-0.11837757791528145,0.6382279165251932,0.33496147681856964,0.016913099043099084,0.0346275057238488,0.7148440082540077,0.6883625338167598,-0.4452275036717367,-0.28358133278836223,-0.146727892738139,-0.2913534829545518,-0.6093283057395793,0.5850735845150535,0.49778841116183903,-0.35574669392048003,0.39062922654560767,-0.12414790965136484,-0.36905884423341473,-0.6723838649559296,0.46303174468239006,0.031042487282671966,-0.7519766132593105,0.4133827690553649,0.05133005312520249,-0.21633200656256724,-0.24626178721503275,0.5112279356641608,0.14638907172634064,-0.24262366359983556,-0.04520609485654142,-0.2636704438165894,-0.05083698520042983,-0.08547219651041309,-0.11157921944434397,0.8778247203396561,1.043319082714098,0.29300570734800907,0.18952875512395767,-0.24030775489582143,-0.4335212689828563,-0.2256719267222448,0.38611620341727254,0.05861378103967388,0.2296753669529753,-0.17985784826126114,0.09469343931601143,0.2736116329805364,0.3644144227010679,-0.04223176764598231,0.05906189853283909,0.37225866395725193,0.15030531247704973,0.1543303528876258,-0.1066593960115615,0.7342752225744313,1.2476391898346875,1.0998377854470143,0.9697896244786142,0.9446599819828573,0.7710441306758906
real_0191,-0.44368882901843876,-0.25038048636224897,0.04395696349207264,-0.27822925917951813,-0.11451682828849882,0.23638599566911442,-0.30030128346436546,-0.05000131812097071,0.4284521668965345,0.5753720228210689,0.28263434523494757,0.18035801207047228,0.1609672737871443,0.1242938233755698,0.4893790489034637,-0.6950318921441387,-0.4613458984347882,0.11319916695518066,0.08909949498867924,0.09658398968026598,-0.3859587651839523,0.5180267821768778,0.24278672516509733,-0.4862362909146117,-0.2747502272731466,-0.022927491665533532,-0.14203832283020235,-0.06364814560698165,0.5276211189513171,0.07149348614916101,-0.08352030064739628,-0.06271687114080587,-0.15280509391093383,0.4076634599535617,0.4256627510905137,0.7210707715532426,-1.0336261533511855,0.4403064389858866,-0.06513248057022032,-0.2918036017355234,-0.09142186670382679,0.552133301715132,0.6295603061907061,0.15756772214984752,0.23443586117336082,-0.003470746175949323,-0.05474761060038464,0.11780578114606846,-0.26176269594704005,-0.38365687411275573,-0.41744695375013197,0.17428720806434242,0.486314157488246,-0.17335798846403064,0.0844574133471247,-0.5274662542052289,0.1911717191654321,0.03343072006660124,0.1619679152753664,0.04496178871046059,-0.18728507359729507,-0.5400557244789381,0.3477365914862571,0.3287321078935236,0.23230368279039415,1.2585498581174945,1.1627930506668864,0.8507803486694974,0.8807822200687667,0.8320219940800808
real_0192,-0.27816287981578797,-0.18457841103955033,0.8826643620884718,0.29063647401028375,0.5999542728403547,-0.3861167452298409,-0.6971829573611581,0.5338228549455756,0.07080630294312339,0.24957779198537225,0.08638964388738796,0.5555052722493914,0.08166149423173646,0.12373235835137125,-0.18742381767719646,0.369150894183318,0.7434817674457238,0.984120605072174,0.13243612215103312,-0.7476942413851666,-0.3321517689655682,0.1955631343342892,0.5797846846187352,0.33632968642094974,0.42654871537471706,-0.0029116492117500625,0.7917108425091903,0.1430869927392811,0.2454499539727229,0.14577711642726796,-0.02232361133726493,0.7620103730139838,-0.06706835426317248,-0.14617357625379188,0.2482344463158882,0.4929320619480608,0.4295239837912791,0.9461095189811497,0.7979840385454101,-0.17987978609370586,0.5736214514971012,0.3477891179746008,0.3588227632813727,-0.0033706001023693804,0.3060214208255055,0.3007901428535435,-0.14806425374196971,0.6884593682324869,-0.10991790297126941,0.2799262532897427,-0.1778162133201467,0.05491067699577109,-0.1348116420218779,-0.11453116395453339,-0.3167163397102581,-0.6270386493333097,-0.14150438210886943,-0.5577214705176591,0.0959247981759954,-0.4525262071108863,0.5743310919409138,0.04404763273867931,-0.4274126050650722,-0.12589204303730153,-0.2445224439016397,0.97307211800761,1.0549797110855845,0.7499368922153706,1.0017011253446306,1.3693484085425087
real_0193,0.18340462463224483,0.07619931582395584,-0.3165835960419392,0.21941068686656118,-0.26362302661918635,-0.3580516465965992,-0.30534540001306926,-0.6199858198620072,-0.14710449023348132,-0.7486459648277834,-0.5926380425520016,0.12514467095505136,-0.3818309814201175,-0.23746583747354214,0.3579067972068135,0.4081192877887519,1.1262211790438705,0.540827974963564,-0.48868417919756435,0.4740849888606789,0.9565001170810435,0.5392303423524948,-0.1832326384964304,0.2146495501353141,-0.006330397217837927,0.06864240106144215,0.7467017489130624,1.145617879369838,0.699662409287224,0.14389155814629076,0.9056490907577763,0.5664907053067665,1.1348580391292433,0.5223256324547391,1.0372629629186765,0.5749966784707082,0.06218843662458519,0.1072166409585636,0.15314667203145763,0.21907167992849338,0.2294580043790589,0.33222873804080805,0.5412978614191551,-0.6077188798183638,-0.43558074399331265,-0.6930571235838751,-0.2783773531299979,0.5109481581036591,-0.34401958086716095,-0.5207403905937129,-0.6577606895320643,-0.35545946450480326,-0.16404218089776293,-0.2292246599614689,-0.23707442259191025,-0.09669247198896937,-0.043272123538780495,-0.5010495769092235,-0.5205789111465753,-0.45481320785783474,-0.1219074659206137,-0.8197036290892777,-0.20070262299426112,-0.411561591378126,-0.6078789508451035,0.9425219018296018,0.9570626899666462,1.102244362909507,1.1589864505831255,0.8643605449720437
real_0194,-0.18073004607348203,0.1196606438380046,0.7996684898737734,0.36093063881111653,0.6397658196612102,-0.002202096712244909,0.2892618371064709,0.3494134049580105,0.6285591583567742,-0.05637443595706346,0.07069330378626233,0.34359242852180266,0.1983856578909901,-0.025428042901989533,-0.5098427617098561,0.26230067015195396,-0.4519498966231014,0.4231688444373035,-0.3539703607820447,-0.7432788911226111,-0.17843609243891584,0.025755878158349538,0.40401821902738544,0.3399891464230995,0.6663554791454768,0.1595657221532942,-0.18496998116866456,-0.11707791909955992,0.11402870183436861,0.8079974630501129,0.3078199599100372,-0.18955948144939117,-0.10601844922896074,-0.3767456724392023,0.01596313539169319,-0.2679385909910933,0.7560603446826462,-0.17155807623346045,0.3974063690254455,0.29894415285195014,-0.1589821070195022,-0.18931768315935926,-0.08294382777027792,0.013020635156507069,0.9251959976799717,1.2,-0.08945464444589986,0.4265343310155639,0.5395031505978739,-0.022457549701539375,0.273135576387945,-0.04887813357505365,0.2290731533078017,-0.4395253760013323,-0.35538282580482955,-0.42242314689372323,-0.25045307432315017,0.052262156216283655,0.10289556954268571,-0.19494037835463376,0.0030429204566245057,-0.14863158207108798,0.3195953347185256,0.006685608407765433,0.0821030691563416,1.2192166438363303,1.0680948368963044,1.078252931986647,1.0360727886052796,1.1155531222526562
real_0195,-0.32836246279656334,-0.18681383772291155,-0.0948757079956445,-0.1298440499335179,0.15773162062114213,0.36062622235142944,0.016634989602707293,0.009201781775773852,-0.5365933904143838,-0.21596546617023527,0.011284324684994728,-0.5146294646221936,-0.44715512658126616,0.06744474154451917,-0.5157149247140803,0.07868808757915545,-0.09183253968864387,0.5727521663489071,0.23326808522301715,0.41107275694967227,0.4824795831087148,-0.3877816400856928,0.24990245814181306,-0.38096942079440016,-0.05170285197133852,-0.015575472832479577,0.20063763850554736,0.3989841986484334,0.1329101837790934,-0.023412050623464048,-0.3191689332721859,-0.3601057093878434,0.18267856311059616,0.051317870381235024,0.4102668720809705,0.8638785569524342,-0.457863195964156,-0.3106837861887783,0.7168938384816419,0.4875952689921672,-0.7515380688860178,0.09366481585344359,0.516190122494764,-0.46923840609964534,0.039212137954114726,0.6390700133782817,0.2033233592216531,-0.31539096020348806,-0.7333880922566101,0.489326930094758,-0.492332521830899,0.05647501859849394,0.0624414925352351,-0.37414901344342255,-0.22330395780423773,-0.4540471353438103,-0.1445012412594321,-0.23063756335990557,-0.43392402711459255,-0.013915026944479714,-0.1450053579602461,-0.7124852391965152,-0.11228797454126364,-0.548152770193446,-0.22823686022902687,0.8339431476934768,0.9536990416680381,0.6426584977263844,0.8687890126718065,0.5321954709847532
real_0196,0.02433283579552641,0.3602977161419002,0.2994032041499043,0.36699534167671605,0.26859132621101817,-0.24284383055752595,-0.3039791001724739,-0.11783872194767175,0.28269918422257595,-0.7026030434508124,-0.06531740600822251,-0.5271209683833349,-0.43268658917696234,0.391167495241502,0.927108273050236,-0.7808528851338258,-0.3663486012481239,-0.3494417155330324,-0.3769478127799938,0.025014906629489596,-0.1415862572989769,0.5474111978211599,-0.796028754477129,-0.7696901308715812,-0.26476124811004476,-0.3423984959357141,0.12885414115268873,0.37735499452908894,0.20190392767528967,-0.22856475089867634,0.1533332499747959,-0.12644872015632588,-0.8099220144069047,-0.09049800347726054,0.5051807037292307,0.4514661057213287,0.22898110875697392,-0.27215317696256713,-0.5353278742876095,-0.44075863327275205,-0.26047013912639255,0.3341399475492698,0.6617304267365648,0.33380921228651317,-0.34559914595866165,-0.6303891784296165,-0.29230812126551303,-0.4820309666657325,0.45850149189613604,0.6653996456332427,0.10733504077058142,-0.3524832337394408,-0.2097648106895481,-0.718981095242838,-0.447752980042177,-0.14001128315235048,-0.1693706927669254,-0.036412186828288944,-0.01566977313920192,-0.18149928195816212,0.23745995499478234,-0.5231576344291583,0.06701910633787621,0.5217504789178411,-0.1337994016829362,0.8657909471566261,1.1403320688197724,0.9754630725009745,1.24525859112979,1.46557939034872
real_0197,0.6718489154276666,-0.1715429922603481,-0.17071733335962622,0.08817869527352566,-0.0843407407132837,0.16546484871353737,-0.07980174736246748,-0.7434900277410407,0.6000805699166699,0.03722941610306572,-0.3231492124410289,-0.059761695477395425,0.3128405169743728,0.2307148359118529,0.3835895471806524,-1.2,-0.8698331953950619,-0.5141932237457122,-0.34594346267339665,-0.6819432949688812,0.023977095630864035,0.04347283701240962,-0.25144384210826876,-0.6894620300993181,-0.20824842852574288,0.5121364703294032,0.3708560713675837,0.2754645473515028,-0.021255428507835784,0.29254181678190205,-0.6807498384685527,0.45292275952992184,0.9822294952556824,0.6780535290628956,0.42807826412442607,0.5141593031416217,0.45619705471972594,-0.1732939619505607,0.5184784518407375,0.717488390536435,0.5591135872879347,-0.10951358060130878,-0.19194121407296688,0.5463108183561488,0.5023524229342075,0.1752861648959989,0.7096633559942744,0.20695077884042037,0.20181705017062007,-0.05412628146978454,-0.6823680471100375,0.023089452814231356,-0.06717818147835386,0.28594401515595985,-0.05822790195128979,-0.7785855657603373,-0.456386619990734,0.06629124572430202,0.4103480160629304,0.33164067867742236,-0.2840538271630949,-0.19252468103188697,-0.05538327733163662,0.026718965621290433,0.28344293523370606,1.0964990192033566,0.7252890873677315,1.1991402771799846,1.3158371005963265,1.1506631115766248
real_0198,0.21415394034063018,-0.13659297366606146,-0.40097360692066836,0.34026218873200154,0.040038464886595716,0.5394291872182562,0.22036990719140132,-0.12467226214816879,0.07847638782416434,0.2110220302498638,0.22198907526773515,0.20468394947536026,-0.06630235109623206,-0.17641027342046606,-0.3845066383362808,0.3261311139405683,0.379580602585046,0.21359702547236525,0.2174315544723379,-0.13374376509656222,-0.4014762577921538,-0.6269624153564856,-0.12632909808812137,0.20381818717560696,-0.9507442477322059,0.10269987892532417,-0.04838258884952668,0.2971365466182943,-0.43015181622533183,0.3808845658625859,-0.370115480358071,0.17456760660151827,0.5221644694915885,0.09530328254296326,0.22783633289010427,-0.0055626824568960525,0.021353801612364318,-0.2924348438689002,0.12896515671534897,-0.6576046120220018,0.1051742647666393,-0.16472360359690771,-0.13943847144252505,0.4477829076638442,0.04413332674845442,0.8388529158647591,0.49698789269441107,-0.15909063772974058,-0.43374285589053146,0.5575697077381809,-0.7551247758168391,-0.5153026522648189,-0.5402922469963594,-0.6960156823679808,-0.0319174036733058,-0.2773432721197658,-0.6413526376011087,-0.3925605364128311,-0.14550924419186242,-0.5587889615781035,-0.5492295526198024,-0.6193264700813277,-0.30065691685739476,-0.5193218358982352,-0.2601591380133561,0.9408092315710616,0.9496588947822031,1.2118447477792642,1.0989113310645706,0.9543750393374346
real_0199,0.19808193498868512,0.07675851890274898,-0.07414220776983324,-0.37459859645301224,-0.2952878965200086,-0.3892016178754975,0.07225354950040971,0.29524776048476736,0.8846852341300049,0.4173335685738053,-0.007547789110022312,0.312280334539961,-0.09392866559253805,0.18394591207473954,0.6240809936372393,-0.26554217424871435,0.4922342134443201,0.4420401837495509,0.04900465556207072,0.15088686943922888,-0.10411476472426798,0.00018743062323963946,-0.2402465279722972,0.42674505758548686,0.8813287414354095,0.002279383468096142,0.30029464241607934,0.07694877577285085,-0.4266977484883631,-0.02206630588874092,0.10028508456936096,0.5033860691245502,0.46372271143918475,0.9531288045098093,0.3619201285649595,-0.1809201086919614,0.41151681995216544,-0.442170305716357,-0.12586107080327863,0.5773450190206872,0.44728998084557486,0.7222123936319974,0.13890947729898268,-0.24493737325539092,-0.772624664064208,-0.6123596336769945,0.9213087882918136,0.6331510685010646,0.1539815101493921,0.6741118795618392,0.3019620870224424,0.26976705621765007,0.15268984269439972,0.06447433209500536,0.38110243188162235,-0.17509710020946,-0.3336507192528193,-0.22941870178348958,0.006403862772913362,0.27153619301704707,-0.32699079625749006,-0.3926846734016662,-0.3823502549455145,-0.1397075555421879,-0.009575350165132862,0.9992317199919893,0.7013782007314003,1.2051673685770479,1.1947327022688181,1.1438866274999737
real_0200,0.18772582635186813,0.13738658218406116,-0.6855362534959063,-0.5208991636357083,-0.4074953279027692,0.18888144299800294,0.05693154753434076,-0.5490333987889472,-0.43731371984826845,-0.14390863974131002,0.5506812857064832,0.46788100352472,-0.15231368099581255,-0.022200969175131775,-0.49567257921491503,0.5278090291084182,0.9305596313112684,1.2,0.6593150404335646,-0.289144948137996,-0.6629300037778182,-0.14734821853613778,0.430214487117627,0.17529352967785247,0.4880728306329972,-0.11060399719211703,-0.3802006925217355,0.09424061491307745,-0.059611128065362125,0.30816058605815644,-0.11404624705935507,0.10708479357633789,-0.00887397162629957,0.0926975909336599,0.3415426852796752,0.3684537157901082,0.313956046780654,0.0378252945702665,-0.4276719592488229,0.0419780571570964,0.013225139393107146,0.30158227719666786,-0.2355591331314723,0.14412715045028962,0.10305297384520291,0.2798915920270155,0.4956713733769477,-0.17057834337962285,0.34378061290895223,-0.17170865364351698,0.44650113328348295,0.37171597884516555,-0.5597294309827365,0.06205432083437247,-0.08996355849424788,0.5070936626017583,0.4294715902245456,-0.14542520507635795,-0.004826206292201983,-0.5191356774072479,0.3816957757862228,0.23660094136243864,0.6213691750358136,0.19674030546118673,-0.08762236818290942,0.9754835652213231,0.7757408754659192,1.007782641380292,1.2483919993627621,0.6475451427630474
real_0201,0.00814491664072453,0.17680347238752844,-0.14095447388335675,0.10079180773452324,0.06300581396138677,0.21723053165464098,0.0980709561275306,0.174806530558462,0.16184546768724117,0.5102001522973222,-0.003990357283510847,0.12708988883384215,0.2831228886593041,0.20049048836106534,0.6904128332898413,-0.4215329591953565,-0.10447306875554675,0.05205867064814702,-0.022087193132964353,0.20817540648247282,0.046721396791892,0.762692681285191,-0.205525022223897,-0.045284221127096715,-0.07134493013327621,-0.5418378738482296,-0.08689477089042588,-0.249307331899896,-0.09273658914631733,0.30694732270628006,-0.292499080250822,0.014441117367695504,0.02273697466633938,0.18918259099281495,-0.11616683241085311,-0.3184668847451661,-0.09737069516960409,-0.1617806329691071,-0.04604431958432807,-0.11217249732587378,0.10785239469350781,-0.8479193251546945,-0.23270470847818783,-0.28980105589548255,-0.6145009823415231,-0.024337929960223416,-0.6454731098972314,0.039164610236078395,-0.8678270707980236,-0.48587585579431763,0.5840825325074397,0.2612294875836659,-0.036725408342937894,-0.20548198218379893,0.29386994378134085,0.43786976574743264,0.6075755079431664,0.1169785338576434,-0.1750992730087581,0.07965579244838779,0.27328664438414946,0.6148034233011149,0.5255349694998372,0.6994581127507823,0.16336084277740126,1.05063618231984,1.2045793344720863,0.8309909344061698,1.2260198632809027,1.2956326854381643
real_0202,-0.42046758229880243,-0.13576000064287824,-0.13133693882030337,-0.6625360904019978,0.23630625263591312,-0.6800101185738961,0.008553126969388283,0.24183178209577155,-0.08127736102213169,-0.272482894422019,-0.29104118261887857,0.023320401144486268,-0.20036914721277074,0.45986966003121377,-0.0596376842133077,-0.719420218013415,-0.7554049383636496,-0.9626745263237035,-1.2,-0.2804538932817551,0.0006806084750113411,0.49990325347187065,-0.916132694350672,-1.2,-1.0495539459487468,-0.6812605036841025,-0.6269406210876927,0.06223442454334978,0.6575805729080122,-0.9457578764906004,-0.5946951620842211,-0.4907967213697192,-0.24322192002162635,-0.08288017327491329,-0.07228870642979617,0.281081376607648,-0.35109419853557905,-0.7360293399727512,-0.5019767755930356,0.43931288108646677,-0.5278113953239681,-0.7605745407592523,-0.07360711015045529,-0.0461551713135302,-0.18599969197763833,-0.5277776354253776,-0.05186133215641635,-0.16799048084941506,-1.117343529311765,-0.39947469933680296,-0.05838249079129709,0.35120311138994686,-0.2195948992499908,-0.42098955988434356,-0.6446150179096696,-0.14591836035805375,-0.013500999330656967,-0.18110616992099118,-0.4313460037658945,-0.27260333551816657,-0.09210673033160374,-0.19513014941637277,-0.46015718941351125,0.22318505284752696,-0.08098946083084334,1.2111222791970575,1.1342777472957528,0.7832602345283879,1.1228198354225247,0.9190038061258925
real_0203,-0.5540209567858003,0.10913653890893853,0.21028942557222238,-0.3834952466179669,-0.5561715875369083,-0.2526421937805041,-0.4278321537765845,0.3260308626634196,-0.022547536940199217,0.2420543391126444,0.466156938903656,0.5515619736356523,0.05037240611954907,-0.053901284897717026,-0.7054675212502527,-0.3006813754329162,-0.08048461893487557,0.2835275914861294,-0.030505985017994862,-0.1433393282388864,0.25699083483299795,0.47155714763961276,0.560737127575299,0.6890622488080669,-0.032372021986088094,-0.5221263715258379,-0.16362410980188855,0.2599150964458681,-0.23704475331255984,1.0923128175920847,0.5893163467217799,-0.2237678721959379,-0.8101488365494436,-0.35945305897215746,-0.015751331423077768,0.11268113251962467,-0.567959614702142,-0.19206675838507584,0.45498281815526703,0.1247235599926171,0.18884502388229382,0.4728214004694253,0.26025272912480685,0.37827738119927173,-0.43024437850100267,0.4252779828914709,0.9614131447668094,0.22428728430337908,-0.07066968566448747,0.369581151114883,-0.12080865906404274,0.11732067118193171,0.09297236833823573,0.3013033626904983,-0.18872145788178946,-0.07650424536226524,-0.14488055217637724,0.18180569196599347,-0.3871077321175546,-0.4154933725197636,-0.3027568132970379,-0.8291846805788707,-0.03770102673738849,-0.3773914670524,-0.5906738868665908,1.0135877360352619,0.8920779650072814,1.0689209809500715,1.1196694094149766,0.9489826212378913
real_0204,-0.3866087680878722,-0.2509179505422809,-0.7059395033976243,-0.35534119884011584,-0.628551439555153,-0.47028306582169926,0.14895192238806468,-0.05345657639181107,-0.3531975886967735,-0.10000029898393435,-0.2600542952864045,-0.389097705756989,0.6049694411383166,0.22650394520528913,0.2930014274388797,-0.4393987316163034,-0.34839681697126995,-0.40231305308294674,0.4084453597084694,-0.3350236065182516,-1.0394182807559258,-0.5631524343915157,-0.8814681954413909,-0.5852573851718872,-1.0965607551261942,-0.2734033167453858,0.12785242912745096,-0.8738170744075541,-0.7408101891441592,-0.16732393585727204,-0.49083542999511126,-0.8884170445969491,0.01875379145630893,0.43428009932900485,-0.4657319333847289,-0.10915330803998596,-0.016616863728503916,0.4286146197904637,-0.18276151733282975,0.3334461877738308,-0.01535695189236427,-0.2672384537635083,-0.40791338457194654,-0.36719740773098597,-0.016667799756163202,-0.22185901850726236,0.043632498918123847,-0.5706924346178521,-0.7630250805808508,-0.5834075076298327,-0.06082959328723713,-0.056204473038270086,0.37469002425390946,0.04565301170769934,0.7856086918061452,-0.41431725964803345,-0.7014208133638261,-0.07278773966984213,0.4507770693547472,0.4393207811374074,-0.5101087085566972,-0.841828047379445,0.12516715046049393,0.3150988108116636,0.19848908249105962,1.0965908189915288,0.7746244815938654,1.0758560068730325,1.1039321146693006,0.8770860962586289
real_0205,0.2379643645765587,0.05574252061195343,0.031083543187261236,-0.08887693799492898,-0.012054224353973592,0.17220266869100775,-0.1294296530650463,-0.036536995273682996,0.12002808808351305,-0.09737288139687322,0.2236363505140742,-0.15626229920171955,0.6852942857635818,0.9808437075685565,0.13257649807509966,1.2,1.1790192902955188,0.07454022784367755,0.5435179996845497,0.7241376728673021,-0.23852381326181066,-0.024064725468794308,1.1396675130028604,0.465570698571879,-0.21048915277406025,0.6985706879438649,0.19153209835059323,-0.2560845680520171,-0.678744525903832,0.7450732231646606,0.026042086686732722,0.3864182400523059,0.13627131920026483,0.5829128252690934,-0.43936979626418443,-0.11889220575774705,0.36282181547410225,0.1720983279246095,0.2746696143643756,0.43224306106339044,-0.015398039572364105,-0.1293791414702585,-0.13197356772976715,0.1333088925285202,0.15456963328999426,0.25457174594273707,0.5465406626792623,0.2051891199631374,-0.05793541875930381,-0.4860336954688674,-0.19070703449539134,-0.33262187851835556,-0.00691691945129167,0.2465732600459048,-0.20312878738001056,0.17042731329691993,-0.7536267233387872,-0.17721960172411771,0.34544984103386767,0.0034160881617578175,-0.09983856379118428,-0.341985753894488,-0.1413276285775295,0.1793606865536005,-0.5264334953027906,0.6924741848453466,0.5553206743237523,1.2574662223210131,0.7805324650905913,0.8548371493136038
real_0206,0.10220584632077848,-0.35811502722971944,0.19589275137779086,0.11438539902187972,0.3339252775056461,-0.04725256773072813,-0.2723372063763773,-0.3173356277569678,0.10746635133643402,-0.017080785186944652,0.09556290033369483,0.38370155743134676,0.2521131621561448,0.646893172992219,0.7860959550825668,-0.05691926640116933,0.7519021426256369,-0.16826250126429698,0.3405674541278949,0.5504035349965394,0.3113889971277241,-0.1619911051605887,0.12909008116425777,-0.04569190413102421,1.0498083889647738,0.2548786511966343,-0.10250988889248032,-0.042715493627262166,-0.029834973412828678,-0.1762890574644135,0.3471767792982426,0.640710235721657,0.43728153842426243,0.12479391278048407,0.025624526321884354,-0.11257346446077243,0.4378979854226587,-0.009126063913517848,-0.16720039067261605,-0.06483251984178884,-0.08937253262629123,-0.035446116976382884,0.34774685558387325,-0.17750929875471494,-0.24372076559695866,0.0971096663931985,0.1711151308551291,0.7352234844464348,0.15441066748009907,0.8263862448444039,-0.44096101504556984,-0.7700473219083874,-0.13661996953795633,-0.4141475874969325,-0.2283926769888173,-0.5671770512192492,-0.07636519399895665,-0.03732068556687323,-0.04619301128760856,0.4372803848389014,0.16073005726565287,0.4021411886022249,0.272889988137793,0.29812305396391026,0.060082689800499266,0.9926922397104823,0.9184756738101049,1.2199959300684167,1.1401446313719172,1.1736676529071022
real_0207,0.3532660472784901,0.1393204297937293,0.21678851132631877,0.06620850792152429,0.29074784150208477,-0.19445190882372185,0.34469387556675357,0.2154454973474903,-0.6611795818985112,-0.0442815972733719,-0.49871173607009694,-0.29120460906588996,0.11299652457843909,-0.7611946406939465,-0.5653108034739078,0.052323697933938824,-0.5370653347674174,-0.2109458138526711,-0.480735951807273,0.018156760736300848,0.04341547127366283,0.5317013050665897,0.1631560672684518,-0.40940178034170066,-0.278730251286576,-0.1202991838408994,0.23299132828251978,0.5558496979975822,0.6488858619911091,-0.2705126719594096,-0.29520241430140265,0.31400882926956614,0.3263712529705479,-0.6098601588974362,0.01133271407952048,0.2534851327960996,-0.29868842756281605,-0.5512384860789981,0.026044895968051953,-0.11678844722340084,-0.1330843616169945,-0.5360144135510482,-0.6846882971231992,0.6390106235498759,-0.2877181605371922,-0.5518545721666602,-0.1988299802404888,-0.5489477948847625,-0.798498761756265,0.13247801783106014,0.038109006072789484,0.1563439772239003,-0.16848504588400448,-0.5505457174234054,-0.0620681871654296,0.11398307366143305,-0.16136324498638863,-0.053800806475154936,-0.23472204736739713,-0.3703301015335007,0.30073829099476623,-0.08806233964105188,-0.025295088819575286,-0.41663008403954865,-0.8200759241564995,0.8735154594560693,1.3630622518371103,0.9735542686937656,0.7288372057746892,1.0639767125260557
real_0208,0.08535468774184167,-0.44442512712675974,-0.3677375461016786,0.042070520358598505,-0.11644487451051447,0.0739131299232934,-0.07179785786108038,0.11625002270150146,-0.30222845552768846,-0.11108050007204523,0.6219204315381479,-0.2214719836952274,-0.23247811965032633,-0.147889809881883,-0.45424129558197823,-0.010541457556608355,-0.3365758702959494,-0.2223335651419814,-0.3305946163467475,0.23134247623555976,0.4689045292815762,0.33525787758852627,-0.4082119367569396,0.01545548836262227,-0.9554531166286092,-0.4444801420114327,-0.6716801773624008,-0.2466778724532806,-0.22623396071461158,-0.34566190715236883,-0.4021209235913475,0.35643915347769894,-0.2369763945173733,-0.619976735976854,-0.8158188791526689,0.08940958685555256,0.0588374658987175,-0.4225359366719033,-0.18871092644246384,-0.07985936108802362,0.30394672292234254,-0.7355224068033447,-0.3060077751751625,0.09650094447041062,0.3615067534611101,0.2281791035010817,0.3568188271496251,-0.6723886200706835,-0.25170833825152195,0.045910336357299644,-0.19697503455872473,0.3451598043057471,0.11114370637428857,0.05725542602361186,0.5500490005389645,-0.5076666329198881,-0.32069582162997234,0.5868643625441488,-0.112497131714667,-0.3443765132370183,-0.6015006076049797,-0.18486117372901253,-0.08899347938737029,-0.4865622719843808,0.556601163632165,0.8171780409364557,1.0652326407195472,0.7511588242278261,0.841080108974989,1.16293703535076
real_0209,-0.12328038103629639,-0.19563071865588802,-0.7630320724631838,-0.16530439598407515,-0.303281872814379,0.07329325545011468,-0.20916516551410438,-0.09801133518778635,-0.23602014099162166,-0.3751285645951304,0.4810021156619592,-0.016169965079103815,-0.393597048941558,-0.35055169433956335,-0.057328699361694054,0.25894852713564936,-0.1481924015645154,-0.8204759783628335,-0.8281262356937478,0.4187910311678058,0.276636168390253,-0.03299321586537823,0.09897197211652535,0.06906695866045552,-0.3780351959333877,-0.23697117997009293,0.541673922164585,0.6162882362676876,0.38056191028230735,-0.6698839158754735,-0.16970501722809433,0.08649846236195183,-0.07721368553675928,0.18879730276307705,-0.5143810655325168,0.05898117552933208,-0.269225509086428,0.145809524699214,-0.046574206977504334,0.4243165994116998,1.2,0.7978410494150485,0.6618615464263988,0.12057505553403045,0.45833991099966737,-0.27019737107366126,0.001482187645512812,0.13280721880160928,0.5015323722815181,0.21468163349319458,0.14763488160621832,-0.11885416799303872,-0.3094800721317727,0.810851133566027,0.3786442590055127,0.15348892155300456,0.539374642329687,0.21494168035732608,0.34931590763484105,0.11920572178022959,0.4421799761142901,0.342660984143522,-0.06356096747742442,0.03821718089503287,0.019795392550086787,0.8682771449606874,0.9160641570925766,0.9361786805978204,1.2607130135616176,0.9978013276286072
real_0210,0.6214430571530462,0.019599733723597423,0.2866163192593268,0.33810433972591936,-0.38016226112587587,0.44659684128731403,0.10567846185759283,0.19434109596646668,-0.8566973668671439,-0.40720870876268395,0.7387256882775629,0.4415772595621006,-0.35508268408724303,-0.5484017135776907,-0.36846815041713477,-0.08056238845805003,0.35977362491344567,-0.04741290873306856,-0.11191347293192368,0.4303446175484043,0.1623221701942021,0.2292121698628866,0.029899368361433035,0.010298475557574398,0.7800931748613823,0.5088464708075178,0.1838000739252153,-0.4377543728247992,0.03669939128706001,0.345605020549578,0.3525093757109118,0.6509933363380972,1.2,1.1163563005721349,0.5741505145074528,-0.3262772357473221,0.7855484098119002,-0.09702507090540333,0.8495588554678628,0.411388944370944,0.2270690906096223,0.13388146613243582,0.0887903330790904,-0.30979590652842687,-0.2035250683214157,0.2275663418680156,-0.20022406408518578,0.19091582694993933,0.5594805209360173,0.16616937738268495,-0.26546821299649653,-0.24915805804308128,-0.24458066223758732,0.46307654633062545,0.47184915382279335,-0.38786515605293803,-0.09378236205998489,0.3504497054711742,1.0,0.664635463598288,-0.5235632995847146,-0.16107163811118733,0.6075806544159142,0.8110112921155539,0.5529440401480695,0.9498814838948781,1.069762031425046,1.0434462389621049,1.1680440325388395,1.1282999527692952
real_0211,-0.6810486926828007,0.07093332143385735,0.06842920646487917,0.5261218171743527,0.03451069591152926,0.034767778734135946,0.3030610737076159,0.23172074750375604,-0.8642601548653537,-0.5895904721032176,0.19383327613995527,0.4256461952311387,0.2369435250631254,-0.30023141981454926,-0.6105841897402625,-0.9704981439521264,-0.15322043614438088,0.1932907975304058,0.1603050284032343,-0.5852457098210122,-0.5325035212171285,-0.5476700087469559,-1.0167103893180407,-0.5670820076874896,0.31164089125644046,-0.40124663989705506,-0.29517661215363095,-0.10501934137162602,-1.1649289051143208,0.221679373848279,-0.5258328661988287,0.16423678724476623,-0.5348573079655955,0.011155754886966553,-0.270587766162363,0.1509113326199385,-1.1684667510754638,-0.13220183443997388,-0.19872813585407503,-0.12265761027557331,0.03882346478555477,0.3550990431599424,0.24088880481876046,-1.1087877109337532,0.36180264945518575,-0.257261660147822,0.3759250826777225,0.6166545119499508,0.18884305569412757,0.054981857774986376,0.29730445820221524,0.2969898814823788,0.07195495529035205,0.5635838036662126,-0.2357282091276216,0.371120519174595,0.3365916766607763,0.3825167663357087,0.00794821407492525,-0.16636237707877294,0.0721312221044641,0.4776470938115023,-0.19573678825938395,0.3162651148855378,-0.23238173571114976,1.1373853813534018,0.7658562470508335,0.9595833509221192,1.2974796579371726,0.8952878140187404
real_0212,0.6816554034652343,-0.17279216788090826,0.4477184663282692,0.09609333019906244,0.061957114184054356,0.3168390059377058,-0.7613677118387085,-0.3448050976603732,0.2878321175420253,-0.2824313617442844,-0.20608531201169386,-0.34293924192893344,0.03760434736184456,0.32805069032917905,0.735098190513971,0.20867777471807636,0.5383905948885973,0.6349897623936965,-0.3186720132063278,-0.257691940561667,0.5143184799826865,-0.46171061730274304,-0.4696251372945998,0.3403605034577157,-0.09589999073174342,-0.5130913600361394,0.16803957449890308,0.4148667466213143,0.47024022998621373,0.06607333230776084,-0.009536770847553248,-0.08817653473986192,-0.15004464072286594,0.11160548233201989,0.5732772254300605,-0.14582446095485144,-0.719232779452114,-0.17628598678676313,-0.35895679513583545,-0.7268079200764814,-0.23033462306858912,-0.27254602287192353,-0.3651120940503664,0.05327170161318412,-0.6463554280381548,-0.6022164973633785,-0.6044341715665321,-0.6790343639769407,0.2116061127195766,0.7691790849057826,0.29617577870027567,-0.09386747564561825,0.2754380400047961,-0.48129658213090454,-0.4469939977482691,0.39076087396826975,-0.0027067511255916645,-0.41272940499643723,-0.4219033469010892,0.0036672428921843137,0.5094972724147847,-0.4941653200402902,-0.7549366083364016,-0.41735318693071527,0.09995878650311511,0.8010410923390654,0.9554014955953547,0.8844211783844689,0.9456651232625416,1.557432960352387
real_0213,-0.19140873597489175,0.12765321855465644,-0.16610412931551946,-0.025159677952914985,-0.15732042901724005,0.1510558361861552,-0.345748503383042,-0.22918192772877602,0.02262866642745556,-0.312861488313551,0.18921785043947398,-0.09615860729126127,-0.06288267453973365,-0.011982553499090802,-0.20816141139924327,0.14315909540788993,0.23686560143556684,-0.5877802510058612,-0.38309085342998916,0.4950045626697858,1.2,1.2,0.09795280033631097,-0.260470314983092,0.36044966642613274,-0.313097472328645,0.645924281087536,0.5232861028860555,0.17069948234629465,-0.06998294778683337,-0.1729219865346696,-0.2861787723652333,-0.12680138289394258,-0.32355482860204965,-0.26565688215736577,0.3220727205619959,-0.39220018345419555,-0.4716874084837029,0.029051929763976293,0.31293525834534597,0.18594269304178823,-0.3143023553050208,0.32195754166427143,0.22321794668606337,-0.7425022128898617,-0.2570373675521988,-0.4149190720180414,-0.4774686326344901,0.21801506610313476,0.25792010851841596,-0.08057231938809149,-0.5013261409405749,-0.026634451844866295,-0.24566632809832267,-0.6072473197767679,-0.29308606630663037,-0.6314557513147425,-0.38309184348886594,-0.5331183718130477,-0.4677224216594814,-0.08229325386896062,-0.3308365558789859,-0.048634884690948045,-0.0061485435013901414,-0.0675679353121902,1.0045947238891626,1.0149216209523608,1.0505769629939798,0.7695502317446465,0.6080173958923754
real_0214,0.07705657926292782,-0.08765995934339595,-0.20820323356889003,0.29618740634650687,-0.1903050133466688,-0.03026743838175534,-0.6120718423065873,-0.7576601022642508,0.049902093306119395,0.28943005507344816,-0.22530094115053867,-0.2466321299873313,-0.14007751171175356,-0.4989808784430286,-0.06213493333177263,-0.004786621559204446,0.45039603524142174,-0.355457926924132,0.13055583512927213,-0.08240856772919714,-0.06748457671894346,0.07139094883897833,0.36958864385074414,0.42690055170977376,-0.031582048564706304,-0.40841898397936865,0.20096767624609585,0.18899221400047578,0.1337611969675323,0.5628570510172813,-0.07375018889253103,-0.3223915999842492,0.26452059226787344,0.8261101274525265,0.4691143996846975,-0.09662605981075761,-0.35461288727862855,-0.1311527765604071,-0.42233997379185373,0.12199841678899773,0.0983109760238969,0.2554239722865783,-0.3168973366569944,-0.6336238759468034,-0.6235325270127045,-0.23177849308434526,0.10755301984560023,-0.05537747430917492,0.32719940614480864,-0.29366845908514444,0.32866667265854765,0.10824942316419808,-0.1729974155993491,-0.06361098908278813,0.04721885421460615,0.14436884306018033,-0.2958591177004311,-0.38338738738362005,-0.4867796218216014,-0.02488221533960984,0.30882639350155083,-0.03731834839294795,0.11654409322961244,0.06477246317843172,-0.21235898847946558,0.9273745849999633,0.9870849022268428,0.8992084517178779,0.9519125605859314,1.3152343308907462
real_0215,0.4250828655974975,0.6592720863105231,0.7417504307506029,0.3904457568254372,0.8127753521707788,0.11872884605297664,0.39942124356926445,0.5320189990241537,0.20098929730147325,-0.04320103203123559,0.3415723094678657,0.2129580257882451,0.35291076815574735,-0.41763751958601597,-0.0232340628343866,-0.43438556889730734,-0.1527044736577261,-0.23283968522397758,0.5564790773975263,0.22809225593985402,-0.4124002442791231,-0.08292992862289386,0.3954052671686216,-0.17600458063117091,-0.18648102664783361,0.47819514827602916,0.06256436288290278,-0.8126738968056847,0.3891023972240091,-0.03325075774428024,-0.27582198341330083,0.6051997917647837,-0.054110764417353775,-0.13095212986962027,0.19410105386607643,-0.3062372520895357,0.03742638778431421,0.15119997691468437,-0.37910464415000317,-0.6584338768940738,-0.2575738512514693,0.0331239711542721,0.11181920304959639,-0.08107062066967796,0.03428721627952582,-0.6015509838049088,-0.21917517915455065,-0.5418516876087875,0.119923241120939,0.6452446691151779,0.07646377923222593,0.3719179192488464,-0.2609316928053726,0.2099414738057234,0.16370819225453784,-0.6322518532630008,0.13344204330826018,-0.2055296822699295,0.09633818242190656,-0.16195896908762838,-0.6563441777995646,-0.07687108989597273,-0.2128855755181647,0.08643647953048718,-0.3056745327570174,0.9508490358457059,1.118620918253512,0.8743867832549252,1.020406259448115,1.3419768626802426
real_0216,-0.01038327128370705,-0.3546302501697949,-0.4508297176390071,-0.7007037779997553,0.07846596957724249,-0.3606103777887777,-0.6740728671592676,-0.3695761150523922,-0.4623165891858026,-0.022011454120536494,0.1790272787823509,-0.31249915889733315,-0.11959665604465863,-0.08684010815564935,-0.0846646254281117,0.11940405023670607,0.46921827214546125,0.11170038795698568,0.8422950985743622,0.8798743478173143,0.5752584408345827,0.633247641560113,0.571579287944109,0.67029774060142,0.9413170373412311,0.4286443380145218,0.7300671735664537,0.34647013573461266,0.6271872510843197,0.7982522621635411,1.0951719688087649,0.663490076756489,0.5791599853568948,0.6488644871900553,-0.08397706005510512,0.6850274156006461,0.387963255631226,0.39965667446879233,0.12866119931814796,0.6794204981346676,-0.09055483649398878,0.4280365489801241,0.3481050691406907,-0.6823476473392168,-0.1828254794277155,-1.0474577629108164,0.23451236570179612,0.42729031867365924,0.42680924922407426,-0.08304918962496967,-0.36979041315068084,-0.7276451292827204,-0.5414052592802905,-0.4284304972839363,-0.10825464772747495,0.19178110165291926,0.04429514853790024,0.01094349077237572,-0.059153392910783247,-0.3268367179516451,-0.34700745896240837,-0.27859533059675073,-0.4126250142678597,0.020912845458172506,0.21615842965172546,1.1504136737956907,1.0516967839354079,1.062290566860688,1.0157977432680019,0.7869602985086015
real_0217,0.0050024909987706565,0.029948255595315464,-0.1677404775829261,-0.2964194416355246,0.2715790403078281,-0.2546969730578005,-0.7379683902036214,0.034064803750955296,-0.7311605422906243,-0.5133931595865733,-0.43558638952435214,-0.0009001097463316219,-0.40513863671925987,0.05727376636690203,-0.01796237279660782,0.47444325554273237,0.09836347146975392,0.2800303222533273,0.28582895915697115,0.2596893181162045,0.03598313274863903,0.047112183121358134,0.4180474180301556,0.3672222576167107,-0.37407350045690074,-0.3546363861067161,0.1417241930846098,0.43183358079455253,-0.03040532779226488,0.10157287332017194,-0.2569246162013027,0.2600501255892636,0.2442071763835482,0.0816498391094793,0.5258284575046118,-0.5289820816437625,-0.056750123595492086,0.6221355447507866,0.8393964601285152,0.2618548706330956,0.08246036805814556,-0.37793548750442973,0.4528868768631399,-0.6412596957569544,-0.2731639949193274,-0.09922083307106166,-0.12108670546146182,0.0773306920357441,-0.26599904679235237,0.025468334745779007,0.18627349064557427,-0.13591428813489057,0.12383403443135552,0.34580043031735225,-0.03147141960308807,-0.005386638263740119,0.0011074650957204597,0.16691385054227192,-0.5647614582552052,0.1668749624058828,-0.2276314318289533,0.2754040827882815,0.12075806895678137,0.17364481849054447,0.22325761715175932,1.080717315550589,1.1002489027161995,0.9196014839741591,1.2267360957513405,1.5573184026389932
real_0218,-0.04390459294992434,-0.3351778205258391,-0.3987999711460006,-0.5453475063798634,-0.49145642126905853,0.05578585901099437,-0.575848402513245,0.26234989243226436,0.06296020305864158,-0.382422483463517,-0.026512189026434936,0.11516102970030709,-0.10708430902933443,-0.0033873232919740246,-0.17145220653711135,-0.45623051557761873,-0.9052310009943071,-0.8176925373084524,0.1296433661539704,0.34908014509934027,0.2292539720011094,0.35988124655433795,0.15784137620439784,0.33426526091953507,-0.01782489412733751,-0.011191323940102164,0.20711475132840018,0.3920475624753064,0.3915931657132365,0.44418895580458834,0.10597336647219659,-0.1822028192611251,-0.10090738146947413,-0.05013032351735442,-0.07404470251279953,0.63095664203273,0.06857013552046025,0.12653059666418,-0.560926014316215,0.008937112848666414,0.25284334948136833,-0.3307080486846632,-0.31882840355855,0.4593316575305405,0.5374531400404128,-0.5711888489573316,-0.41424068495378136,-0.6269770714252128,-0.337207513141777,0.4814163514806964,0.12108394362318144,0.6458878542108787,0.29156006010083146,-0.23553337168876678,0.15649048404585317,-0.5322057482454914,0.372821923116585,0.6083693299384534,-0.28480400688921487,0.4440847158733189,-0.12764532704893033,0.2208909613927844,-0.14580255882623788,0.049983649008066684,-0.18992969782909444,1.2006097161164115,0.8967441576653861,1.0488208777956705,0.9277459149993109,1.2488725707363295
real_0219,-0.4376246952948421,-0.6771370448268794,0.1771990592675589,-0.565143816330808,-0.3382402875759246,0.05183022706708973,-0.2763286341291908,0.047657594879622345,0.2741002655279503,0.12580810699437034,0.49852602252050243,0.34293495148189423,-0.23710202004810588,0.127256233563226,-0.025743169214227993,0.4665148215928342,0.5586932654243643,0.2419273132079669,-0.2898233898022281,-0.37517520188726144,-0.17051575085384477,-0.20944732824939047,0.7724238176239594,0.3166917668527362,0.3657512272606268,0.21011145933319053,0.0010155207658985232,-0.03148709981897803,0.19709003988000018,-0.09396166280690668,-0.0616990599074398,0.35208606076015836,0.19759706548475875,0.5090441433710606,0.1868076204434615,-0.7191456365854058,0.25035751517188093,0.16488804267445323,0.4441835329935684,0.7064706753674801,0.3568653743117201,0.05077774457676796,-0.6580323951202136,0.4096994640562603,-0.6962378304769777,0.4289371956122074,0.21358848834259644,0.3068149813744026,-0.7810809655625766,-0.21497478875132106,-0.320724580956549,-0.2762701344845215,-0.18884928310302823,0.41508597780599854,0.36446652543892,-0.307153049220235,-0.694649287087161,-0.4476523602059001,0.3255097954470578,0.48707386912335804,-0.41110675860638374,-0.3574579472774505,0.2585407213283989,0.45404379126865546,0.39124954080723306,0.976824148112515,1.1346723112615822,1.0546408045704245,1.070406894360585,1.2427847517057278
real_0220,0.2663963777529965,0.5347283462594858,0.08818091175197514,0.03133272039873466,-0.0898956820222683,-0.19197949077701948,0.5862399204945508,0.3766054875527885,0.22539560031840364,-0.2503769020917404,0.20045162325620441,0.27771043846796023,0.5585767589790045,-0.034266313543453,-0.34476998028845446,0.12645185623016275,-0.02526553036067021,-0.7010929778987575,-0.6037903182024236,-0.6421988457774833,-0.09707919119461147,-0.42767192382667785,0.33417100898593516,-0.08129160014605084,-0.9094963611139015,-0.8008306806223902,-0.23151334754974506,-0.5962788772994806,0.46423230165190704,0.2847448026023061,0.3518519675170922,0.0011818233279534155,-0.6311502049295477,-0.11250726923577865,-0.1684363096152198,0.536993171885289,-0.44816201076323414,0.3045956087200163,0.535792582714002,-0.4360092441651808,0.31907900775855286,0.6616124712229702,0.8176662436937661,-0.9372784299489889,0.18083479231506847,0.19655818811180148,0.5190221300225951,0.1882095003401658,0.04372845064781274,0.36363501865137765,0.04980500134434548,-0.20272409380546635,0.31350162764616185,0.5955105544637541,0.34526798961646016,0.5465234835329206,-0.027753527935421327,-0.008159331714773541,0.9720473089313793,0.5789106790928448,0.7258902032140679,-0.20032320625188374,-0.2716122597906596,0.7705900521439487,0.33950905723707675,0.8956086082493946,1.2443405421435987,0.772114199781685,0.8022745701130788,1.0070055467564691
real_0221,-0.22778062663324458,-0.15811497313156772,-0.506547600593968,-0.09619761833804624,-0.028533393880306027,0.4945495073394815,-0.3815511499559412,-0.5947777595156026,-0.0066585321662505186,0.020805584823022086,0.30855697621706746,0.3275863947496571,-0.22835536046596044,0.07679089066368837,0.12565956663129685,0.47905363248312577,0.1473748838725107,0.4742144985723797,-0.1570472448943067,0.878211648076776,0.9913672875175024,0.9747115855514491,0.27267960241631395,0.47005360244471517,0.22351228955150612,0.2539440449066187,0.7699567510136587,0.8008186720131002,-0.08772554089979294,0.08292687123435062,-0.3307310865669178,0.5230950509005535,0.7827256564656291,0.24965420109517084,0.2639079654829337,-0.20193561524453535,-0.9920214278386655,-0.5841839693012607,-0.25740097475259166,0.33418946204904637,0.7448566123743711,0.40525209091137354,0.12834287374327122,-0.7689780267621643,0.09207044474664478,-0.009720251469542866,0.690920036382075,-0.05696900497613379,0.2844846781454783,0.1216063433215419,-0.022115732516705296,0.27296929431106454,0.05116150772888131,-0.19949087445574382,0.0058615883809059145,0.0564487456539503,0.2491886071046299,-0.15973538383731414,-0.4659137376881738,0.06739220688318598,0.15994079385349738,0.14617909402961723,-0.26209647289277005,-0.1408576953376937,0.4575901059416451,0.9664211774679251,0.8544775720522881,0.9037517752269175,1.0900634556087625,0.9456934604453309
real_0222,0.6807422909579824,1.0,0.26754877722312376,0.15308188028598466,0.24594557050791108,0.4323944092161124,0.18155905381740967,-0.4196554655983163,-0.013156688498957398,-0.0285592359359832,0.5274834801682403,-0.7020906624923968,-0.25179532413720485,-0.20413855316006524,0.0492761780508705,-0.23923311357470964,-0.4905002740303126,-0.8367370663597703,-0.24422774757755156,0.26063599308745955,0.49646784735167615,0.001117507398754495,-0.023751857511504385,-1.140291584631718,-1.0610121167990054,-0.41829148253826937,0.3051079156374131,-0.04037966663162669,0.17954289017151523,0.21479481836651315,-0.2573368515240192,0.5227143543343906,0.4250429050459797,0.04172174340067954,0.6167436143942836,0.9543392643620398,0.06265044846759799,-0.20242241666221983,-0.29236802492589714,-0.16649372872695767,-0.6801288909468562,-0.021379600258408373,0.23533486379373966,0.4990441112912759,0.2904010260927451,0.4506410269778889,-0.08869974488980371,-0.31140832401693097,0.5394301997179235,0.07175854656911337,0.6654826242691717,0.7195473382523322,0.3492909640454556,-0.1597709121072835,-0.051272658140564635,0.9783361779992077,1.0,0.4488419477373565,0.7112492847670963,-0.16352392104574917,0.5780980589251731,0.2503635081268442,0.330431901099849,0.28948495980422356,0.35606171498851097,1.0363745186906832,0.866845651642816,1.2875553879832924,1.0006217100371273,0.947647793240098
real_0223,-0.40806948942195764,-0.41740507650355957,-0.570203159508423,-0.3636448762672158,0.058150389175621264,-0.32621058719922097,0.05831072543679562,0.13038812385997317,-0.32395429957120314,-0.17391248425853986,-0.13763096980008982,0.49912206186050834,-0.0173514421336004,0.09695811927796572,0.31068343162291395,1.2,0.2855728242171827,0.9762317534353695,0.043547713002699606,0.15826641862821197,0.5780027175525922,0.21463051509352624,0.6203801329505436,0.3153149580722295,-0.7331295875922371,-1.0677212369380478,0.4053703709967772,0.356585093578271,-0.3042213100674843,-0.2508152306069295,-0.0053133891187887045,-0.46036832377245746,-0.6731324695438374,-0.5684313451279449,-0.212793757890921,0.25788114207691565,-0.2907531677719273,-0.8454564897289065,-0.7287559018834591,-0.19482629414643243,-0.6427040807463902,-0.5884479309994494,-0.5821704488458647,-0.8349731852347144,-0.07010148690629806,0.37038147829906987,-0.506844113347299,-0.0841120308631508,-0.2722416103808718,-0.07973283948113905,0.08965614973970117,0.11192295568696539,0.14172385996829798,0.4492925938393896,-0.20947554741857524,-0.48465382689827363,-0.33055788480917014,0.4330227439619971,0.7256149948174294,0.3425411314718933,0.23427865620317534,-0.28862150250754126,0.6122961810290134,0.9392891231667835,0.6720006823997858,1.0264860037680568,1.200367650448035,0.7675840974531426,0.8500373323430965,1.0976326490798793
real_0224,-0.5533598433886328,-0.050476175955540915,-0.17383014702890706,0.2167974245101926,0.5752415612834169,-0.25465365363389175,-0.5484473221287568,0.20216971385303453,0.41809861903451023,0.15014984588846775,0.07571281493721847,0.2617432595768056,0.04085672422531262,0.1288968300238169,0.2071644873601872,0.1221289453457702,-0.16987966754554484,-0.5248486979850561,-0.11871669862595362,-0.09199504257362143,0.510552220312174,0.0347313895562946,-0.39723047254078603,-0.39548646529501646,-0.1324104905092302,0.546129204805043,0.24355921330287783,0.489649027923859,-0.21116125985017584,-0.19226942213580384,-0.19892487186500868,-0.16793047194493332,-0.0832948976247926,0.3154600576806783,-0.0056522339086631625,-0.3467153344398231,0.2212477713179542,0.23662950888484377,-0.12840287513920468,-0.07556731822694872,0.45722718310972066,0.14281599364175457,0.5661144558502584,-0.7828096887519477,1.2,0.12032255841155338,-0.013965086507886032,-0.07779600227379631,0.25095783897973273,-0.10539675420073437,-0.052680098976431555,-0.28077786422880213,-0.15891181220438816,-0.14738211670312185,-0.23156771645276253,0.1043414448337157,0.28544074681431447,0.39370406242715544,-0.34328479613677554,-0.5515560433513185,-0.0814551367919267,-0.5266489879161751,-0.3151328626535016,-0.4942608749082211,-0.19736246731026205,0.837341789164995,0.9712984019957409,0.5766691102058938,0.9528341275650294,1.350296568758474
real_0225,0.2046231965627704,0.04565016817804636,-0.13847775209296906,-0.015788550027936832,-0.3506974981630841,1.0,0.3076940557430766,-0.4471519562196688,0.12382590306966317,-0.23348791928471252,0.5728956874305087,-0.5908581082781269,-0.7066838675676004,-0.31375884875613874,0.16727201810338588,-0.16591980897331887,-0.08288084179498867,-0.6206083686213616,-1.2,-0.6055784026551726,-1.0511426158598398,-0.49361764504997013,-0.19981468910046174,-0.3692414150228894,-0.6804076238827079,-0.3135745867377638,-0.24258406283854123,-1.1520948770960577,-0.3625301355110535,-0.550772236637399,-0.5914551882171408,-0.002707886549326333,0.10536927631775415,-0.19495560002173487,-0.518509630089329,-0.29274829823122056,-0.5984925867858648,-0.1710362858895919,0.2615533723849137,0.15102190900635407,0.10512930011299107,-0.15285660566900228,-0.12826884622215062,-0.28659141916096287,-0.0681452743896709,-0.058367454778487066,0.34804683998024794,0.18833848038361872,-0.09536645041254367,0.0609421969338019,0.7383606245154847,0.6998506074066352,0.2432034258291406,0.36438121457794936,-0.16587554578305166,0.10657633795376205,0.3756784968920056,0.025040807719910886,0.5849593048927524,0.36716136556573215,0.4770104391508724,0.07167383719004572,0.31130836002342743,0.16965307617936629,0.009578150899206068,1.0135734672441812,1.2105732088099836,0.6276309693514976,0.9631648506969557,1.045328554465355
real_0226,0.021595900276120458,0.030827827431457438,-0.2630183901247737,-0.294666611549626,0.11615923970162746,0.31683201052125715,0.2664827851086596,0.06635162027654293,-0.20685857628297769,-0.43640101001612347,-0.11318916417826666,0.24624738056652254,0.3934625632701537,-0.5071085440239067,-0.16852776862021526,0.8436002755625365,0.11960277200936378,0.3782937016144772,0.08638412574968501,0.4776140741970375,0.24850669891803517,0.3040933863406909,-0.15833446289172026,0.26066646647363145,-0.22538248047553247,-0.5009661170978615,-0.46744364873083416,-0.3856629352593454,0.14454131309023455,0.5314598797328937,0.5674774152377198,0.17963332531801596,0.2547995179848733,-0.06121675413649382,0.5944462517914406,0.20629026144903456,0.35688416383019317,0.6682223145820254,0.6492505687066933,0.6158490942116004,-0.25609739327554654,-0.04981463010015179,0.16255332227078118,0.49331374643825976,-0.07810601181373612,0.43115708322615304,0.17144990860324083,-0.7363616695252216,-0.6974941540356964,-1.2,0.3728188266013127,0.43304715291382645,0.3056201103397643,-0.12010098217186906,-0.08740880864708007,0.33169718881869104,0.16429668529308705,0.001466460110029782,-0.2547489461372999,-0.007203642244931626,0.03262268065082187,0.1761271240119539,-0.32030340393901174,0.2929206730553192,0.019852208838231307,1.0342342495208359,0.9336196432161724,1.0058219893153337,0.9459689741325807,0.7721390942156774
real_0227,-0.22562368802379776,-0.5535621772918748,0.10386579035889204,0.4307082269624697,-0.6271534889886996,-0.07275663943265484,-0.18837970929806597,-0.21414169471779607,0.15380936407296855,-0.11119510087936273,-0.022111659166937112,0.47491068798507335,-0.14004004904428802,-0.21534073179833907,0.0217182176254184,0.7070698963768903,-0.15924243294981366,0.14045750639256047,-0.19925772969491717,-0.30970531614728375,-0.08240655573085456,0.37009537103983353,1.1467738268346346,0.10011759124001346,-0.07357487698154053,-0.34744576838809405,-0.18476971890734856,-0.2989032957163121,-0.3494987542133968,0.46328817244206605,0.5234495709379041,-0.6129920280646503,-0.5270867187936857,-0.4816865540823153,-0.7741695653836296,-0.019363462204917026,0.8442554592626025,-0.2877322113878943,-0.8264136801407173,-0.5472468189126436,0.17188374786350163,-0.09887401876033632,0.5744738281917575,0.5228365820241393,0.41856940110276986,-0.43213690835544044,-0.29749696218859434,-0.1045539044929113,0.4042190081884867,0.124591637557555,-0.5731352957827316,-0.12483033906999659,-0.5478118923736316,-0.03663492875854757,-0.35834162015558296,-0.44647758525711057,-0.14755878089931515,0.08642514994386455,0.2370250163473644,0.24334427519162347,-0.6374247278268634,0.08671068770484319,-0.21943450406436207,0.39407692381015624,0.18155236362267568,1.377621105630088,1.2182568364406068,1.0061834556065399,1.3542682484535367,1.206106765596245
real_0228,0.2929711366306566,0.16363722915940507,-0.17798037697330896,0.3783797150110062,0.16898087159595163,0.31942708318095187,-0.11411906308856122,-0.6689173463188824,-0.09731540448375581,0.446697352844187,0.732751092770476,0.6158488958058582,-0.3897321571118767,0.3927240524263887,-0.04481539507264827,0.17573032656675627,-0.2873812675043405,-0.648734508944963,-0.46738011956561215,-0.5583051189484954,-0.2045781416749621,-0.4123511699075181,0.22329036593821525,-0.293583434660705,-0.18720286275556652,-0.827965639936173,-0.0782018179977331,-0.15402414749311258,0.3949697258280635,-0.0022658695619577267,-0.2803512114380432,0.19644042296886982,0.744559504097383,0.30512338128136346,0.734066466939215,-0.16142826591799087,0.5003958539089506,0.13828144363492112,0.39160904490259246,0.33765632740553414,-0.07475151967088266,0.878597920001155,-0.010014648853342896,-0.7279931040091288,0.15990100905518828,0.035776651040337,0.2153309123326756,-0.05440693303770517,-0.0028810145750195965,-0.29907266022438334,-0.41912767356371033,-0.11067271243594366,-0.4554595365061832,-0.534654935181496,-0.26568810054708775,-0.1396152190125495,-0.04005553739753336,0.08803347577960263,-0.5341720795088482,-0.6221441555270939,0.1271361793432533,-0.11160826942784656,-0.3229676141435372,-0.03430661858608026,-0.05693201901099784,1.2815266916922505,1.0197228725208178,0.9764778289149758,0.980310799538424,1.230287686598698
real_0229,0.2190378189875362,0.11075093672190611,-0.015151917484206984,0.3852390001906653,-0.11732478625104295,0.5796856666296882,-0.09016966657696358,-0.2708068645008836,0.02943587424711588,0.46588301311794306,-0.04738199727935734,0.07045993666339244,-0.02766173327831366,0.44096369569285,0.3629565502431429,-0.2717061940284292,-0.16195515076963424,0.6078048185583897,0.7111252534060267,0.1251625218476511,-0.3813996092296931,0.03214258675070312,-0.5965471632837296,-0.5724780194585164,-0.038027446373407915,0.7062373759631878,0.25404627193092333,0.255849306896289,0.004022932880854171,0.07521731681477897,0.25510162461287605,0.6274170666199846,0.3824188535078458,-0.3704318390126367,-0.48483883630670765,-0.09436940473669156,0.3862752334847321,0.4206167838943023,0.5647588231011339,0.12633876226140017,-0.23710612694425373,-0.7148755958579982,-0.07993503385349059,0.6994275543839076,0.5317199264992541,0.5788497247523108,0.05145134459177498,-0.3552458328730314,-0.6210235893680934,-0.8334008572398625,0.41144992722053475,0.449192311770268,0.26693280373053146,-0.7070603785238826,-0.017251847574972293,-0.2512867494365578,0.19882977998836843,0.4435527910175723,0.04210717240777683,-0.1391145813971926,-0.23910437824380848,0.18277425565219935,0.14261943151772674,0.07611270318098383,-0.250066715729294,0.8720134974161771,1.0387343234984043,1.2428379657857003,0.9512207779645324,1.1636648821119464
real_0230,0.3544335596173296,-0.11243157323093021,-0.18741360444643174,0.43969859210082984,0.7469330471979051,0.3610355054226921,0.01810468924050756,-0.054714713739038065,0.1073336447620779,0.23361531803581592,0.7754718348655366,0.3072164300384937,-0.4496585655811391,-0.29753987747170035,-0.054983525077373384,0.5020299500000236,0.0014766670114288766,-0.7288137263852479,0.13457206514861997,-0.02574155977800136,-0.9700012517368998,-0.14597890358256907,0.010433441969496384,-0.2768811096580515,-0.5451861098619293,0.14910180408227786,-0.5736328664410707,-0.2760439154988655,0.05667876406865426,0.038674114316074044,0.18202723833943346,-0.14172828513361804,0.4742735946748969,0.15983068570365608,-0.7593050413114566,-0.1743252003326242,0.11702893992867935,-0.4254689895249342,-0.10975731181243037,-0.25529263106086475,-0.4612757637067482,-0.8143893621801989,-0.3556284198754708,-0.08632788720657111,-0.11086724569519815,0.09471225855809168,0.0065903125031838514,-0.07508496156772762,-0.5076331123984468,0.22262210794877266,0.19260279495529903,-0.18945189446795346,-0.02466670040263775,-0.2608751579783192,-0.15076486293031494,0.6007128273646218,-0.08920769636758437,0.17556040527200412,-0.18833663460052333,0.26472189777154154,0.12568537098897808,0.17593041550165456,0.5348403380858335,0.4775579169998217,0.3472427521601509,0.9568924957676236,1.2347077032504856,0.5,0.5805098084779716,1.1863747266312457
real_0231,-0.11750620898104862,-0.3408345700909398,-0.008073463986912985,0.3610722746491856,-0.37847684906184664,-0.07734615148775839,-0.26150554218622296,-0.30923735809849134,-0.01706039060598156,0.7204072125069029,0.2571052227666866,0.5139853846879057,0.3341422633583143,-0.32556698335182854,-0.0072125655990179565,0.09864466094826403,-0.9174008177207549,-0.8063300452777712,-0.4671835779338311,-0.43535163848939534,-0.46701367136261407,-0.2952406905413007,0.1441073456228654,-0.3646897341578724,0.06971771541676297,0.2567302308720501,0.10834534695705636,0.4440265172573289,0.31338561260905656,0.015440140505600752,-0.18297621825612823,-0.36552731991608717,0.10929156104370197,0.3322294301939539,0.40411351221877284,-0.3260846160538149,-0.3656106955802274,0.8892930286097437,0.2541031291281183,-0.25228558677280793,0.3470275403405891,-0.04701232996624538,0.24947728023962826,0.1271723679104505,-0.3104821345445467,-0.02814458651865416,0.023849119642793244,0.41462406016445036,-0.47136381253814336,0.258551799289048,-0.22106675888023877,-0.39532597748884957,-0.0687996167667176,0.2038098121049048,0.07785061687462322,-0.828131052827222,-0.4523597508968013,-0.4367473229779854,-0.1964857960468356,-0.29976512357552343,-0.5572162687325151,0.15270915877895616,0.4062364028987395,-0.10621461349387716,-0.5685485678851139,0.7804836997244495,0.9457344283833743,1.0791867748861648,0.8211585296041045,0.932267967460548
real_0232,0.016497312851951756,-0.06407204687992522,0.2682816023019444,-0.7612404450220625,-0.3529164928156428,0.12272171185995692,-0.029003691218437596,0.35420289790944104,-0.23583349962715253,0.21206125482359628,-0.4939585207874507,-0.024320376595968234,-0.051166146505293435,-0.18755076353770075,0.10742871540132705,0.2253271632517935,0.24175071557927488,0.19700109052092624,-0.5037063810048812,-0.12360856163480753,0.9293570266667026,0.9314128098363204,-0.15037451466180976,0.08448181891838977,-0.33386326289414,-0.780745071911296,0.1169994207456201,0.8833858027471442,0.11456075133006373,-0.12706521659401748,0.29933554094690473,-0.3242465484584074,-0.1183202840611867,0.2971286082933413,-0.35140862984831067,-0.21821625990693896,-0.10504162599613458,0.46128319641460225,0.028609526214938605,-0.17531312792687462,-0.6202744534146882,-0.5470633764474796,0.026119000894580063,0.44518787525703907,0.9496545274789222,0.8149823308739834,0.4870339161432008,0.200456606535016,0.28245405234098747,0.14847450409703905,-0.409516987444315,-0.6239465516121546,-0.15218763897420187,0.06520299314266241,-0.01022383483856169,0.37470594713531213,0.12143450877417175,-0.014001954741486725,0.2601038496081535,-0.4485626925397007,-0.17425644038902605,-0.05277526694937996,0.053408587481856076,0.31071432429656315,0.18738145262465625,0.911393947905477,0.8588316856112562,1.3122876403607147,0.9473853151087295,0.7677527082173551
real_0233,-0.213066631074113,-1.0,-0.1766270526503049,-0.013293945458456587,0.17682570521987384,-0.5568878002238479,-0.7519740292181014,-0.47772305752082966,-0.4773172677483076,-0.2782349294492846,-0.4881045421664719,-0.6531191735403109,-0.171805469390102,-0.3932438292662378,-0.3001372876994334,0.08861919896640838,-0.13598650274310808,0.18928179790012353,0.37365154198939143,0.8540120607040078,0.3944964347278996,0.3788703284020385,0.4026867886336558,0.5033483826497925,0.9855026724076242,0.27899179115112055,-0.32479073074713277,0.23254662729194392,-0.2721640398706819,0.3962010483958998,-0.015558273044457222,-0.3473934025455813,0.5713994125796249,0.38197152613448077,0.04903669436628355,-0.09324355714121671,-0.10182631400613106,0.5758890219537347,0.9270148971722306,0.009090984291266143,0.19428520169967295,0.4089252004281046,-0.3946957592940813,0.840694412131423,0.22578892549223117,-0.31182399190786625,0.32539039487008536,0.25357501829132817,-0.14669408156303412,0.2401132118336328,0.05634052638103659,-0.011682066033904941,-0.8800694052418367,-0.4738321260789534,-0.21358062242005074,0.15021143497840134,0.12911556530290869,-0.5194367957587441,-0.21993634786609298,0.14420383726040154,0.09042084344955156,-0.08297438840543472,-0.11775527780137217,0.4274514435443021,0.32537995068504955,1.047340750538551,0.9327153687957468,0.7744438470216573,0.8628294647646715,0.7829516423398051
real_0234,-0.1063820978538944,-0.8477405533147524,-0.49863875064267466,-0.2112873109648548,0.15029154420954946,-0.3097868163426619,-0.5437427441683392,-0.52298803387787,-0.18519830477715585,0.14455963683618003,-0.024454650037943754,-0.41743049300982255,0.1640486062273004,-0.24058472013502044,-0.5031634155917429,-0.319631152758781,-0.34009549300403347,-0.7343886583264015,-0.5349662050309115,-0.25244665284241935,-0.5016749370031439,0.37872010036770287,0.1678908631734871,-0.6215871008819919,-0.45309198541834034,-0.171568909093525,-0.702742713671262,-0.5215137389604935,-0.23707586788480536,0.10397577508538453,-0.2841494926129025,-0.6405429549623533,-0.4405716190631157,-0.22849703244193342,-0.2922929554553845,-0.06859194893324286,-0.02299022714177315,-0.3642420879063628,-0.6574026103581372,-0.7154357680796954,0.16211370883114068,-0.4238387899782023,0.1462872197154699,-0.37705900124541597,-0.08048795510047846,-0.271089967759453,-0.9190218909241753,-0.3639330721658512,-0.4161552240401379,-0.06837083002821476,0.1309508822861544,0.08040766371003442,-0.22300828323051985,0.00419549648114929,-0.13990975019528995,-0.574362257661679,-0.23539252668783534,-0.33346482604165606,-0.12650690941161122,-0.2784106559908777,-0.19950050610108236,-0.3317224317740169,-0.6192808268902598,0.08888664615208543,-0.06664244605590222,1.180878043133235,1.067850092596471,0.924038697642021,1.2763415186755593,0.5911341878855355
real_0235,-0.10337400520220524,-0.7644677686295135,0.03327938611795878,-0.4321091932558336,0.6453812068101511,0.18020219265224494,-0.1515693594068582,-0.2575273877685124,-0.26926979248477373,0.7419853593028058,-0.08906290543227646,-0.12005358086179595,-0.9574273372056651,0.10890553258340414,0.305293567683686,0.388131072269857,0.23104461788079786,0.14649076955827134,0.11519466823692998,0.08423721801744846,0.41830528177337317,0.2456582299209495,0.34825606568483874,0.7461717943951266,-0.08189559418850095,0.12656643312900703,0.2390779191865789,-0.2802091219809892,0.33643234835615393,0.07695331983296688,0.20220722490014395,0.17674209298760338,0.1080409180907625,0.3244651764130705,-0.14023227582485068,-0.7386130638419739,0.6354085515611729,0.42803637568952974,0.472027656819701,-0.5508759813829951,0.20974083278211111,-0.8006254080944051,-0.41230649077877984,-0.6328610221641137,0.4276888078294941,-0.2008953921680461,0.16697880354332487,-0.600579993840875,-0.17230298710055678,-0.1405544456249955,-0.4569183081580261,-0.5932016170544733,-0.48117806906120686,0.034645715783237864,0.08433178382093477,0.02390721652317086,-0.2765455791992947,-0.7258146400556237,-0.07772629074996101,0.2644519558542531,0.19212137996523188,-0.34971776847988395,-0.05001934588568882,0.45593667292387197,0.25762663813163816,0.8906374243384587,0.7651361391729229,0.8494216165542758,0.9670124449207562,1.0592371528864875
real_0236,0.31296087811269874,-0.3659125947832788,0.4333435763767823,0.05209806697104345,-0.8063934353947089,0.24499546132487188,0.48289092832724034,0.34570049053204605,0.3108629884539039,-0.11729996121046941,0.2774752036796394,0.3065018470616033,-0.011918802807209715,0.032406704830357,-0.026365266765131855,0.20424695676244642,-0.1707719228098663,0.379890790194717,-0.38301672815044707,-0.16301525879544101,0.2894999059782902,-0.3825830014654003,-0.3758314517248668,-0.13492418471214118,-0.3273911351208777,-0.6687336801204252,-0.24276337280794133,-0.5475507574377725,0.34452190190664195,-0.4082935505280828,-0.4639111797674734,-1.1100411984106051,-1.104251583814496,-0.331536572696128,-0.2719754707802775,-0.7091051804900056,0.1010295939668526,-0.4365393699323516,-1.2,-1.2,-0.5585765386825164,-0.05576919649533384,0.11529362616324976,-0.3499316268557649,-0.5843002377360085,-0.7193942258921241,-0.2804588574349576,-0.7207898946012127,-0.262730547356012,-0.49470854258029234,0.6047571191545712,0.718053068074748,0.11291612779096898,0.18180132372302835,0.24802661984878477,0.3787453457685688,1.0,0.3154688800845574,0.6701322997706413,0.8069985869929063,0.08514853978006283,0.048356988693970746,0.5981445355458721,0.7601526651812709,0.4132812968520559,0.9018780339898305,1.0956206353976683,0.8211307907844942,1.2576888498636505,0.9791378041933516
real_0237,0.18046200234681456,-0.23186916332880297,0.13888079128063632,-0.2350226756378093,-0.21441922366326013,0.523477748079903,0.15085378872745228,-0.17094568913163755,-0.17501201642251032,-0.4127789039261015,0.2410104588669947,0.6790551935412056,-0.11351261141171749,-0.05000780166088825,0.5187927743089783,0.4683457152538378,-0.25615163100759075,0.1390995402749728,0.515118701952818,0.38825217052280153,-0.15207253131768123,-0.20910088754344472,-0.29633891108366894,-0.10916051895986227,0.2203915940158861,-0.24282167923271647,-0.14677280189338046,0.03830862579342491,0.15341576169000704,-0.12375275046005127,0.1711733413720659,0.2682023295000126,-0.4231888898221437,-1.1487863973111072,-0.23632198694120785,-0.08936787643183701,0.19737189020977305,1.2,0.7540467906226065,0.26990058410789197,-0.7145364516134338,-0.20817453216409373,-0.057453446598699075,0.3660904393373482,0.11905413691696765,-0.3674490820465369,0.44525257210135055,0.11820008516705763,0.0075962277304297094,-0.23948914108276984,0.13624257816222105,0.2891685200596694,0.32020429625642177,-0.25580296280351394,0.031766958162885744,-0.5802089676191249,-0.06541034058624065,0.18184366448800945,-0.1472559740873295,-0.0066077211022882686,-0.7563757878839475,-0.2844142694456855,0.3187008531631268,0.5305919708654138,-0.04837184699964559,0.6779066455392018,0.9191843023573385,0.934747598995392,1.0123409268100736,0.8900030738675728
real_0238,0.3705182721666182,0.29946183658479514,1.0,-0.11479774227136559,0.058876385851154664,-0.004689052322426236,0.617233077038759,0.48317957978085524,-0.34738100024196256,-0.0832171648140143,0.03836830597932252,-0.08416661984517991,0.29369402988550064,-0.21860972614592641,-0.3550597146112146,-0.29467264444807506,-0.4740934151836745,-0.555681960401419,-0.310852882258165,-0.7618761177666427,-0.7016253754992692,-0.026444246493068056,-0.3436068100669894,-0.15234835799694096,0.32918693616002725,0.5837712603341655,0.024388715001323277,0.27414948566116826,0.019619371095465545,0.4160978397118266,-0.09853652352403774,-0.11653935693085708,0.5220422120045388,0.345174990495576,0.5526185615043265,0.48059236470874955,0.04859645318194262,-0.23876178225603562,-0.10769560239259385,1.1019193360213901,0.9430968022828704,0.5029109283846599,0.26331608996634775,1.1390542359774578,0.8199948745763593,-0.2273304325535413,0.1384061602978538,-0.30004789016297106,0.17740497232771954,-0.06557962975785131,-0.022137635018641157,-0.06551386769901466,0.019458379915214777,0.036621250916905,0.08844450016599956,-0.35601569742345535,-0.07755918121983112,0.23702580343625,-0.33017421988587237,-0.060106223579647795,0.19103492141832273,0.22930762973550103,-0.2810809104972328,0.20274672590092693,0.3789705598217985,0.9756001119182639,1.1721718991100345,1.2854970567369008,1.0074455672843152,0.3
real_0239,0.467685338102381,0.6630084380573823,-0.05571154496423667,-0.5545492128071517,-0.293580240604591,0.1793746969254766,0.28179962122004487,-0.42803939340530633,0.14647170752306504,-0.33468334539785183,-0.060817573503735935,-0.07553608969392707,-0.3258425926585049,-0.1503463966848601,-0.6258752518384885,0.25314856550417686,0.006158517599865263,-0.2912973183647543,0.37987544376014054,-0.5323803347061894,-0.6410460994457692,-0.9182159510446334,0.7713932396679583,-0.017928061578555664,-0.34285019414986206,-0.6885530556264545,-0.41733646432784194,-0.32091093046943053,-0.7965321331829133,0.31983921711712937,0.04205664169723933,-0.3017195154434194,-0.4048646306975803,-0.16038278664306352,-0.6042702754019982,-0.19818415213524984,-0.3278017647463098,-0.2012566875800514,-0.6627952911504476,-0.5960687825332962,-0.14797982786472755,0.20879109658291756,0.009531136892705546,-0.6163352019595548,-0.08268964620999548,-0.2446146160227072,-0.43030280101340795,-0.5421657320922681,0.5936725824266667,-0.12255135157499088,0.13419646801739715,0.31587376793168176,0.2765609190051073,0.5981859519401393,0.30235776120795865,-0.17823228329109678,0.1360024493628494,0.1807720107936155,0.17192599661576452,0.11913340517024332,-0.04102598870092961,0.19230262807911355,-0.3501071564528123,-0.35257129915342456,-0.3162788746292329,0.8406378382210655,0.6408609542649293,1.367477335097504,0.9822407104574998,0.6881706325764578
real_0240,0.003103676169817975,0.2739772867480173,-0.37397700611927903,0.22170455959035865,-0.6655450078712153,0.2428893854315157,-0.6547881634448793,-0.2509248655224758,-0.3027257653279646,-0.3759688509101197,-0.14570846733311582,0.07714296892812665,-0.2433275334300893,0.11297537018255767,-0.26311218865647273,-0.6205060657003344,-0.09345983019615188,0.7188219933742405,0.9718344525174928,0.07777766568312691,0.15900461612180924,-0.4398328435892077,0.6912681270134334,0.4600457976489457,0.13939105480252628,0.4274159541997261,-0.11875498369632477,-0.12589123668586974,-0.527005750131949,0.6054366391570253,0.4224399870920774,-0.04665328895406854,0.6487039932199161,0.8668797182200375,0.7526520959923527,0.8144858776619449,-0.15876135410045922,0.32244595555868094,0.13289999352166187,0.460342633945048,0.7573259141108312,0.9645167167918055,0.7087869860308473,-0.39499851263928576,0.134665843888419,-0.5350952419183685,-0.2232251792104939,-0.4473844927979952,-0.8164823320243206,0.3267730693618961,-0.7247212924149136,-0.78277118947945,0.18594034464170103,-0.15293730630961908,0.17286272522516677,-0.736939654782793,-0.3116639924737758,-0.4774037129192748,-0.2891673675965579,-0.14220910115437285,-0.2098813510746314,0.1808524145182794,0.048230309558311694,0.07988795606622329,-0.5690225443819842,0.9205840858950889,0.8820151337343747,0.9328121549919705,1.000759250324292,1.2802101628507918
real_0241,0.32362269925797854,0.19267506882029004,0.539415617349103,-0.3954559916979663,-1.0,0.5241990499414316,0.5926351200384514,0.33522875012702225,-0.3257643586383519,-0.37158998822604133,0.5567540961092767,0.4996127034151016,-0.29060138069091035,0.1144731233485819,-0.20900753619830104,-0.7300403750175669,-0.37243499467207375,-0.8669411833574568,-0.025387032158109137,-0.699038659740303,-0.8765623819634382,-0.34370461910059613,0.31602677828140047,-0.5941807800066771,-0.3992894563317146,-0.17609025004586618,-0.48610958925180553,-0.25891417387527693,-0.053003035319918027,0.45652109607938146,-0.3652063706934738,-0.7492344867589772,-0.5772499887259328,-0.30179541047319114,-0.15365107591781074,-0.18204857484100215,-0.12496542667922524,0.08633496102348814,-0.3189621744430399,-0.40438768824031585,-0.049759530954877965,-0.021240336936725314,0.16964791895091882,-0.31134531377992847,-0.07925146324047593,-0.06182121485676093,0.06769519425665353,0.4604699607565572,-0.6152008648812378,0.001091514516639815,0.16626182306017398,0.7957718870202389,0.3557263508910459,0.09681109101633488,0.011416604062759749,0.4510226914283465,0.3420032755400516,0.3365293779690698,-0.2488426563602606,-0.1850751844236802,0.2594282367510071,0.3655817936478586,-0.17973246349547542,-0.11705333160990182,-0.11268498986769769,0.8684708832748618,0.7470297773148847,1.381012042812894,1.343759000609972,0.8338434999842173
real_0242,0.18779705731462204,-0.12616210997372448,0.0822326277771145,-0.5512251105263198,-0.7600056327405521,-0.2075623835170422,-0.3226207408839713,0.6368625713349056,0.3208957446186119,0.1965143103112906,-0.7518357135285496,0.4087096330970852,-0.09780298470403549,0.31851367401566194,0.2980432809250524,-0.32960716145928903,-0.08114330831761868,-0.13729133059054355,-0.3675861833187402,-0.4026481850373352,-0.40612429131374767,-0.2107623630183456,0.5877214434347993,1.0476069838061293,0.9036186776793897,0.572904355436839,-0.3117404238744062,-0.3964548579057662,-0.3153536724561201,-0.12470792150584886,0.41135423314781333,0.6143538029402621,-0.013378672670561934,-0.6021939595167234,-0.18241796193741133,-0.21473760431630382,-0.5695162444191519,0.4860164156534568,-0.14924402534556142,0.07081937560855152,-0.5471735781860948,0.4363756145264323,-0.057020400716600084,-0.055131953358212867,-0.2633010148367791,-0.0182197989131713,-0.4159821111172525,-0.14134697836020113,0.00853578562277544,0.9524636203928176,0.08019706482839266,-0.4406780641269372,0.2026503188354515,-0.1771137950458545,-0.22923130493933336,0.1891885308284902,-0.3372412362935824,0.05228058680504377,-0.22665351040195922,-0.40715270871779236,0.06114566255359876,0.09275488399456742,0.04241100959113739,-0.13720980778825095,-0.4341346459034859,0.9858606168621165,0.8760655800454071,1.007115295396925,0.5360778546497563,1.0901479194142103
real_0243,0.12029074270851334,-0.3502458451268417,-0.06624095696380494,0.5234019428471622,0.7855009469791636,-0.08614824167796625,0.06196262695612803,0.14188308678853304,0.2100162317004918,0.19221403987940272,0.2684952052011362,0.02814986499183661,0.6168393634752433,0.47097384750601345,0.10086875441814165,0.05039591098529206,0.4435654288979421,-0.5314036696471721,0.06247824989322434,-0.4239629765862795,0.2935276188004827,-0.33802169841279195,-0.23893573531963586,-0.1109930092529866,-0.5185376282852081,-0.39558461532145156,-0.241314635975321,-0.08133334940297474,-0.43682641389152893,0.5327050968515447,0.8431464134823761,-0.06626832990218304,-0.2416534592634363,-0.22059166027260868,-0.14073330243778573,0.17710597038703094,-0.0774500087495602,0.23394360366036357,0.9156150049976979,-0.10461753842353605,-1.1338902298011033,-0.18604568975320385,-0.5292863435932077,0.27875676674261046,0.03144667626147446,-0.1866855768114912,0.6326870677117066,-0.5492844359183271,-0.4546473486196934,-0.7316884078877761,0.03972118299055159,0.3015916838756777,0.19633771343139372,-0.0332303964423633,0.20261133377509852,-0.27235849574358895,0.4693071546705754,0.5890243503546286,0.4504630785345157,-0.4974831595042605,0.08359798736107567,-0.0026548007077812417,0.20786322943984226,0.08795103345832492,0.3843127932336986,0.7363407412965053,1.0371498851663414,1.3507382053402162,0.5996908511122643,0.6523286425061859
real_0244,-0.1983043621474501,-0.6658601108717057,0.1936982075084509,0.5562747304777538,0.242121717737129,-0.30608140115057797,0.6832268133975129,0.3816864701218444,0.08954771128737032,0.021962308986544502,-0.04297697533836423,-0.2112923302748273,-0.10937823750664646,0.0009579699503992825,-0.6176427628196257,0.11077672973990901,-0.2509753886598016,0.6182150862121162,0.5023270853470875,-0.7962589871012843,-0.5505501608740012,-0.06725888444420464,0.10550775148264435,-0.510185719748555,-0.4883898357208265,-0.5740264205716309,0.055873360691658665,-0.8771402295809122,0.09197395100008462,-0.11697636903443398,-0.18697444886400352,0.06603376869344794,-0.5956197786216627,-0.6380425676105265,-0.2564817615313307,0.22037584675599767,-0.05398886094378632,0.032300023623217294,-0.22615361178094795,0.0605252146291512,-0.029278074246196228,-0.42105175214371005,-0.22256583123927784,-0.31628246618425254,0.2232128497077415,-0.04689751376523808,-0.17548991299337025,-0.10816111325414914,0.4334459130014058,-0.44330548029696926,0.6757260208471978,0.19048315555699083,-0.2758970397746732,-0.693374394260181,-0.2941667199669043,-0.08418754308330671,0.3819337750334232,-0.24620766309980965,0.06650478608581367,-0.317059037496607,0.1604002775791271,0.11116543747946933,0.2668685425559065,0.074999351469962,-0.3232405150854483,0.7799432131913514,0.9731160061825368,0.9813402700693017,0.8913658337887772,1.3596763705898078
real_0245,-0.5734834161066216,-0.5635042874141013,0.08263510036193214,-0.5170958538539735,-0.37130875262704194,0.3085690229531523,-0.5927773181077679,0.38124982721615386,0.3401282771221135,0.062207097444950746,0.3872622568035317,0.7342618243405479,0.16405065044643563,-0.0032139100926862926,0.3164388197280141,0.265091724778423,-0.80338862858847,-0.6957316559596338,0.26400884810469416,0.6189212285294962,0.3172302955164436,-0.6847196233547576,0.061949529345971845,-0.6812260487741377,0.3033087880938973,0.11176871039614727,-0.36649052501814655,0.40118210552290795,-0.4301888044257028,-0.4452143164223131,-0.3561749281535694,0.14150595015225287,-0.010331721596606147,0.2876746425491548,0.17068324607384297,0.34413193277839915,-0.10698196337343484,-0.06001529608395083,-0.2682270801057237,-0.05847251668440108,-0.7016957278869594,-0.18481732680881066,0.07545642107365536,0.044259029391843105,-0.20088295771428033,-0.3453749529078993,-0.47942248597248405,-0.5171333943818119,0.19978359799404122,0.11751152371939241,0.05084486295626193,0.4054351746945621,0.2922674183356236,0.4228137455542457,0.15258941702824466,-0.2409696774706444,-0.7710500211890977,0.13454865640069594,0.11567747184706442,0.3642708461891535,0.04858372773744287,-0.7854066931622273,-0.3139016762464997,0.49880523753383854,-0.0875435868315495,1.3193870668042447,0.9619933646577977,1.026211565209229,1.0029055763875139,0.9639930849863309
real_0246,-0.24261539103352595,-0.12622875739250541,-0.274426670192152,0.3957900558335594,0.042730807874325656,0.005038114554996628,0.5068155685805583,0.09964924796676353,0.46358956025840264,-0.04013481186907106,0.49074616111240155,0.45324236984253025,0.4510149899383351,0.1650273761361441,0.0271970004192339,0.24485619254866697,-0.670009983819371,-0.7822214533399697,-0.06151743503623095,-0.5011680481864569,-0.36893025150702186,-0.03309062033082747,0.03912549955985874,-0.42114141749247086,-0.446628617776236,-0.6488929106928916,-0.2809888224906045,-0.9846180750347252,-0.6719663283068734,-0.5847116434866436,-0.21673189842992163,0.16666319120266268,-0.32253752942144,-0.24151728841763664,-0.24345182724805073,-0.4726681939208326,-0.12975906419662786,0.1297200119639794,-0.06661143865189353,-0.5551651566756494,-0.6893783450239689,-0.1434448397342666,-0.13436247893732917,-0.17774933269417562,-0.28168152229305365,-0.7580997855754251,-0.4583683629465785,0.20430247379802444,0.21278429667558213,-0.37544178909317405,0.5735311885032836,0.616643517389473,0.6699685047714713,-0.19484969281004036,-0.7928997870658973,-0.0865811626169166,0.1604228140692015,0.1686330424897943,0.10483283623638252,-0.2930410267491252,0.10084434628589937,0.2491432890235427,0.059357802408733874,-0.6709993876959257,-0.5579335193385723,0.8068866128088954,0.9761222692929908,1.073094894528567,1.1380208849528024,1.0725100991208838
real_0247,-0.052620958276265464,-0.12533198542042337,-0.21281962560821782,-0.29529946310370603,-0.2014440958059143,0.1105955336481977,-0.259463498220241,0.1031391285631562,-0.6315608454006453,-0.5988774566006249,-0.37790507913983556,0.09989617723194916,0.366048698767735,-0.21897315563605918,-0.30153743420522805,0.42699645911164485,-0.28591776469282354,0.0995192316625872,0.6138072964551688,-0.36249870976553966,-0.07701549616737437,-0.16487525761686841,0.2540645891704856,-0.3969345498942455,0.07849815989788636,0.1945267554916,-0.17196512982883552,0.07476063645332057,-0.7772843559610298,-0.11653277605339497,-0.46157393942798985,0.157510693135097,-0.4607510083445349,-0.22575093108164268,0.10957117371132617,-0.9069282160779568,0.25325944452709936,0.362307842932878,0.5124574445237404,0.30475288239200277,1.0067206479004804,-0.25580358016473403,-0.13677671713817133,0.8858910029505567,0.6628067180953008,0.45594586789639135,0.3736606775155144,-0.18989721268973317,0.19442027241665963,-0.42326684099595213,0.2098320095702585,-0.16672639189303137,-0.06664659579869175,0.2667238583302281,0.35678246023921933,-0.06457380746103715,0.1882476259719138,-0.3190560872075853,-0.28814880242039537,-0.18425929182093992,0.3442141100306286,-0.02541533379589218,0.23567001032797866,-0.3200637163865838,-0.19688581043742948,0.835482163231804,1.0305082360929916,1.635770735873507,1.094617439605495,1.5814449479704211
real_0248,0.00042869298240912496,0.11373376008504897,0.04150906549842726,-0.04265617514119513,-0.010747317002208458,-0.08407437573274491,0.1366250516825232,0.7907751364613307,0.3121009117251277,-0.18546864572362146,-0.08536064454796587,-0.12044324226444329,0.5097782322273814,-0.30821748395588067,-0.4950778046080444,0.47633875148320004,0.33716090955804073,-0.3331060787010008,0.07306191299518112,-0.024634308371787966,-0.4034432191425052,0.03402792179230403,-0.15000518171136,-0.4253697552345398,-0.635884317532227,-0.13721901198012657,0.10485749223405913,-0.3750152958368741,0.9202456932997355,-0.3157872104416035,-0.2655315392670509,-0.01773808191205091,-0.28982655616999914,-0.5043918288694759,-0.08831943573873863,0.5303563670910775,0.7025095595455587,-0.38520917543944644,0.26227783538194505,-0.17686473482151208,0.07561647154358626,-0.07863803889950388,-0.37324256054554555,0.19488796214766868,-0.1594252025129571,0.07514960146758698,0.20958333244747623,0.19411303752177195,-0.14605454398266693,0.3978449839363672,-0.19944359942870937,0.02270262419532392,-0.10279660096944324,-0.19703313461487226,0.22434099535261784,-0.3597206166235756,-0.14529040608476237,0.10285821286606943,0.19637049374943247,0.08778465678573616,-0.45916686558895164,0.11067839246431534,0.0796694211980899,0.7057030591074238,0.5082846521908467,1.2755370292481971,0.8487195937085339,1.1702571149689578,0.9231508174238859,1.379110025147351
real_0249,-0.2682868431841415,-0.1249844646242088,-0.4774224750314016,-0.36455663212551076,0.43612064181188903,0.13310124340925447,-0.06705526740533332,-0.5404775669649845,-0.06262713814726226,0.5273571147789409,-0.06478881657444491,-0.4327579879721757,-0.1751126845924896,-0.4208381653672969,0.651306596667565,0.42416520022364196,0.5183492204415477,-0.37554765092328135,-0.3533064341323302,0.9324547092035773,0.3793840111495902,0.3487560935745573,0.4309796733760405,0.5262472453924006,0.39728861457464226,0.1532018641435975,0.09215920071307733,0.1542782958759341,-0.4149800127884684,0.5129742089404631,0.5253568410658604,0.8265101656764615,0.4773000982095615,-0.10307353890808103,-0.4888715021780061,-0.05474355967527462,0.02024871007194517,0.013632765876641842,0.21316807492771547,0.054039327716,-0.6340410267521964,0.32351938647656653,0.31887621863447946,0.38987362995312824,0.6131916278291949,0.26623043991016926,0.22127264999262383,0.3415326906673414,-0.09535762196623804,-0.01292585129353669,-0.26863253448702495,-0.2585756803822002,-0.10086191978456048,0.22822684443306282,0.7332081667234722,-0.5252098070695035,-0.7448032599165079,-0.11689942590302724,0.24362530016341516,-0.015381672251618779,-0.36334467362294026,-0.4388611802778284,-0.3386230595670552,-0.532209501152619,0.19634783753769658,1.435760075386061,1.1060274461348576,0.8585470940097073,1.2038087386483525,0.9233585946782356
real_0250,-0.01974131353827781,-0.28730247627469496,0.4401834365554069,-0.05583627048451932,-0.3602638995469046,0.18306336491076738,-0.15944208261627973,0.08954648282869657,0.03727776644510828,0.039851059467839484,0.13023652024085797,0.49810589205405664,0.8006394974458926,0.2393770730496721,0.0754116054777734,-0.5726130713132259,-0.49746451617896864,-1.079101867113376,-0.7381430469944202,-0.7122811704503984,0.15595882812334155,-0.2890374120608323,0.2715857363348093,-0.518430053940168,-0.861388315584926,-0.3047916427728935,-0.178062803388127,0.18151640498524324,0.43332798955699703,0.09822285823930364,-0.5220555056589697,0.24243859225587527,0.295177304709652,0.13863221706264914,0.6302015053752664,-0.05010084820649039,0.5259837907703168,-0.30774113433441225,0.4433838639711671,-0.20663962317260853,-0.05316453616607039,0.30234047620026167,0.9282348518597389,0.5742527283513138,0.19911965054407652,0.11159192258044695,0.43316844205022625,0.5944693067616711,1.2,-0.6562291816249517,-0.19645853197911045,-0.06632070175632998,0.4182273627698485,-0.11794588946875181,0.03736680795149909,0.12308155763227657,-0.13469545107209469,-0.12174426365895864,0.4875920032044489,0.4597314478847736,-0.42701981593870186,-0.21302382267616707,0.31095246171364155,0.22372497831093013,-0.4358625670023689,0.8242650056761988,1.0993998955578226,1.1937995740551717,1.2060390806305463,0.8516949537824102
real_0251,0.27262232065045827,0.13547386250459803,0.20853432002992559,0.5135857980223427,0.6168174981740325,-0.01093238756515876,0.27920399864792084,-0.07129407385958487,0.20634136109877926,-0.1769660232187422,0.13983888291440805,0.15490864693742373,0.9951350336826634,-0.009044180821034867,0.3794952302866019,-0.23531942534445213,-0.5362146028539304,0.07202794124676926,0.1792390575797762,0.3421857818007187,0.05028077158034793,-0.3296005157382276,-0.6901691735566808,0.46144059102490864,-0.16522066246479228,-0.10677419048739574,-0.01583556354938542,-0.14319969422560308,-0.7942162786231147,-0.4355072047643858,0.3024482575119875,-0.248371316453851,-0.22400568471963667,-0.003412738491350362,-0.06567157871694329,0.015360608819889092,0.08578876390570418,-0.11091107416483209,-0.22963867296930932,-0.09638993964539679,-0.023736452773588112,0.7336176804993654,0.163990582313203,-0.39248687080193384,-0.3290502317395788,-0.13647759987748037,0.2244949487486748,0.2914864563668253,0.31911572007318834,0.3450559798272586,0.201104849509524,0.29385855516379616,0.5769667530556019,0.12019043110061624,0.309552164405256,0.6352696811392039,0.23240712878328015,-0.4583084668872885,-0.47896754837544464,-0.21292906540805773,0.36703701234703767,-0.02049702444819712,-0.3739856643598477,-0.46062324282819694,-0.0242254403948366,0.9447626564817955,1.0577556906484151,0.9276334925831317,1.0368115662543131,0.918613747120117
real_0252,-0.28079729537571513,0.22593987709033758,0.1534454338605119,0.3739721371710592,0.625997991676356,0.3474821738021117,-0.0749351134668863,-0.5673034894468915,-0.38912487064595874,0.3607771601980141,0.6217397605672259,0.20667935365394033,-0.12957457470722003,-0.12989870714649437,0.18649036894687837,-0.10261429266497911,0.0548597932239839,-0.30908451342447996,-0.5866535350285556,-0.7383824763349531,0.20377815940258523,-0.6343463187416296,0.351101078582577,-0.0323604747676422,-0.4565052325502331,-0.7901469456224226,-0.2710532000648317,-0.17484980115208493,0.004672494405033399,0.6512186110661117,0.4936222156371052,0.05396838191524734,-0.6688751652560869,-0.3868987490162767,-0.18322484020401575,-0.8227976428433894,0.6804614441670582,0.8399726341358178,0.016836489889248345,-0.600546979356724,-0.1156985926665821,-0.33255254166393466,-1.1703960353293996,0.700356550995417,0.7559707966962373,0.3779216133145896,-0.6982084699463459,-0.7082225801044367,-0.21233118634980833,-0.1350567085273838,-0.21047247032181504,-0.05592406695723395,-0.7398873612886784,0.06277277636651923,-0.022029521508194566,-0.36268943703408757,-0.17189699555907947,-0.19540998985100458,0.058962850891477174,0.5796201321108979,-0.28993844353462256,0.4257093138292178,0.20801317350186638,0.6347379513676022,0.5179584151767802,1.0512333326410763,1.0834800164126894,0.9020499634197582,1.1925315144973683,1.127474562119134
real_0253,0.20534837391993332,0.6359022566188282,0.1137162756148849,0.04993758473951256,0.11162704599050842,0.04791266741540394,0.393915966371544,0.15628354850537263,0.3477171062556539,0.6949476862679708,0.05029230649533087,-0.26598846131624154,0.08529197166865596,-0.2964060584910252,0.34969995611842936,0.13061920283317813,-0.26397300262358325,0.1605879033668691,0.26966065014962826,0.050055465850713854,-0.05240008722606889,0.08683709306390201,0.30851312209688847,0.21002017928881334,0.652337026582422,0.34019597849617883,0.33563759201305166,0.38136469952775126,1.078916363503236,-0.12785130057802144,0.013807751121864928,0.3018006841092609,-0.4784558162808212,0.40746208333048195,0.8282188427373892,0.9898468241284692,0.16048816431298926,0.2453298531281169,-0.011374369350563206,-0.532039666566527,0.39907132050535626,0.15695870392814823,0.5482213670837316,0.2918606701758358,0.037239065854113025,0.048435974718594184,0.23660367352589576,1.2,0.8973105864489276,0.5882932142478797,0.23681624612825075,0.40420206940937503,0.05121105613760787,-0.188374899796687,0.4950336983339478,0.49194256724383584,-0.14701224210338226,0.29166081207648203,0.5275882327662073,0.004440966237998707,0.6850245749707603,0.48704753665905415,0.39789378628338284,0.43612268418751127,0.2080135068208519,1.2593046466608389,1.044462700121299,1.1817202719784223,1.0545290526864257,0.9736939664372822
real_0254,-0.5544009736957342,0.2720646530632477,-0.6094695174782666,0.27941237449927947,0.3517515185200496,-0.2073089306105748,-0.29285796977269923,0.06974193939343802,0.05348350578664608,-0.2736644585410809,-0.1951218026334392,0.35988262224230644,-0.09953865732095547,-0.14335318182498716,-0.5118059990795651,-0.029597118914923316,0.13646322610484607,0.027640093599584463,-0.010930314542960364,0.39149448165502615,-0.3817084702684188,0.13023685668066073,-0.127738630232269,0.3352519189625719,0.29528508222103733,-0.044400956321101887,0.27041260033135794,0.3728109475380664,0.0586034629226972,-0.2873102117268215,0.14599264003039308,-0.2002561745799024,0.029716949637703056,-0.027800450170355772,-0.10526150901098774,0.44498816856885365,0.36885595102955343,-0.3343260357195661,-0.7981105427510184,-0.45152163668963124,-0.3133094423477042,-0.5736543564843769,0.09731575003397336,0.11687895771355626,-0.6886954472590867,0.009499728164320863,0.1307304508764385,0.2966972317264939,-0.43868995769227515,0.2110229373744344,-0.47674580307621456,-0.29802826174118885,-0.2835255366603867,-0.47963731450758756,-0.010690908828200984,-0.06287909119390629,-0.8625182797359411,-0.07724833963235977,-0.018256869938993257,0.11814032528217598,0.0894155355793044,-0.5558454232322283,-0.39500605229751257,-0.33988323263334,-0.14895981911207742,0.8519714382357644,1.3052609954096601,1.0062171175542305,0.8877033946434233,0.901188963749132
real_0255,-0.10600597868088191,-0.17969371676047483,-0.07830955081232747,-0.10661134635180165,-0.08934569167591724,-0.6652162700146281,-0.1798273949990034,0.4243728664277825,-0.03668655615043296,0.6092909508430179,-0.15921312707008,-0.20629662852797867,0.2962479044301321,0.4211353789354006,-0.0957455236011278,-0.05163550588002265,0.45208264020090283,-0.6266489207878865,-0.8785285653059377,-0.9141926850141562,-1.068179821844674,-0.2791772460318463,-0.7860060497837466,0.09174374339856392,-0.23331001991095704,-0.6338957641624863,-0.7018832927888996,-0.5503473758707282,-0.2793521320093387,-0.20122815330095437,-0.5117028250856152,-0.2889821450016051,-1.2,-0.16406576727021194,-0.5082458173575708,-0.3515819362822028,-1.0091085447829125,-0.3793402715119542,-0.7458443076404532,-0.5841792409977957,-0.36221438623487945,-0.429152612844916,0.06427778209664202,-0.7530237997461439,-0.7446900153806664,0.20709148516329592,0.11768990926040084,-0.25790318991153444,-0.4241226848858522,-0.38809234425823735,0.027197796322235,-0.030160443779153993,-0.048596800793506825,0.36536312075135435,0.6288930664558992,-0.03450225857148215,0.4883830905972252,0.6422613571515859,0.1368827232512958,0.2114026020007772,-0.2356946101461234,-0.3055605713799185,0.1791291298288649,0.1989927018651043,0.2979540873488733,0.9632083231086835,0.9869358743421235,1.0557151829023612,1.139563367800001,1.3667953126772605
real_0256,0.2744938340626231,0.06984246471558846,0.6967110340811185,-0.09575335926044758,-0.4930275439024806,0.3540016285311047,0.2789510176367221,0.29043912924534426,-0.3410094371058211,-0.490065946746458,0.2862687693818073,-0.1581115726609062,0.028352150054841894,0.38814180518182556,0.5202359113544497,-0.6930006686993854,-0.2127304290086828,-0.3316810479583266,-0.9559872718456571,-1.0342089275257436,0.11408428494801603,0.038044090447704466,-0.3655280830461331,-0.09341075599955154,-0.5621104039962513,-0.699423736785538,-0.8193111437953436,0.34395486521238205,0.6685744497917528,-0.4229615669430793,-0.32586457522576473,-0.6804575572417653,-0.10629932014156751,0.6054276168457609,0.4094658971309055,0.1601124683414919,-0.4798081637970043,-0.7926813236269127,-0.5446127624255958,-0.2661080921299417,0.02084934053590827,-0.6246974150116199,0.0147092139109826,-0.9535255778317484,-0.6053788637885802,-0.40631012376407877,0.03228961651813722,-0.3633895334444764,-0.02140445669497712,0.4807283057817158,-0.08134039972964055,0.04176843322496162,-0.5923090208889883,-0.8306034265041056,-0.4934309223848279,0.12393253149789984,-0.17306954880127198,-0.5261862919696729,-0.5089636563231528,-0.2715235080723509,0.24574876054096878,0.3501379829229525,-0.40903486427044305,-0.35507081071990976,-0.8245868011698332,1.1166006364092615,0.9539375172498135,1.0027970443730585,1.0221226245157355,0.9714475270555408
real_0257,0.25447156590408315,-0.0805234783759282,-0.06596761457464474,0.06142893499203746,-0.1433069436343817,-0.39351725556427963,-0.2812370198861767,0.09098068515882382,-0.10850912754920039,0.12172702696277608,-0.600507931320765,-0.16199025044705023,0.17128775755129255,0.33335564008163415,0.6164793706538424,-0.04825574747233402,0.5204331315344626,1.1838461042868795,0.8693684355880039,0.676065004767923,0.35755793618914267,0.4079654749407863,-0.3042312245865841,0.34880685985240695,1.2,0.18208593873308695,0.7425716743937033,0.3550794000578185,-0.16612582063519865,-0.21948125861934273,-0.10849518613834144,0.08837886723445552,0.02072193789053229,0.3094872977784119,0.08877407891213651,-0.37037794408995467,-0.23916642800168705,0.4042380888528591,-0.12690771766569403,0.07962977417047978,0.2593401215626323,-0.10713582532059093,0.5438329352651545,-0.24192158705652245,0.47818065191428366,0.07148781108507729,-0.3368983582294213,-0.056237115302217325,0.030272721928893437,0.032083311670207997,-0.1727749367827008,-0.18703688134015176,0.26555351607421995,-0.022703622925256618,-0.5655619473997469,-0.18802805984178245,0.12569022731255955,0.32853664928422294,0.2839373792196276,-0.22614651522437873,-0.14638123464115774,-0.09070873731198033,-0.127226647664646,0.09886323497037326,-0.48626702915901326,1.065214911169993,0.8869708629463933,1.0673166253210868,1.0002679693508973,1.5748972732593298
real_0258,0.04192264505813176,0.0021709761267853836,0.1845381175225745,0.06699724619101366,-0.06934798898239665,-0.17296684013869215,0.14689965755462503,-0.5144974490490707,-0.17849419755632528,0.2624313733475599,-0.5337557365576843,0.26306846225914976,-0.09464269517848115,0.13535082636339082,0.4974688083771024,0.014658451370772976,-0.15661828626274343,-0.4060787622360874,-0.4702196395974393,-0.5395636517067043,-0.8790075201362492,0.031240310621584024,-0.2172783442836313,-0.33452404405309316,-0.3114186865399612,-0.22857973156910846,0.19500434210439974,0.041465021987642195,-0.5991624054461336,0.2989053980364357,-0.2635638978089235,0.37605732205231196,-0.1871308930152442,0.274015986214163,0.12091139003779858,-0.5739507598638638,0.1344157861108166,-0.5591532408059674,0.5938533842662184,0.16793779713508714,0.004310858331790392,0.01875475922344008,-0.12720256213691383,-0.21710743258489332,-0.7103236559426639,-0.057203314513909004,0.7837847672213049,0.21835907057575013,-0.04330733500491077,0.09899242911589862,-0.5146734410012199,-0.6530738473197493,-0.03974484907359395,-0.25615585180995,0.15197874009840517,-0.3241156941176113,-0.5225631911214176,0.5125533311317674,-0.034485259534544656,0.36012889379858226,-0.5209355823030197,-0.4397973417219751,-0.49410954253956646,0.1297796404657687,0.12296597277926732,0.9435765893154852,0.8451605994133244,1.0849931794872298,1.294590714437915,1.0226856409380432
real_0259,-0.07934502631959253,-0.13530434985707232,0.26309957874467105,0.7639349599456825,0.6531197871425555,-0.22743849001112518,-0.16164628400353434,0.6657020595297624,0.14694963406793454,0.19795763524299534,-0.2547665734278965,0.17299170888104815,0.3879161438099526,0.12232120703697183,-0.2361881240460334,-0.17965401501067546,-1.1260806880375334,-0.27731969398082024,0.23827943995241,0.8587686827019888,0.3290726575652885,-0.38910535816142006,-0.37666046490479516,-0.2011765037743673,-0.44472450165126565,0.06720270675143748,0.5906242795187324,0.2857234857875571,-0.046744780080308884,0.6715420606671636,0.3888732584978535,0.3391164845757986,0.40467740883648096,1.1077565373500056,0.6437059568055027,-0.3228495153028528,0.6911615534568769,0.8746474753880784,0.5279510481276588,0.7515151123831599,1.2,1.0017892565396924,0.04940293401796047,0.2690797291936728,0.55798697090657,0.19592905817023148,0.28819465653292314,0.6777566324414214,0.8854247510328775,-0.15913662070199883,-0.1249785107968694,0.05531489364605777,-0.2921576493895769,-0.20225019492714563,0.028787337663948965,-0.07588956796649259,-0.3621722302180615,0.2151406622860643,-0.43162396738849773,-0.30500928396960914,-0.08749724636969164,-0.18357023407391593,0.0755535376651194,-0.09585299615771242,-0.2966345964591533,0.9799265553225939,0.8133292318598387,0.612606613458917,0.5098255742919826,1.446329598556182
real_0260,-0.2987833799085196,-0.5760621647835554,0.23266404478368324,0.5699192853034803,0.21826018124250637,-0.3480060922511821,-0.7736842387008501,-0.48574761480533235,-0.5183303153519079,-0.47810685264848507,-0.16234075710946186,-0.6496952984510169,-0.9284803261741306,-0.6241761964053063,0.2984459722132394,-0.2605580046988554,-0.40473874179972225,-0.22382582535589265,0.026690334724334897,0.0918623002782926,-0.06506840782119261,-0.6213892752471372,0.07776300476554086,-0.1550158759060929,-0.6340198433997775,-0.19607069399761692,0.0877706847180731,0.26880125201405414,-0.15588891745895178,0.0977050809471289,-0.190283670474677,-0.7004062769535984,-0.5110060460561777,-0.265245919966137,-0.5261871483013831,-0.8171585099698327,0.025884926148985306,-0.0005647353316925978,0.4452535639750471,-0.051266037856988744,-1.0591138497071302,-0.8575485616305039,-0.9726079023683833,0.617743085287918,0.2348181236676551,0.3186449757395781,0.2859818300273717,-0.3584980606328661,-0.06366964063285618,0.030486747400324303,-0.07177180981025554,-0.5842937323099796,-0.1282398246639419,0.12896813293045983,0.017834969696080383,-0.4750250592865814,-0.6690556121654911,-0.1889814937609441,-0.42244348596483156,-0.1350546902468735,-0.5175615911467994,-0.3890490194077664,0.11707770311035026,0.5561368809393531,-0.37741630238058566,0.7937656287445027,0.8666804030153622,1.1333145337219066,0.716463165968086,1.0893298556776567
real_0261,0.42419419506898615,0.154729763628937,-0.3208903010473508,-0.24914489865668396,0.2788823988351519,0.17830957598866815,0.7599010304154739,0.1327736245065731,-0.08735836367223393,-0.2574824823986251,0.12046027638953874,0.09686282614628089,-0.4378706151333256,-0.4325756466311484,-0.22134208834805116,1.0328679964887346,0.5203132355494455,-0.11834434871987186,-0.21539880706402098,0.02934584416821785,-0.23807907725467467,-0.5940970552967996,0.9045725894476513,-0.2790311565608366,0.2305135771594555,0.17886337988282452,-0.4027924965167126,-0.11172529283623203,-0.26065901025613675,0.4897414631577735,0.012448527177266579,0.4962948394280598,-0.07842778129260411,-0.3313598071314293,-0.9405296546074193,-0.5833073201602798,1.0247176967586336,0.2838535147585236,-0.4884113825128932,-0.6642029864055193,-0.6603647655225705,-0.4086388348715489,-0.0035829103663773004,0.38764229434960773,0.0063627184090992795,-0.19429023399090922,-1.0884924727099172,-0.2151447407996037,-0.1395873678050525,0.8545214698573114,-0.035124542031934075,-0.11627731274904889,-0.2827447117828466,-0.054303926034717995,-0.10344055628878174,0.7237062823169889,-0.16283471163317742,0.16046196529594275,-0.06211537464032394,-0.18393151593000207,0.14433361306709025,0.16772084743220947,0.5269495007724231,0.31543453361401924,-0.21507502770460393,0.9642739384038003,0.9893979427521893,0.8035961160339399,0.7625859147251259,1.240740143312362
real_0262,0.08051527308641926,0.46024060691362906,-0.22216250257413223,0.20438774045169852,-0.12633632742252812,0.12551452176406738,-0.01775382879098748,0.2970408229238085,0.5060470725383638,-0.2055887688487705,0.04216432884194574,-0.055994499848931185,0.3008595871322315,0.3931816766101146,0.3692008977775707,0.1407971746383531,-0.6278453189840563,0.1970826893543115,-0.15594629966545595,-0.2750123930737068,-0.32884967500723505,-0.559525864095181,-0.18950997049334506,0.4182599974746068,-0.11671295186351636,0.12752666806882543,-0.7555775426885157,-0.6074983419546031,-1.2,0.32147650772284286,-0.1940096660615702,-0.081469340931495,-0.35960913224036223,-0.5155152049848739,-1.0023771275152507,-0.6829442458567735,0.20406037275636454,-0.056579232507435434,-0.1578546928125189,-0.281507311093871,-0.01409698654801418,-0.327488035464384,-0.31910652796846095,-0.019894787732096384,-0.3175328243864528,-0.3857081511614483,-0.6032855506693303,0.01588858607097366,-0.00737634101081074,-0.32945446690696767,0.5955800967366365,0.8327284936622272,0.18899353890191656,0.3580918217246104,0.143417878660002,0.5130972083272358,0.10515089152836718,0.6140353177716424,0.35540486004164157,-0.08155726494732024,-0.03380228638657567,0.18335096475610446,0.08895284510475254,0.5345837067768735,-0.06738287013814685,0.9600418764986567,1.0501442692746572,0.7115401728881177,0.9273478704862389,0.8188472371205688
real_0263,0.4741070545954394,-0.31610905222349983,-0.035668304330345846,0.2737840276304483,-0.2942158952977104,0.040724165466080944,-0.5094201652295928,0.3253915272376466,-0.0392187852281367,-0.5691014214455652,0.10271192915090237,-0.042300315929413634,0.2443313891852061,0.1374670577218902,0.007842491826080678,-0.16578051305709388,0.1494664874611179,1.2,0.11267383920679613,0.03362708612611625,0.5023262751964052,0.4027783369020841,-0.11028438237269508,-0.10431159479399914,0.5351593895690021,0.6452387415651231,0.7492165780390729,0.34720485417338315,0.690167925146061,0.32492346727886784,-0.4779312940726866,-0.01248234516801877,0.5380086467634815,0.5161104731806979,1.1795258854585775,0.5775781485017194,0.582331681325098,-0.6863922870921395,0.007167486204321228,-0.18359252290069022,0.36272341368980104,-0.1585581067326843,0.501135883198988,0.034501517615882236,0.5649004461699856,0.8840235873125709,0.5547389205636318,-0.03380449373428222,-0.07277080688234404,-0.26759309991518154,0.41137471528386305,0.27570029255011047,0.005122742263208519,-0.04384730804051739,0.016810232127786217,0.3593832402234753,0.17614577921196878,0.4336915564459302,0.2639357812535629,0.21835549745204577,0.5529469110143429,0.3848481912782613,0.0511314947255868,0.6783264128478195,0.5058831548514151,1.0348254834439383,1.0076713087828242,0.9883177512282635,0.949078366046794,0.7865601943531471
real_0264,0.22549586690784026,0.18818657452572848,0.04436183753101475,-0.3308949858659205,0.10149130551150906,0.2205840569963154,0.37871052152966744,-0.11692526359192504,-0.10381444741319183,0.5427957477453795,-0.5527991092024556,0.03339502505795782,-0.2848573635452287,0.06726701689397034,0.23670233831106977,-0.2490304986624833,0.2282026667418399,0.23011375181290764,0.3420409775967126,0.6060566543836375,-0.2695093563224932,-0.5711829091679104,-0.2731922491393312,-0.03369234536359889,0.607692112358662,0.2691360572824025,-0.1934002409004554,0.09298605648983323,-0.08162002994004144,-0.10013478874940665,0.4866995212243481,0.8361838860788375,-0.6027872428574864,-0.00042255133705702954,-0.03590411489999731,-0.04243940587073801,0.39523171920671946,0.12587909620008994,0.4572743029547113,0.4299664157465737,0.18255822653900175,-0.45146260460913784,-0.13554133024645368,0.010881508024044615,-0.12730466059588308,0.1755442071886278,0.582949187777916,0.5988693963507248,-0.8852393355883907,-0.3235398786816133,0.0626573501392282,-0.4758085034354753,-0.1326348821128502,0.2799117563107266,0.5528763503788965,0.20362346801609302,-0.08909545813546804,0.5037272276851577,0.5042701946509539,0.35244008243460195,-0.06140743867769229,-0.08766295430914664,-0.4169173033437945,0.3170592873353086,0.57776327879292,0.9167009171771476,0.8851697083855431,1.0167962006628908,0.6985348704453904,1.114926488753747
real_0265,0.20744114376691086,0.41737213784903726,-0.009062211621313017,0.17552659574882382,0.5922511154090025,0.6929274131162867,-0.09581053345090482,-0.3750881397558633,0.048354546073235284,0.2697693255692288,-0.1115056078448843,0.48758946321906144,-0.0889923603256827,-0.5267390178449491,-0.15461629432173007,-0.3628741900205901,-0.7069110937660162,-0.3772065283811795,0.05261336082771458,-0.3040120812224676,-0.12113700132636286,-0.1655097812912227,-0.04740873474317811,-0.3678827591235119,0.02462240417251681,-0.18396516440276192,-0.2682680489019383,-0.5960274002446249,-0.765737572087113,0.1372665721485656,-0.025677766675784246,-0.1591131132190933,-0.4298843398525315,-0.3140098666888957,-0.04571843673207716,-0.056833840889920634,0.8222320040510664,-0.08385912607874375,-0.6682896759934528,-0.4579172940668901,-0.5802740488178606,0.24932899392021543,-0.4523907623431968,0.08824041535301856,-0.36872270241923755,-0.46277921801411226,-0.6628201537117231,0.11120042040511059,-0.010667898557559235,0.4557338284746227,-0.14488823733089753,-0.11090091421529172,-0.45805008334503594,-0.6027001752823078,-0.18282605732125878,-0.22457423288434009,0.11205059490369614,0.09521223067423666,-0.02004037587695652,0.10702245079536743,-0.19885465589252702,-0.1118273417343968,-0.08961635343477353,0.19485777743525035,-0.012677547193468803,1.0707307783817708,1.1350276846029945,0.8612987670855439,0.8029683935378347,1.2471383106163287
real_0266,0.10980663913113217,0.269318242517766,-0.003476174261594632,-0.2591819186040739,0.2068319263919536,0.997195826875522,0.5091005564903713,0.45434381081060926,-0.5887909277819332,0.07837925752902328,0.12230737540307356,0.8551908132851475,0.6548014887057874,-0.14745710388511987,0.008058975526900228,0.0916977040173076,-0.1598144863711448,-0.1703246658399637,0.16043495120865747,0.1650874424329505,0.046548120544055736,0.16901162503271877,-0.8728976782018156,-0.7804309236275823,-0.5939463274733102,-0.08804559902264848,-0.25744379048320687,0.4392542090257439,0.3547804927510672,-0.6599570982189228,-0.7706714812119075,-0.937002606693552,-0.09677810827145325,-0.6690852045887746,0.2858473989994203,0.8033711652760167,-0.20667660351650924,-0.4088341546533557,-0.6723328726038603,0.004908608597865693,0.04390652835746654,0.059757829264287556,0.2048101741271668,-0.3071913269000009,-0.43099365603322143,-1.089816150661665,-0.22931889504069378,-0.27937777837345895,0.4890221403839918,0.4579427044256348,0.3829757125667805,0.30015807758759067,0.2990547758041732,0.16298540629946923,0.17854541069206098,0.1447828483778608,-0.05471324569210483,-0.03902739394502861,0.41547892250162377,0.836543687009716,0.02229704602280952,-0.36021317798714386,0.3928309484925565,0.2610375979505953,0.08559008546605418,1.1519073726729743,1.1109119008451422,1.1662063715335949,0.827831664295286,1.0100641255001157
real_0267,-0.6455439375114082,0.27823599203492133,0.3632466536351782,-0.16848163814859882,-0.01631040678304326,-0.20276176496287707,-0.39200886995886947,0.6774705075170585,-0.033698731737627906,-0.3801919484717922,0.05970053361914886,-0.15623688348949824,0.3553127421333848,0.09020677504332832,-0.18862352125011775,-0.05822554314671254,-0.027364776867492092,-0.5044453899086959,-0.2727998467611859,-0.7503909861001056,-0.7780076371415258,0.3344722836688489,-0.5639090446787776,-0.5712505352303076,0.11198483026259794,0.44876883995991723,-1.2,-0.3110633275043411,-0.3655830033629187,0.029349379373636346,-0.29653091471103027,-0.8257315264863208,-0.24636779408089246,-0.586781176872076,0.19987776286515183,-0.5469142190455125,-0.3323049835427757,-0.19928090454764794,0.027632344887956815,-0.343288522625029,0.34165467492358326,-0.11050502181106775,-0.03284524728392456,0.7326472702672999,-0.09287629070980151,-0.15666288640645473,-0.18180712102792473,-0.20497675056482073,-0.4112790904374286,-0.7942515430649816,-0.23472025508787267,-0.3868113329713104,-0.30577975403412383,0.602770589423019,0.33413131739359286,-0.7679331676952221,-0.231081049198957,0.3788304821782581,0.6094396709032028,0.2857488005803999,-0.10217472567775186,-0.16966586663638308,0.05762324810588712,0.16844560553135163,0.2948418182136852,1.02331439915027,0.9760527538866974,0.7315649667258186,1.4914848184151783,0.6784016662290757
real_0268,0.326749821317454,-0.02525010747638227,-0.09642604719240505,0.2164823269665709,0.3804908095613282,-0.4694495254432678,0.484947794358244,-0.004893086704612133,-0.20041398070507987,-0.3916808250569143,0.08699632977004558,0.26799894605003777,-0.49354348636680223,-0.37967504239617444,-0.3347732083794803,-0.3474111401750211,-0.4816643258815465,-0.043337412395808225,0.09157712346868908,-0.2042967817546619,0.28858461099240823,0.4028972137589059,-0.8674472675655184,-1.1326236790154431,-0.49959139618211396,0.20695007463113704,0.09321893230710802,0.41039316219364247,0.8767134733021313,-0.2049925051915185,-0.9644380082790419,-0.4086346201060172,0.23640147208140636,0.11907611334129942,-0.552217464528879,-0.07740623443868878,-0.07051070728806864,0.2596176374327773,-0.05663548807411479,0.23155160038584469,-0.06932842684776043,-0.7922291610080594,-0.5342697862380953,-0.21044046976819336,0.14939437614553444,-0.09204513886966598,0.04618153170276295,-0.7073081517606052,-0.175805257477057,-0.553874009828801,0.016695120422165408,-0.1998645053667738,0.21011775382446118,0.07951783636798508,0.38239485388781086,0.0540506518530637,0.06201268034461551,-0.11748022742006771,0.23785191295680141,-0.005795616888343952,0.09782587859885085,0.5736119221754153,0.42612584000599685,0.5030175613930453,0.36689719365357115,1.0527634612598806,0.9020625783002932,0.9186112502454882,1.3603483895494293,0.6599354084276683
real_0269,0.3930983432622824,0.6450494513815636,-0.11707378273402909,0.1563135625286541,0.27722330761995156,0.541128043723882,0.5771003525147687,0.4776811018614407,0.18762888269102693,0.5266862178676418,0.2071253990332857,0.5423452724943979,0.8442691128058553,0.020590460637901323,-0.17359478870937722,0.3591429073441761,-0.37482497859972985,-0.8253441082042552,-0.08168193758908901,0.4568136672414939,0.2970338432033544,-0.308390830482718,0.37391237625432405,0.043142588894662735,-0.01022135293936497,0.5496477611320535,-0.08874261520594663,0.7631934427249566,0.1551293965190522,0.15194470293655302,0.2581941407206953,-0.2858374090057128,-0.008474505406632063,-0.21790426488493017,0.17950094523831778,0.07021545701160549,0.15600235202377605,-0.12364607694925998,-0.08443335716533917,0.4085776047193895,0.2220892944089022,-0.48179153341056047,-0.17963603526855804,0.03788153844203344,0.19114049969556393,-0.16303072072655683,0.28652088402504866,0.21135836537760563,-0.8607842122247091,-0.4736805211826201,-0.25363969840937495,-0.056884314973910464,-0.2443227485275447,-0.3064627543634617,-0.39478533055216236,0.19743911269144745,0.034407511610650365,-0.3707322907849996,-0.2713826605033066,-0.04170906224253725,0.19243695900661148,0.10261421348928373,-0.31709712900633386,-0.08817856753561731,0.14965875727387318,1.0079733021366801,1.08226418812447,0.8830251730133999,0.9176501164630702,0.6432158994534397
real_0270,-0.108372566443272,-0.22917327532677656,0.15660537205133737,0.059612862946682874,0.11604072499227448,0.10519675792681835,0.5588799151327082,0.09238577193840254,0.3707262331756674,0.2928168340668245,0.05454329736696091,0.3155217805852876,0.012123868366832382,0.23950720929362185,-0.054613743532007465,0.17922167094649802,0.24217082675772916,-0.5233574891283058,-0.7390813893985045,-0.5328834962005342,0.0940168212148407,-0.022346820621412754,-0.014244868712173387,-0.3354642616285359,0.252450806027144,-0.2575380749858784,-0.3224129842050819,0.07545220627351865,0.14813023293491584,0.04455500898293091,0.00720893488881116,0.10431064203235897,0.1338511930800583,-1.2,-0.5046126445571112,-0.42820990735076864,0.12478042311036838,0.0934769102951751,0.7026774845265068,0.10386650302465879,-0.40966558565497396,-0.4891932377708527,-1.0651774811334165,0.49264143446792147,0.21033912074041913,0.5013219778938925,0.5295261667278033,0.7048082277933707,-0.5571694540774487,-0.0985653659441771,-0.0782625463419054,-0.39432228777318806,0.15024982596479847,-0.39740044451042805,0.09035679580400365,0.4507595436574926,0.20763315866014803,0.1890930663051735,0.23125958786827128,0.5467867061513679,-0.08748199299257063,0.14683474913469224,0.7032487460411178,0.6714939961029629,0.7539092050404752,1.0000126589637122,1.0281960381229156,0.9906825459321321,0.9272833419386403,0.5580944717651548
real_0271,-0.5066866872081276,-0.10827823934846081,-0.4696346745120633,-0.030175369874436673,0.18606581652117982,-0.08752229022963548,0.29081940426351355,0.13530976019333643,0.3702737791217161,0.3063928973378679,-0.40819490428799315,0.01316159412914313,0.49364018703806295,1.0,0.3028706532603359,-0.6513625469599333,0.001067937385491323,-0.21434270661395766,-0.06370643668038403,-0.8871852922448316,-0.14483082604731073,0.4398063914380174,0.5068224925541964,0.5107442992093062,0.18648029709275193,0.1288838164132452,-0.24744516655931387,-0.0013507108863781054,0.4383678609397545,0.15063752843014797,0.1916169573654222,0.10017801178305273,0.16036459749367607,-0.4997417130508477,-0.36810439881954593,-1.0301994533298064,0.6062718678897142,0.2578872558565685,-0.058686505810265605,0.4748787307600141,-0.2966921240132521,-0.8050128570042192,-0.24483774271860406,0.4885095934844525,0.020092577310563596,0.4635204146835244,0.02444949353863928,-0.0910501463708072,-1.0628515211701353,0.0010998600916705629,-0.05288343920612463,-0.46790519733095604,0.3445204641791832,-0.034732830837993084,-0.30074299226406076,0.019252883994406132,-0.024991128061238033,-0.15302994003707543,-0.3606824953241907,0.2062645483748104,-0.5034826569781053,-0.3352569632057761,0.1168747302901468,-0.3373378084208416,-0.22234728237767212,0.8917662949685728,0.7827809110877428,1.0557728569294478,0.7701592005623412,1.0273713398617719
real_0272,0.06796239505773084,0.23783417318450523,0.02108525665792662,0.11587473320234269,-0.25575733740145823,-0.12757087374313486,0.08028360785573764,0.5245125971701852,0.12236538266340034,0.053746053730959746,-0.6061851656950225,-0.4064778389744767,-0.08531441315828682,-0.1207583686627428,-0.6084397830956905,0.13333217875698478,-0.0679868058369434,-0.0839649077973051,-0.8553775409314652,-0.8375226562961005,-0.9671940264354623,-0.48348100511921693,0.5015843189578694,0.08646077584924283,-0.41862560386636805,-0.10306556406268855,-0.3027498532909262,-0.5546937243484581,-0.34419255687613304,0.0252181849762623,0.01145457915253271,-0.6941931209528571,-0.4279705761470222,-1.1025083558549984,-0.30800722970329436,0.11581356930307815,0.8551284661841707,0.44951543013592155,0.44530937953432764,-0.2244087887468051,-0.2132250959121043,0.6955806941078311,0.030788927956450784,0.40278190528090313,0.6344388151482168,0.05894951465926673,0.12065553820945142,0.29182363736388683,0.06753587919200414,-0.18398417043096774,0.0757942906280493,0.12436666196551853,-0.36275239990256053,-0.29323913894174247,-0.3098418254847166,0.02899690793137997,-0.17163287158985155,-0.2396614341144376,-0.5247545576463788,-0.2722851405298927,0.3866152730117675,0.2507636408029733,0.32917160743537627,0.17430604745730918,-0.46945660489287916,1.0474741392509963,0.9898029616023393,0.7984214100752911,0.6183739173549466,1.2812609804270063
real_0273,0.2642084094229146,0.2074505665158973,-0.04678106122961037,0.15983372771360654,-0.07634079391377378,0.3671595648383727,0.28858152965981954,0.40894731526070943,-0.49364197531797355,-0.4375593231867346,0.14149421920049676,0.07849365649033233,0.04076477883850104,-0.33727197317441143,0.25716225536437154,0.3828368303707472,-0.25756084789366124,-0.3171896086843576,-0.25836810353632456,-0.00175312334350124,-0.8602075516840837,-0.0009342950459843269,-0.5373391923069899,0.2952349521978187,-0.006787571224927879,0.1810241671944713,0.18852014253011282,0.26432107990468207,0.6859209843340554,0.441242664572079,0.4792332320757274,0.42161890491963133,0.45062010694762844,0.5880997314097416,0.3629721921287281,-0.1787751031700249,0.13188287675261004,0.018094739990445616,0.17985013037681846,0.3674634949054212,0.1509283457054506,-0.2066028054967633,-0.209447405920408,-0.30369633374110383,-0.22455766468544905,0.3513903581001404,0.28986362888202805,0.5606691990474791,-0.08555350636036957,0.12446325763625894,0.22069149415954722,0.0512533462367648,0.2878352870655567,0.06643620471600749,-0.2533471995933004,0.07077716617972914,-0.02598710907127575,0.186579001894165,-0.012255455861876773,-0.30758784267106715,-0.499702074366999,-0.16305273232926373,-0.3391861000452823,-0.2760467864304241,-0.3548206721191539,0.9854070102379766,1.0393053718111571,1.1448565354912457,0.9766239627182952,0.9966460532687978
real_0274,-0.10976218990790311,-0.2252893076411974,-0.25687649854767414,0.13020160234623826,0.3566998958473969,-0.29564802960243775,0.09149886517427407,-0.0989835714554431,-0.053231777096511806,0.3718661654562064,0.3649344510598306,0.4734561239277442,0.12155726517659317,0.574672099217545,0.029704508972890575,0.2661714327492252,0.28708531933844983,0.8000494872226634,0.2655404811452867,-0.046236033477711706,-0.41429963361018896,-0.1094574813213363,-0.3108470014262639,-0.20130669592498157,0.8992552347539334,-0.2621903020829283,-0.108406517243577,-0.3339628316738258,-0.0009058291613909977,0.2602926549252515,-0.09028818700273958,-0.27931647465143544,-0.7199054778874501,-0.382062166236631,-0.5204446986066771,-0.5680218509543701,0.11109288217779342,0.04324225017948058,-0.086974869996467,-0.10193671644501928,0.3128177892344106,0.6268340911452419,-0.3694471119415146,-0.09413813354110061,-0.06377094214632442,-0.18445200722704724,-0.3463452770600258,0.028906706674124795,0.12567411007981077,0.43385829070194565,0.00032294529882820507,0.01931920090179749,-0.5883110237787353,-0.28252803852280906,0.11295733276069327,-0.18370375511699474,0.13249624474407293,-0.12325322446651422,-0.006883955288472526,0.15185868075808134,-0.3673219932949553,0.22929087115345345,0.0315333750863188,0.04565985408651861,-0.04706546808853823,1.3139752463395893,0.8650457820268369,1.0126004736669398,0.8004296033511948,0.4348963106655369
real_0275,0.09056372885192908,0.39855892270772775,0.12248230842879979,0.16287360832429681,0.2698700758580018,-0.1580521957748611,0.09324526040573333,-0.08337408029798939,0.15756240479487746,-0.11472189469469588,-0.04672294553328737,0.15547145357964662,0.3268064451815617,0.10970107165469307,0.2444297555007036,-0.7311999793138652,0.2651755710571385,-0.11891573094337678,0.09407608059906429,-0.04806820290399191,-0.2531426847348811,0.22081181075742973,0.46659070126856134,0.38296906365050826,0.2088757334141191,-0.3091932839431578,0.6328271089558222,-0.08417350367169088,-0.2756137360905823,0.0015014690445835984,0.38279928262484414,0.4616101038913463,0.5670390227120305,0.9468089181314414,0.11068748939308481,0.2861410352713882,-0.1804696936826169,-0.02187063774848571,0.6154597779887161,0.19565298416463747,0.976844964409744,0.12310292755790213,-0.12766159496602747,0.25333441962236025,0.023627625761268336,0.7505841920218921,0.905227666917984,0.6569137491196168,-0.039302936868580114,-0.04633065823134339,-0.11613144508607418,-0.7524551388426424,-0.11491554966389349,-0.29697670521087277,0.1912753391315108,-0.11698143530703942,-0.4036784508024929,-0.22929965704680424,-0.45241140357760595,0.39603149832728934,0.34156445883097325,-0.3714683069496114,-0.11765431631894843,-0.08659523158024587,0.08109750190557874,1.2360032353712864,1.0284765089256165,0.621610749337618,0.9830298936675981,0.9523098849163628
real_0276,0.5796509160827356,0.3455893342739893,0.11100325079521658,0.8466066367020773,0.39318437094695347,0.27674193180719053,0.013576498977605076,0.6630772259135446,0.19317228586954385,0.38111967570850364,0.2237405633706895,0.3383119807885716,0.8605922588689527,0.5889450362410283,-0.6260881607873268,-0.12152689170051949,0.14423032438187908,-0.6700837048141222,-0.2975957532783648,0.3103644289786464,0.8678299675513215,0.7123712777094128,0.3341611982058583,0.7817301133357244,-0.46442663080583557,-0.4272274560742811,-0.03237083145026557,0.44710403037313395,-0.055990670113705066,0.1315409980526069,-0.1103941137844928,-0.32705198107264416,-0.34404518116948224,-0.2615559946581049,-0.8019931583110432,-0.9397124487727024,0.039858855692518645,-0.018038271720468405,0.009150975223182742,-0.017456041901845992,0.6703732542164322,-0.08283910113005598,0.013222981011252046,0.2097984975307428,0.4645593306286474,-0.3075872162801046,-0.17114767033473824,0.18871201812443522,-0.01228088786793656,-0.32337349652312325,-0.9867765386893004,-0.560463402558479,-0.6548604074051633,-0.6171140138911282,-0.46813870500548,-0.4186121765571776,-0.3090950339150808,-0.9646975977666807,-0.541056376135545,-0.18125192777291746,0.7745192388170916,1.0,0.054031900611096924,0.3503632193474273,0.26486047970129417,1.057876982883475,0.7817766272113317,0.6082817119205938,0.6799588301913044,0.9593002508418482
real_0277,0.13336737861353945,-0.10812311544403133,-0.9516704431613552,0.09212224905053487,0.1998459464338748,-0.2078905021418038,-0.006755439415966673,-0.22997826493580073,-0.07559268794607273,-0.18952768753709787,-0.23520843591207433,0.20483788742680814,-0.21105071164514805,-0.2698100719672335,-0.29586458247699865,0.4835711893872489,-0.5268275310462148,-0.5427415956222371,-0.18941219052762823,0.1357301139439926,0.5334837757435843,0.3615946970244989,0.27929009576878405,0.12659569174846994,-0.3794645213969907,-0.7370469920314968,-0.13728431392826462,0.003393559986482338,0.12354455819572525,0.6408763585058967,-0.789744489029273,-0.4214786446808949,-0.8491970345094686,0.5099845766399342,0.5587435871650147,-0.5137404903808942,0.11122278452423548,-0.19461698992229445,-0.18863513475201873,-0.6572153550333131,0.11838187204021455,0.03310886726939698,0.3468744191270573,-0.4492714215172347,-0.13820822112887046,-0.520686606105425,-0.6294133487830442,-0.30386839552574574,-0.2700351118558242,-0.3012004288269537,-0.19927641815736744,-0.428549214121047,0.334106682627348,0.6371983457351205,0.7348529984338413,0.08466837820123953,-0.37456306704874315,-0.12554366447159648,0.3359937776885439,0.11131608165356757,0.37908674477095544,-0.30602604892182284,-0.5201898878755519,0.26163052056057556,0.6916688798381798,0.8855414185457848,1.2004279150018256,0.9975361414141377,0.8476051083379484,1.5239996875563597
real_0278,-0.16123462560139973,-0.6139467365485209,-0.4958763457339082,-0.5362894605657293,-0.11019936592103585,-0.36799057100215976,-0.21842451035589597,-0.38513739698186295,-0.04136593232830725,0.09393502724303063,0.015685953359919114,-0.05108540315592462,-0.3626222960670327,-0.37707815258646055,-0.1046018218015595,-0.3881763757238444,0.03170608793306923,0.8473355629891366,-0.17235692980211456,0.1651223352308155,0.8528668949057708,0.4486525704936701,-0.20258869008905447,-0.06793269870841022,0.33212913376795866,0.18120550724084028,0.22039151229728457,0.24211347561869756,-0.059803729118540094,0.8242400422283062,-0.19436173370128187,-0.28441037230546895,0.1030918809268959,-0.3012675140386834,-0.21909159866243405,0.1361248171712915,0.013410546402717676,-0.20299209387137687,0.2886837547551045,-0.0032698962593195255,0.07511444600786274,0.7416473743095425,0.12665707274073182,0.017037203246157453,0.21884194810775104,0.4562325427055544,0.3735058768891248,0.11785265391077718,0.0925421867749911,-0.03535469792671176,-0.3702040019719945,-0.11474634195587936,-0.08158422260482749,0.20213182409368938,0.37182239798643396,-0.4056438897745718,-0.259366626205896,0.015208128460769934,0.20827337551688838,0.5297578773624266,-0.1703784250278271,-0.19206318950527215,0.15319857794397226,0.43137339978725703,0.15567479875366566,0.8331382792024873,1.1871924977589148,0.9558065364427292,1.0297254190605662,0.6357155217701109
real_0279,0.13796374837108688,0.32228261358092475,0.05625238612105003,-0.34679815748322723,0.32782940457062437,0.3968042573777026,0.27118548857996855,0.25621585786342604,0.1525481778024119,-0.06791801272442607,0.034353040892537136,-0.3556980532282018,0.042853262015462794,-0.4325814298438721,-0.23997171813050414,0.014868082156063065,-0.1906563843672882,-0.5808293684670383,0.12030880882755003,-0.3168854820700167,0.1645214275000664,-0.023576541771821377,-0.15223687355069146,-0.40930553592502417,0.5551254600906227,-0.06469572948023261,0.1403997363662402,-0.3183488946801858,-0.259316238380904,-0.8379937582824142,-0.7595481294581607,0.2249682172405365,-0.04180678840065777,-0.24892054598024133,-0.2655569092447082,-0.025691030673926724,0.33225694555326657,0.3376089302278882,-0.16235578170009296,-0.38829661647072133,0.06478301668584543,-0.3286811578941562,-0.17695306039879846,0.07294951852368668,0.012646066348877537,0.5942984106844201,-0.22178022469105288,0.26008053032046824,-0.12068537670546156,-0.7608867745492208,0.04913262291341834,0.10611249158053038,0.30225054505462007,0.11300721795639429,-0.358669573837364,0.32395310694416474,0.1972223249648158,-0.1109094629966219,0.3465228552546184,0.09088494416016292,0.24360485729052636,-0.21500550678785887,0.24383805620074075,0.2666805942473175,-0.26361124254714524,1.1786714429633298,0.9621223998545553,0.9793159772850732,1.0732419195567875,0.9023305993502011
real_0280,0.38888955521324703,-0.28752380550889917,-0.43264990817830845,-0.13743096810716293,0.3290711602988392,-0.11763385475540633,-0.006483246661712819,0.05415244813025454,0.3508024992326699,0.7244439766169289,-0.022907838284445498,-0.280958826315431,0.16095945742703466,0.7205821469481517,0.7926312032306733,-0.040857190262770564,0.48147815210463113,0.35739644866042936,0.29472567424766954,-0.023622488038578818,0.26855520114165793,0.3060471860932079,-0.6063403997667759,-0.6626391750477615,0.13449168109480633,0.6975320374524573,-0.10848277555496669,0.008661217357971079,-0.6131143822720693,-0.8668151691967345,-1.1102130792725324,-0.0272810363098612,0.42919195133400745,-0.49961340308980184,-0.24404185289346536,-0.6626135001278606,-0.331979700605736,0.30634346588863925,0.3029923278236741,-0.312568282775611,0.30853369487771004,-0.1164618920857087,-0.3338037970507219,0.5309990686106817,0.8482261247532844,-0.00559606081659966,-0.12382993200455403,0.3375620556105921,0.5837416806092373,0.17971571547484994,1.0,0.6655413976275443,0.5538313951748076,-0.07982555468804406,0.30655895490288565,0.4913087259118195,0.39880741943225084,0.3480630951025106,0.17640167801142626,0.24914415116058541,0.39582655460371785,-0.07863961146303895,0.626912028947356,-0.16328182942026312,-0.22562231982905342,1.0394123837720708,1.054518150675861,0.9944035086939564,1.083494391748403,1.426463170136141
real_0281,0.31693276347596266,0.35386427262875025,0.0748640066010236,0.13363164826912288,0.1816720597636247,0.17951972598150723,0.33269404500923233,0.5271392368631992,0.7978312771728782,0.81117463565012,0.3597402647071816,-0.051256909555766755,0.042505581678136825,-0.1109905844217805,0.1414923556545351,0.21839960081494927,0.18212548835142353,0.4443940048781129,-0.4084651612806844,-0.43925185048194304,0.09741437349314618,0.31189679361348144,-0.017262601748464956,0.12709689000347069,0.37441220625859756,-0.005986017348600558,-0.22627505376283982,1.0850920297666553,1.1720036458959222,-0.28127573428190805,-0.2883030442123113,0.06824689012236311,-0.319797221590399,0.3083565454353476,0.44889657138709504,1.1748633462147386,-0.23368529038331787,-0.6381013251916152,-0.2798306796677252,-0.10330349763818962,0.38332124919113436,-0.09686965335691355,0.4407550346166914,-0.343248989468768,-0.06875344012280496,-0.10769416583803734,0.13541233232982872,0.27807129309601464,0.41091346187347605,1.0442135079682136,0.5777245022303897,0.3504869637990012,0.06715001816712662,-0.47283952780247157,0.20592467541026044,0.03556512191892611,0.23125803415235247,0.37905160543361666,0.12624107910045235,-0.5950515088797157,-0.02226352672320985,0.1712348597409583,-0.1451599888641004,-0.5034860929814072,0.39945637397735057,1.0720215105087416,0.6385117051300188,1.0451119679020362,0.7359022031685925,1.112494585336637
real_0282,0.08719022792752798,-0.16936899832111516,-0.011499754142909163,-0.15798387568044078,0.15630927025772356,-0.031003243693717892,0.11444905878369221,-0.2586527060196609,0.18009347578150525,-0.9695258501971437,0.3609680982743222,-0.4859215618356238,-0.3327624792917081,-0.1262142403397993,-0.14183452450912562,0.06959970708894579,-0.01669381108587665,-0.4986698578667569,0.19036156391510928,0.9445274561330906,0.0016590010096237948,0.23012367545273626,0.29231411722651485,-0.05222670284630003,-0.1265106142056203,-0.7390599613123708,0.35301365680672797,-0.06115707571927758,-0.9680040584263508,0.3026523917792376,-0.027147516969476853,0.36728591046243564,-0.2207086337556509,-0.036443839002551465,-0.3623904935726296,-0.1838216887319618,-0.41134423190924696,0.18693878488329146,-0.11681069488549199,-0.0859758597485266,-0.27991283565188557,0.19383778643956887,0.01933488119452467,-0.22769555988796125,-0.5061759559335256,-0.9757059322531816,-1.2,-0.9529210263672256,-0.0622587419224978,0.1705886084916141,0.25101015217540973,0.1931641872662928,-0.23894793472386985,-0.3612442576715533,0.24663684505169134,-0.34777828864752636,-0.1615705446234766,-0.026235312465514877,0.4255012605871992,0.26704091982771144,0.5025374205508156,0.32125433733215497,0.052266420733981585,-0.39063292366107233,0.1950715895221503,0.7383121019538711,0.8265478509602001,1.18952992196966,1.1709371460271123,1.1408282683791062
real_0283,-0.044698819638116956,-0.48579916287164,0.22351209188031118,-0.04453263940553293,-0.2566676317117497,-0.028268954295266546,0.184063490785149,-0.011115285498333434,0.04472135139134587,-0.4158077582590369,-0.042071340968839493,0.31377267205320053,0.13108579914890317,-0.07549673639022662,-0.2761037114065701,-1.0205980634886478,-0.629875648965532,0.16029490111852304,0.07873500190785221,0.35064557191226303,0.015291432846101414,-0.0954398551201874,0.08893502631657642,-0.11304237440682681,0.03173778843511227,-0.3348805660813727,-0.1830631253106636,0.17010915047954664,0.6611706838300555,0.5430415441378568,-0.3425468913871707,-0.3598365039420122,-0.6674755981728782,-0.11168588180185732,0.10289461447340413,0.479451825142447,0.32397891488547753,0.12093258825032474,-0.4887175794243063,-0.551015512057268,0.7555994181976511,-0.017718086935986872,0.18212254819735538,-0.33740971239893947,-0.19628919414599877,-0.5000628923810674,0.17882028497032973,1.0600561478801218,0.4296640772219354,0.2524899199020005,-0.06212587215592106,0.6284795473445046,0.9859239893772259,0.3915006480269027,0.36345914279889596,0.7647559500728642,0.5830926994652591,0.6072236719496414,0.26231668501209093,0.3559570358896629,0.14982687317195828,-0.01662565972761311,-0.018365033084853866,0.3338474610199934,0.3878212180263147,1.139115772233727,0.9559331619771805,0.7777790198164883,0.83995766067963,1.0286461092559696
real_0284,0.23066721564916487,0.2099389010536791,-0.48391073743518176,-0.8974034841910634,-0.21576873188779602,0.5676533289382075,-0.07075794201704856,0.1380652750096178,-0.8112490113820252,-0.35587158751370557,-0.06030422272600112,-0.3277596948010621,0.2619577856906669,0.137061897836638,0.3874456645097148,0.7662511059353891,-0.30819698698899445,-0.20684356574547214,-0.1626547324026302,-0.3771085561921081,0.30861565515346007,0.3897792496109231,0.6799829399882331,0.5601667268458882,-0.20826128883128425,-0.1407877867793604,-0.3677284545234465,-0.33056656380026095,0.9873026914083269,-0.022921807776780864,0.8618130673188201,0.3679051345600019,0.34455498489947234,0.39767570596736895,-0.18204878900825988,-0.5528395080978598,0.2426886960409182,0.5690096533228686,0.04841625571604324,0.09317863638466588,0.0638005297042442,-0.5620018525436518,-0.197405112695238,1.030222169991289,0.27959935611716413,0.35409061846054346,0.1095970286350016,-0.6640812024267255,-0.26633614481333606,-0.07465736379534783,-0.3591663432788702,-0.7934448452543267,-0.3098509645422845,-0.44160335853737287,-0.036252319409374,-0.8513803624705638,-0.16793859864682154,-0.1670033931783136,0.5607263923953626,0.07542309532410076,-0.31395439028475486,-0.24159308673750013,0.3042632937484865,-0.16443992883366293,0.3619236118653379,1.0681630507321545,0.8391800467859711,0.7656056814198411,1.1265715829214613,1.0824858846643162
real_0285,-0.4596702177819079,0.30249915925112364,-0.14378650733403514,-0.11238673867821179,-0.2448612298129979,-0.36384465487211753,-0.4221830724625411,-0.22623157585407366,-0.06167508447618744,-0.006483511375666529,-0.5049068180285036,0.09232143028184406,0.18599718327100898,0.15118843075918847,0.0673007964574721,0.8672251627949544,0.4567314455877546,0.23700121772294885,0.5810182506799558,0.4581651184750547,0.4737352139897883,0.05000810019736427,0.05475928709397,0.3574426207358538,0.17871770580256702,-0.3563212582473145,-0.3540010674776066,-0.004442881190197529,0.18655865358056273,0.6458805791109645,-0.21464392495592383,-0.41736390194803813,-0.3230718442890585,-0.716310353588799,-0.9573833982972039,-0.3233749555496727,0.7767941544604181,-0.23694403632836986,-0.32962724116266645,-0.27526904128343094,-0.7496835618091935,-0.4866032828842166,0.21655157781156065,-0.3229995454046111,-0.011012312053918321,0.14430634878277487,0.0037985980414753082,-0.15655000832403154,-0.10878143180958615,0.5114025683182613,-0.1966873601585473,-0.466098924725406,-0.969063818943394,-0.7439811483526098,-0.38028996262272396,0.4498936342767911,-0.7587852665384452,-0.36894310094006477,-0.6492549148764306,-0.039294937977399635,-0.17441275763450328,-0.406654652293961,-0.7344970993345641,-0.4689245220683788,-0.2197777986759677,0.8334353973378283,1.1071594723945988,0.7813352284225235,0.9978722646763614,1.194402382569634
real_0286,0.22389653584673955,-0.08800903701305347,0.0338064187991506,0.04827968195805893,-0.02548453415163655,0.2740435698739308,0.36313019486668635,0.012534069346075217,0.2949788538589975,0.3515051690154471,-0.10868460312942292,-0.19566601517824012,0.06855747784328206,-0.23533418107112175,-0.01597169061760222,0.17927480311919952,0.3931654972197896,0.33858834512298236,-0.3797271379066437,0.4123329122265127,0.6180485222020582,-0.4947924799588927,-0.2179594923445293,-0.24684427565705808,-0.3669707535484091,-0.49675948790882585,0.4521819416167895,0.4480731161713161,-0.1358956483056672,-0.4053920162656693,-0.18857082830119007,0.20379499813884375,0.26293999033052295,-0.09892314759092657,-0.08007925002700834,-0.28101621807436705,-0.01033305523061134,0.2055083877050082,-0.2618857011963288,-0.04682236409319022,-0.17833642145266623,-0.16482282767219203,0.38116352532698083,-0.5867602259386797,-0.11902348236054341,-1.2,0.07186287860990735,0.30405424420738336,-0.4903854067537732,-0.23774330850037093,0.29353985155158624,-0.06618506515090518,-0.07431196364132514,0.1720638673100684,-0.1312856909783383,0.3756311552472149,-0.5353958235439473,-0.1398158587103949,-0.43991766483968225,0.08367559676631106,0.22900732951804345,-0.3978433494972083,-0.01988899603681931,0.09218628471383863,0.14443623328814242,0.9292712788825077,1.2995944796121992,1.0577833334337414,0.7247225001844104,0.7976284202768085
real_0287,0.45138984171590046,0.6268004746710164,-0.05764225600574813,-0.39368713946375744,-0.21865672454732016,0.11100282648225537,0.513652360219491,-0.11877244225037724,-0.2970559205691557,-0.23288945215065054,0.004186230215382606,0.2887904938350877,0.4610853016443597,0.14799518834231615,-0.4612358787921699,0.5744556778875001,0.3881636963189188,0.42720286647224276,0.057991153762684426,0.29063289069221576,1.0367782813531234,0.30567181967304646,0.1311751064495426,0.33599379252273764,0.3226316599430075,0.29703110107541464,0.5502423799879502,0.27096027167783804,0.15538225804754935,0.458635982108398,-0.24569586980235442,0.33041407595011174,-0.05942288605725596,0.5509740079020162,0.2977863622664135,0.23877597678079512,0.34131056461663756,-0.01202246598349735,0.6925857288515336,0.07519607901651075,0.5837065522906666,0.6020654222866723,0.8477438225476501,-0.6496489851140256,0.2513212498830113,0.4563411173012022,-0.003151488200299302,0.0841926722781196,-0.22240384413899247,-0.3598878397762522,-0.07441861665386265,0.0035105867450458753,-0.5323414597058965,-0.7102074757142457,0.22939278551366948,-0.19688592959395187,0.06088400302126996,-0.3574245025714456,-0.40945756826566543,-0.1669120826878474,-0.33610336203420366,-0.04834068527818002,-0.43074341722442333,-0.15212188003726856,0.36846105997456213,1.039557580653478,0.8235077920856047,1.2489894757292892,0.9367604590837624,1.21951464472705
real_0288,-0.37491688418549984,-0.29417654088911427,-0.36527814180617607,-0.678875030552241,-0.6253209556348029,-0.2688794114996225,-0.33648478761183154,-0.4806332969484165,-0.6075584875099785,-0.9032567559514154,-0.20732614773934502,0.05863933579172998,0.12298369486087174,0.10800947793552271,-0.6910408932135951,0.05856405606751538,0.16078999663628218,0.3783599349103158,-0.4876196793102743,-0.009859034764470158,-0.06608932688814961,-0.1213335165762523,0.09305280072326481,0.17988782020409838,-0.15588871689250278,-0.7113966913771126,0.14704399257229292,0.5422760720790364,-0.8379960647110262,0.05453348900268111,0.2155037828590799,-0.11556735759733638,-0.16242645647632728,0.5483130608086945,0.38479362196211486,0.05873221560788836,0.7210278589543168,0.15087834935508448,-0.036548373922640744,0.0033833152004276853,0.6778094376322085,0.6861800594049178,0.37190435015834317,-0.25169331148349755,0.10316951619943218,-0.39648348439943487,0.2410378852229,0.19785300609296153,0.4815646999700468,0.17863854789038872,0.04749752892682255,0.251644773779197,-0.2122531865500503,-0.12363805872870279,0.19870024931787386,-0.22985115035027556,-0.04440368823473138,0.19818618007238595,0.36932111512322247,0.32425899127345315,-0.4928650009975454,-0.07645856610614563,0.34579302124743744,0.304301397869279,-0.04846572431915843,1.0078700197534365,0.8743804893872211,0.9137321123520978,1.0730727484127536,0.6567492457786153
real_0289,-0.05053594013616538,0.0021709490932450815,-0.31102101486035044,-0.16329230271882111,-0.21823467362550172,0.2547490155748095,-0.033346124516362756,-0.1192493792485741,0.17546533946275727,0.2073339001175246,-0.013422041279035055,0.3193649583301195,-0.05525176615335364,-0.08285324055798536,0.0030772238826458314,-0.6956489180953701,0.09530802780734673,0.27257674156640316,0.28860947332556985,-0.13371536582720975,0.551259654695979,-0.41297782226773505,0.37092237288062097,0.4718556836939392,0.5051743556798989,-0.04213025272375368,0.8331171015127027,0.35661129721091045,-0.657496639493804,0.1245850944324186,0.8634006740927744,0.48439528686172717,-0.007021597657029979,-0.35586048279974475,0.05690208536407885,-0.604813038694623,0.3763290374858056,0.050161320067942716,-0.18688924386745698,-0.18808596476383074,-0.31556866719093996,-0.5622356698246247,-0.8047016377347153,0.3436070906094729,-0.3798576751813684,-0.164781367675535,0.1742551990354772,-0.6816824166702378,0.061225866818784565,-0.6836503204444102,0.015794410178509525,-0.00772971407092968,-0.15506925620611714,-0.033452360281837484,-0.07540186639770938,-0.17674395710306082,0.47416033349511794,0.25392468786450584,0.44553638046805,0.5294302012646057,-0.7446115040552612,-0.3313893613265055,-0.11862875894393025,0.2985802752943538,0.3552245150331248,0.9561743221294667,1.0353172552464895,0.5,1.1225930760949199,1.0820919932078845
real_0290,0.21566416615437436,-0.4863060113469515,0.13439664688135788,-0.00992396036884096,-0.5170976225123736,-0.018040428375754765,-0.33282241871352924,-0.547312008572791,0.003998869715489326,-0.2802865141151877,0.10388342223424948,-0.4827571915721004,-0.3779994034093928,0.4936802808677237,0.4354048502109553,-0.16889407344289287,-0.12645059677715526,0.1797382553003183,0.3003919743711865,-1.0432310145988104,-0.950961226510598,-0.8498495076704059,-0.38775691283135333,0.1760072051534517,0.29035283636745296,-0.21888874283158533,0.3623257322181613,-0.5746886710459932,-0.35855928332852144,0.13602591344151088,0.016634625572774737,-0.3350422209468439,-0.11748979262829781,0.6809622044523749,0.32367495499604215,0.3068169856788239,-0.43459665299013955,-0.5087051160387637,-0.46860633187428985,-0.5140747387916548,0.29510226994049893,0.4954731312329558,0.21221019861481763,0.17414744677164404,0.5975120295530734,-0.502142759187358,0.21675433688775453,-0.256364248032277,-0.4279660469707961,0.4114035108434692,0.37808829206273914,0.5446447300795767,0.611364715978096,-0.3552890283626072,-0.09485518895107452,0.6264987976998909,0.3776835392655439,0.4612995379957113,0.34705217273063294,0.241665137496567,0.4009030824024657,0.38792173278331615,0.4387179035246911,0.6892102804643117,0.22774549556409845,0.9844767597901058,1.241667422274943,0.6592014274779249,0.9718024205111163,1.0446852408215819
real_0291,0.12448556643883131,0.33455891177677827,0.01875774501553324,-0.023086925312245245,0.11579290286219772,0.045254167420471315,0.6033825460184146,0.27904408470937314,-0.3758328331310772,0.35590526799575095,-0.3570178292804896,0.06930091599972929,0.1328380643042201,-0.43866195988201145,-0.13101545057704955,-0.14594468191880075,-0.44596950637858784,0.43007732516781727,0.9307269653203455,0.6057219013889652,0.9468059115371428,0.5294502532513209,-0.48495410412962814,0.11894463729827279,-0.113531702093279,0.2034189468816857,0.626359321688004,0.6797710470020814,0.8389421289905342,0.198457689934015,0.1464145624279992,0.23178009781034195,-0.13891579134785229,-0.38473085322912326,0.3097232255460813,0.38111648062033643,0.21529715785066564,0.26538778221612574,0.3588773014811622,0.01551805160511327,-0.6868855728518011,-0.012164922672491876,0.5132665887814654,0.40038757316536444,0.4130861150611935,-0.22942850185669164,-0.08899142454071515,-0.10220002643487479,0.6174094551077642,0.59288427578357,-0.16544121154643313,0.4250027447279092,0.21005584191684357,-0.5931005639501521,-0.49187964040269083,-0.16695890560646884,-0.14914069413300068,-0.06661417263467362,-0.35855602947652876,-0.28200417068874145,-0.1580451287851989,-0.3830448889608296,0.13548552975528713,-0.5141429492873333,-0.4590897589825437,0.9622033932689672,0.8166438531190146,0.8333926554407977,1.3063557781202106,0.845926727951973
real_0292,0.11135907374629825,0.06468878585690051,0.054488142585821533,-0.11176150693900763,-0.2697187128523749,0.8516591843270241,-0.21897721114767785,-0.14433557805987549,0.0036182169463273317,-0.06563389074153653,0.541404462230449,-0.24370511691652705,0.008820522160227173,0.18878816181406452,0.07844404877210989,-0.6153446541684159,-0.4023094525408997,-0.7276151840463073,0.5072998936338988,0.12338938203369366,0.4466676015670291,0.17500003323045388,-1.2,-0.8158431285752101,-0.4120876711149028,-0.18137993380186868,0.3069273477152817,0.13035156412491442,0.16950517830651668,-0.803256707753807,-1.2,-0.5966029801598389,-0.17597816297157315,0.40660131163648505,0.10349669413703948,0.719038249190189,0.36856549355872015,0.4472368633465115,0.4082449466773632,0.1008059955095973,0.23251650438523633,-0.015344637749061167,0.14810356400641225,-0.12527253448617973,0.1624515763848115,-0.13925205824760895,-0.5102958522798973,0.10315801558370266,-0.5593012764832594,-0.8080090681536026,-0.011596348799218378,0.3997719238092042,0.37018871895507616,0.6307256239543346,0.8688517145121691,0.2163826574010687,0.3108741380791946,0.6225288407845212,0.06583078223311384,0.534167180315268,0.07103413474680696,0.6198351085961266,0.11147230526799748,-0.5588234094667285,0.28210920517329735,1.0228843768153704,1.0373554183460414,0.8884542225009571,1.2015021541973119,0.9943286811685883
real_0293,-0.025331329695520332,-0.1600031385055237,0.1254777573325239,-0.3281428264099117,-0.31496093249427143,-0.18932300299060267,-0.12360730679585988,0.07077370457128823,-0.18605292182578484,0.0530219627650808,0.46610624149264285,0.30928528952730694,-0.021396398216751926,-0.5004023628184873,-0.06908996003697097,-0.4501839428430367,0.7240162249426216,0.2753957915550944,0.5824900298610187,0.4904730675714417,-0.09887160664633782,-0.3870622459091022,-0.30929008061702457,-0.19435148623826617,0.3320348954049614,1.0231320797225651,0.4988982383672955,0.38441441586562586,-0.33953576670428837,0.9323472033326362,0.1803371786404693,-0.10329506400072323,-0.002983751986216035,0.46126142095130257,0.5864427605053051,0.2490366347688681,-0.4218357139864479,0.15564439445161024,-0.047509147833218864,0.4598476629450814,0.5877258120414258,0.5594157055357077,-0.1628959405965753,-0.06248867392697489,-0.4257718356078861,0.09498340924467095,0.49397589553712595,0.3575853927187478,0.3064005426021532,-0.6630789521359707,-0.2316218475033507,-0.5750436841424191,-0.18820795150205952,-0.5635071733573991,0.11485681703152165,0.05118217522787564,-0.3207575525089114,-0.10676595333458304,0.06544154020375409,0.24915135214360382,-0.5769273533219711,0.030691469241400673,-0.18325169819876747,-0.4044026599258147,-0.5748724034545346,1.2207237959489736,1.2731948276219662,0.9183222745490547,0.9486691767200495,0.8443649618336118
real_0294,-0.41436839946821397,-0.0070431135065075435,0.0008711937561632221,0.35087928815772496,-0.10923672721738248,-0.20013802307181547,-0.24680173994474267,0.06474871113893549,0.07841128444771242,0.06789784138208511,-0.37933684721781125,0.17002904390850934,0.013847129304962433,-0.2286759101424644,0.017241006624850796,0.10874377823685138,-0.09081468723993219,-0.4585371700610378,-0.23493057093905226,-0.2541449168433184,-0.45316091022593197,-0.01423593343476369,-0.1116461923776812,-0.38983596139864557,-0.8863497901844503,-0.3365851489701709,-0.6587330403662499,-1.0091287373195665,-0.010533585391187502,0.035570138314740346,0.4775540339032047,-0.6359250920371505,-0.18789356399432122,-0.9727522057610182,-0.6484008992386175,-0.7195315675052483,-0.17255255088755195,0.18327364792961834,-0.15418868772666314,-0.9856039934208135,-1.2,-1.0538958059331436,-0.6651849268520867,-0.30558346446745865,0.2643216160356633,0.2231451336826729,-0.2516518036154009,-0.06125936556982874,0.08924990707273821,0.04558406751446396,0.054062551009750805,0.6456958658849027,0.08757959196112274,0.23801270699055277,0.2899902575186881,0.31588912056204627,-0.08951391031604819,0.0597942361826131,-0.04199090397366268,-0.039263697633716343,0.18105627062768104,-0.20438843410725,-0.27181998620381936,-0.161757837233487,-0.3850501276628309,0.6150012338603054,0.7522361277731099,1.0077162245961835,1.150024362427389,0.7320746682845639
real_0295,-0.24104018007170197,0.0020057445752348925,-0.9839949201628747,-0.26451201208241865,0.3207509926471602,0.23345613060006692,0.5679311243197479,-0.44037605317286854,-0.16997568747525502,-0.46124712729891576,0.40984246775411726,-0.12543595182378642,-0.22796834128642937,-0.5457518157666406,-0.46594442718064566,0.26318991231879624,1.0061484523997224,0.7175179652190552,0.6756118434067504,-0.16288048590761836,-0.3172161906370776,-0.42700695322396576,0.3098696109942459,0.25348486275309745,0.5088783650262786,0.2961872632550812,-0.5301737811758651,-0.6764565665749975,-0.5507532312232161,0.479406922709242,-0.2600034717290722,0.20797388947665948,-0.12710032881160613,0.21773736712004335,-0.03988585116786785,0.12104008117829936,-0.20599145963920987,-0.32979554698652797,0.29336818229617523,0.48935228118335244,0.07574412482606285,-0.02947696172522006,0.09629743989536625,-0.4001937305593558,-0.49844674809054723,0.1642076313998734,-0.1095678991049144,-0.7052106818730893,0.6747854654938966,0.7318048242408567,-0.04956704563675342,-0.5951662694240044,0.17658932941991978,-0.39547821358413815,-0.18737274904159532,-0.2631727938578807,-0.13763474084357027,-0.656485564524421,-0.3334001354138297,-0.048370034964904426,-0.36296641505896354,-0.1339945146559221,-0.4577775614050969,-0.287620033105222,-0.6891241083137067,0.9644724603235474,0.8078396189731252,0.9376507338355106,1.3867586970376373,0.9115963145965889
real_0296,0.21356102149275072,0.13421305812803327,0.3315628719898865,0.4864396350298181,-0.12651903686313776,-0.0789463257134845,0.5870292485866501,0.7967221061067984,0.31770948930478826,-0.29146489251288193,-0.3651184688162781,0.37206382977681074,0.4065510564483302,0.1769692948384335,0.46419824056391884,0.17462899671619475,-0.48197259607352316,-0.4586085551964695,-0.1490062082634924,0.3812041077866112,0.8805201214411916,0.7667266136830404,-0.18663569935748872,0.20433046077033978,-0.12686519879124344,0.016399798718582194,0.513170223246134,0.6306303838674531,0.9639942004151928,0.6961911142512763,0.04910116821606318,0.503777795738476,0.6537673189732234,0.15961876061257133,0.028843937446963275,-0.575560068882947,-0.22835933349811452,-0.0912194320667133,-0.3388359506487839,-0.2211313709414903,-0.07717905927366189,-0.5043014917542223,-0.48506396372831573,-0.9468780058445987,-0.1966836424975661,-0.04628932000027683,-0.34198988435969035,0.5406516455189826,0.3392916096951525,0.27109444525969095,0.5255690418321413,0.1192323339500121,0.09714835111867072,0.5735945781821818,0.280881549676577,0.14642737357067673,0.11946957619578474,0.1484548971254574,0.3437434996193818,0.028370163181645966,-0.0494500360179809,0.34091419792882993,-0.2116863266724894,0.11053699657342637,0.12763022157030549,1.026476863205867,0.9364590090308743,1.2098679221086814,1.3920969201566054,0.7240028411570847
real_0297,0.4043136277962555,0.01193565093999031,0.1274882315434913,0.28380324294190357,0.15238732867334148,0.3450118988473765,0.0766543657603172,-0.04708258350085372,-0.23064141397788174,-1.0,0.0850815399003331,0.16797632492805947,-0.14352343527887465,-1.0,-0.3187588535312405,-0.048752981951518316,-0.07498802940217993,-0.8548121182447453,0.1798568313134463,0.7214320657208082,0.20150729364221703,0.44209047664775414,0.008931614943308342,-0.19009657259479792,0.38185735953089556,0.26354361898014417,0.5164081899740298,-0.08384195798065681,-0.08085603559377828,0.4039955248621432,-0.025815152742517885,-0.05440037177241798,0.07728644707055116,0.09928525297999333,-0.0026010696450371675,-0.7328642172241489,0.2570242480378061,0.0639859529275949,0.5733077764762085,0.2258556400171312,-0.6864061661527959,-0.5857747627727081,-0.11215047375712127,0.3753095326201061,0.29461119103434774,0.2358898243102256,-0.041603757212374776,-0.610705259501619,-0.7418986514064873,-0.45008504006618416,-1.0,0.9879025380972571,0.7989944032734395,0.7026177077001822,0.3084029314840314,-0.598255333952229,0.3233119736442225,0.4130423904171543,0.8353351580227537,0.2510114731085089,0.2641106479388647,0.11721504591115743,0.4946458923716553,0.5014093368602686,-0.09730215358575091,1.044399098453065,0.9219117380716884,0.8647965388637262,0.7544000238355005,1.080699366023312
real_0298,-0.37775316126122566,-0.23332211770049788,-0.24422437056138216,0.28219087600065496,0.5886567061587025,-0.32195661413011845,0.05255388134416228,-0.16776844645780203,0.43027375782051064,0.6111143978863094,-0.7240217468303628,-0.5600653126116706,-0.7097102947768597,0.055550056003607226,0.12004814181022666,0.9592685061363725,0.5858137134090137,0.8676229142056736,0.8584735258753204,0.19458366047375866,0.19274235576788054,0.34675707540428063,0.731528666423296,0.7482914942611832,0.2765497101815157,0.5894407333703683,-0.18945330001557426,0.29832384819747704,0.3739468339313352,0.6278769340266314,0.5205354292861738,0.31180134026339945,-0.2846230847461027,-0.279759991023597,0.2528233129513042,0.21287396701185804,0.4602360495861948,0.74857941196853,0.6963337252245514,0.010104474028032093,-0.050048637551486315,0.5425878793583282,0.060432588294338487,-0.5967999511112669,0.16141404939611537,0.7338514696816595,0.2695638711814586,0.2930327923079788,0.25833695047160216,0.044430993789549685,-0.5460813520944351,-0.14962585782861124,0.1308047547530569,0.2104400376543429,0.21027907388876843,-0.1323953644788749,-0.3364723812761996,0.718503194092311,0.25888005990959617,-0.053788389255657966,0.04561366780907771,-0.482547241896846,-0.20325923299839252,0.041510646105208944,-0.48469043246276394,0.9442128128018066,1.1218901931630467,0.8275364081048914,0.8146933777685699,0.7124786264619092
real_0299,-0.33505643360225307,-0.1855860540578093,0.10005680068508592,0.2522242599338404,0.2310074523487783,-0.10397077057531622,-0.006108611557897127,-0.1644407772460389,-0.3850051919074043,0.4876178797162851,0.16091219740466342,0.16224269194133942,-0.38081902652210553,0.39794323208100973,-0.09773695557275305,0.4610897768574592,1.03050150716384,0.3559352307341324,0.0015414577055280169,-0.1373345158214001,-0.4217902736113522,0.046618310165553394,0.7271297220291549,0.8017906292440756,0.9589178067357826,-0.01462859073867399,-0.5179460955741158,0.13685766955429993,-0.2836594159660421,0.7781006207886833,0.3088688338052917,0.04581563300953784,0.5417215762775992,-0.07127947344189602,0.026959182988416885,-0.00023785942086522888,0.5401710291269872,0.731232393650323,0.8656785688510725,0.19406150058021762,-0.023880452161529807,-0.2538838098154319,-0.20421009532598625,0.030313128749546392,0.11074112646822912,0.47233582229323307,0.42646320191365983,0.2208837241337195,-0.1415719955792244,-0.11855001242090973,-0.19731896276070945,-0.4244909722115634,0.10784923878333709,0.14923514924345652,-0.0433676947114778,0.0890055247746534,0.05847788428991042,-0.6142320938165412,0.11438157994864513,-0.2675733126485565,-0.018712812050612527,0.16548740648426408,0.21319427671848826,-0.39218730768849397,-0.11091575420559409,0.7364917326282125,1.0362489579731258,1.0957751077040923,1.2969837573467702,1.177994255747763
real_0300,-0.26996676939973807,-0.16333279046760016,-0.45425073944130523,-0.26015574227779087,-0.020550560630982238,0.15709034997139332,0.3938015368770755,-0.060724986569800674,-0.5327092956743027,-0.09969244756191452,-0.4716958834014243,-0.5192664867895,-0.3093503115446762,-0.33499513547327575,0.1519331812148285,0.11051841643031805,-0.5948004465695393,-0.08486838070970094,0.22199825527085126,0.6492913776268562,0.9223892173773325,0.3734386488588817,0.48106087817983434,-0.05921235115989903,0.22786755845228082,-0.4113074919911049,0.01653795347632248,0.3659262826336295,0.7309909014647002,0.2541161256677381,0.2851807770568147,-0.6953436436327278,-0.2964123231278873,-0.029619486413560624,-0.13831392458639513,0.4904126149964249,-0.4510667913798199,-0.34257958973070257,-0.47280564969220934,-0.4258937838872488,0.11134899354924836,-0.23956299061817193,1.0291700796002528,0.02133240011944,0.043513007076449395,0.5992929661914159,0.4938527885539919,0.08980661892409159,-0.2409701498121422,-0.23762334481789318,-0.2921650241625448,-0.26141560955313764,0.17702568628760584,-0.28566583769225096,-0.34995775983048766,-0.19382357071717787,0.21722326080785165,-0.443973027113859,0.03567272889348179,-0.07727675601877347,-0.1176865545725745,0.1567886508046605,-0.49405974458995183,-0.011178283357597261,0.40467762867716245,1.0491993225571163,0.7337556910536808,0.692871586014776,0.7883437898324726,0.7046302330177949
