,backfill_mult,channel_mult,ghbcond_mult,pp_lower_001,pp_lower_002,pp_lower_003,pp_lower_004,pp_lower_005,pp_lower_006,pp_lower_007,pp_lower_008,pp_lower_009,pp_lower_010,pp_lower_011,pp_lower_012,pp_lower_013,pp_lower_014,pp_lower_015,pp_main_001,pp_main_002,pp_main_003,pp_main_004,pp_main_005,pp_main_006,pp_main_007,pp_main_008,pp_main_009,pp_main_010,pp_main_011,pp_main_012,pp_main_013,pp_main_014,pp_main_015,pp_main_016,pp_main_017,pp_main_018,pp_main_019,pp_main_020,pp_main_021,pp_main_022,pp_main_023,pp_main_024,pp_main_025,pp_main_026,pp_main_027,pp_main_028,pp_main_029,pp_main_030,pp_main_031,pp_main_032,pp_main_033,pp_main_034,pp_main_035,pp_upper_001,pp_upper_002,pp_upper_003,pp_upper_004,pp_upper_005,pp_upper_006,pp_upper_007,pp_upper_008,pp_upper_009,pp_upper_010,pp_upper_011,pp_upper_012,pp_upper_013,pp_upper_014,pp_upper_015,rch_mult,riverbedk_mult
real_0013,0.9169440665404195,1.0387578944084148,1.2744520990146184,0.350752378725092,0.0953388633837769,-0.2901252349155823,0.11347904590573224,0.39645942866198214,-0.03593212834326276,0.27276370314410925,0.04803711632683494,0.5767562466648603,0.3632811638104806,0.30728477206905336,-0.23733258943300056,0.3331764493640434,0.4338672118399007,0.5817326733071129,-0.15322673370770687,-0.42305064106946627,-0.7641309305471421,-1.0715686378704072,-0.6925272703854728,0.009564076455583465,0.14170552997686717,-0.13829297126353374,-0.2994704569289686,-0.27461181988755795,-0.5823940055799377,-0.5629821194695055,-0.35911614713949264,0.03429883005702085,0.10363295841619477,0.11284160549548289,0.16806596900161713,-0.14500320388105514,-0.20476613284796755,-0.4302803238897206,0.04502608349790885,-0.08239617029136398,-0.06407026778435404,0.2971852632633466,0.52975403218893,0.2398256238859228,0.7309328546396413,0.4570875127114642,0.11998950830762703,0.11976628821476866,0.438522413517213,0.6295668053457456,-0.09031228419214103,0.8731876845822265,-0.3701499666677077,-0.4296457277556728,0.2038586482631974,-0.003954140083153169,-0.1296984078102587,0.06993559694457113,-0.0462010217167598,0.33703018754723674,-0.8314684666510438,-0.5186823458301013,-0.12188998162979381,-0.02981360349190232,0.3998190077801574,0.16996001162486807,-0.1461818313104893,0.4400612195602342,1.0069666734047436,0.7339509315789731
real_0015,0.34145712755863017,1.1659828041288356,1.1189610210109981,0.01385995362990014,0.06528806674337621,0.10623515035637619,0.483453056494296,0.39346720384084505,-0.29386268108484376,-0.7662983905403903,0.39211539350821323,0.4620430496148603,0.3295712527193708,-0.4614900144558557,-0.15369158886886583,0.04463035751691452,0.18626238669010237,0.8008388237356945,-0.6432880127767161,-0.633058030919166,-1.0301440806790172,0.30083669244353073,0.21532473341397523,-0.6383193978158495,-0.725004375996147,0.6914486038476818,-0.28089357586925445,-0.37361052165664127,0.2958394755118335,0.22091842048228205,-0.09770365762363833,-0.02990564524753192,0.3849421983058253,-0.1173373056111699,0.18574203388175692,-0.08967127463906756,-0.21588598121431932,0.10149862287679115,-0.15563378547862516,0.16046437193810573,0.018009037575082876,-0.5629415903397543,-0.5616105260667382,-0.4443027886433216,0.048302456160856176,0.4436735421562367,0.2961664832600098,0.19241299882657528,0.6795561863202384,0.30806322676534637,0.16547200019708666,0.11569983477859339,0.6225566290491953,0.2486795147421105,-0.24327103681320758,0.0032237323572660848,0.48030080459086577,0.4795704242365102,0.25469593577487587,0.16249153462701715,-0.4161513106074944,-0.23405269446549246,-0.2867884881010669,-0.009508427851608731,-0.10205699051997746,0.26551009465079817,-0.426387602721207,-0.3504592269420041,1.1026193221981722,0.8631163324924104
real_0026,1.1311849098632552,1.3080579140966866,1.1123505998603016,0.8713750529538762,0.5573870260211246,0.3223600962883603,0.405569065634586,0.24328601696643598,0.17486278152405232,0.5586805809297288,0.2004057833166332,-0.22078275263228098,0.5610744218193948,-0.08298642666213421,0.25350247932606457,-0.08069034543349543,-0.021740015660966974,0.49394818087517695,-0.5885023905679213,-0.09239516897256649,0.10204022319664757,-0.13183788339547306,0.7958600524372477,-0.3536538558452133,-0.4013076569721443,-0.1883717581388346,-0.05313272235536923,-0.48988820472678946,-0.36305077835582256,-0.12863801152593946,-0.10775697324797047,-0.44085039501098006,-0.09731909922826038,-0.36845322699622324,-0.09782421347497716,-0.09120724953338066,0.09923463182969597,-0.021215470939276695,0.2959175086914545,0.16714063562325945,0.6570354520986275,-0.6103597343317,0.0415048038716561,-0.2642251062320696,0.18567845919725,0.11823057572447461,0.3958520646031371,0.05930060262299361,-0.5545737595339744,-0.16178645789934504,0.0659961406353722,-0.05723007328114536,0.17050715694580365,0.20031517824156977,-0.05809676236263392,0.22445831419702442,0.08628161394037848,0.09555802144517869,0.40136145030275294,0.1373918606075633,-0.2611671804207446,0.3682767957581275,0.3125458255896464,0.3260528113372856,0.10665116687468468,0.05450712953293559,-0.15772417838416083,0.11183952395990898,0.9787624536514221,0.8752774793583408
real_0029,1.1428254195209921,0.9200473189296272,0.8176453798015147,-0.036355721013732495,0.39199098038507785,-0.07555308225215038,-0.10587687353507276,-0.09122105478187059,0.4362824655026023,0.2563779337968292,-0.2607968295854308,0.3958976600508507,-0.06630043013646925,0.9774966538237719,0.6881511715247858,0.4008159017090537,0.4288023721180524,0.5430761514834714,0.11780087010213007,0.1805356460132411,-0.03737557767338379,-0.0369457928775833,-0.17067299441299605,-0.0792267157873931,-0.13164711698311848,-0.13524203076209546,0.05817116276404516,-0.4285350149327093,-0.09346349754772032,-0.5509044330575723,-0.6929441211909597,0.09611951298001038,-0.3608334539039563,-0.29807055816759886,-0.23787765797073984,0.13868716490852645,0.18007715166778182,-0.3019652159898357,-0.01386976806486842,-0.18209608624192364,-0.35415768225362354,-0.25768302788858155,-0.35942057238844755,0.2721532505723125,0.20068377157273773,-0.5653918721305501,0.16904180040233138,-0.19924202063422466,-0.1998436484190088,0.24451560344472512,0.6565620202219494,0.10088689821857302,-0.024020346931710485,-0.06410636278649792,0.022916179634382687,0.12137748187018627,0.21762159761425637,-0.08708482692496615,0.2648020506100366,-0.12714225869859344,-0.40630135956933844,0.058226083423737834,0.2079096532883259,0.31037049567368374,0.009579926482969695,-0.4856278903317231,-0.020754058849964688,0.4746845730947444,1.1069759151031124,0.8215522587841545
real_0069,1.3084592862715898,1.116629545180208,0.9737875673211278,0.32542768237846553,0.07055840687709666,0.17844288065429023,-0.12048681088633097,-0.2519258115469172,0.08680919689538365,0.017238398626875637,0.21462762396625734,-0.27497586001296187,-0.44468990387014407,0.18632059978808288,0.40045599632406437,0.10960897259016927,-0.47238082335818987,-0.3666121453952027,0.13977841574033206,0.09926810356172688,0.17924899974552716,-0.14977832747326913,0.10159777203485065,-0.08577091803383219,0.1384913588356501,0.49623347012995594,-0.15057994990812612,-0.507167853752468,-0.05868657365342722,0.003849110891938734,0.14879292434736147,-0.03470386181276924,-0.24000457477882056,0.21532088713318953,0.1681030336100362,-0.06898799568151737,-0.0017057265746167616,-0.26182077697046513,0.06759526333365892,0.03984612265554594,-0.14076466751191274,-0.1171042982151781,-0.3384868542680651,-0.19914474382144287,-0.1489772481122764,-0.3028645288728112,0.05824417846717139,-0.7164697985909357,-0.317214875008745,-0.1205867626442109,-0.182449628824144,0.2420024492218545,0.10909358384205259,-0.3318609692966693,0.09527599428578933,-0.009553663784296451,-0.281852396699788,-0.17633105231576474,0.12494100804878555,-0.11643781723077255,-0.21212293650326716,-0.06936269559215234,0.014746924270175918,-0.12622735781253264,0.26448230668279415,-0.4768822875661533,-0.08372921442764428,-0.17833302365918247,1.091487209188403,1.1286008816376256
real_0079,1.1133475558437558,0.7506014655024937,1.2267691901194937,0.09778224056962535,-0.18363754564176676,-0.03347892900280678,-0.6139049518111914,0.09889716065722778,0.26190897951944087,0.5273711559080068,-0.054552824097704206,-0.6922342017490243,-0.3189920708910097,0.0820430034179824,-0.06033899667828352,-0.03273421580800678,-0.19996366503744756,-0.012930690335017779,0.17479281976152533,0.3294119283715325,0.17683135873042877,-0.09937662773695062,-0.051806676412808755,-0.05668699827346488,-0.37153919076411923,-0.49308900080834245,-0.8175335601507596,-0.18340326756684827,-0.26516216978143037,-0.09556653119807193,0.47661949271006243,-0.8614152837916036,0.6085996114416806,0.3205951516197507,0.07539335720101961,0.22013337473548217,0.307809562198994,0.12060953432810999,-0.1826078872202628,0.2013935246995507,0.0938969264404636,-0.7621942481145918,0.3373174384489007,-0.17637097401099985,-0.1849938210914349,0.342686965867789,-0.13178395869237805,-0.3437104680950688,-0.23976967120513498,-0.30696696317262645,-0.12246832547372172,-0.6195295960863678,0.08565114750038352,0.7416707190016296,0.2725457451852977,0.4004181572489955,0.08905463504377127,-0.7373451035843314,0.3791594104615686,0.1628139061120291,0.006196664657709773,-0.05957540748440397,-0.5890098631880436,-0.1109395442368099,-0.36983851066626316,-0.1676375053739953,0.06898176515652502,-0.41010007647041624,1.1017862568918289,1.1090452785703362
real_0001,0.6579318582726568,1.0331247091852984,1.2546894260762769,0.5510027879628668,-0.12807129510522808,0.5003170188251064,0.27993964318278347,0.08042664501753344,-0.2777279379560125,-0.06554903778438323,-0.044484604126663066,0.5915325531589523,0.4453307488532095,0.11838321166423138,-0.31859667904511524,0.09915715926795615,0.1664143460037399,-0.4090381380283864,0.4068034936452719,0.8064558683399096,0.403154261518601,-0.5615331046305156,0.03118020094511051,-0.12342845750407537,-0.05971682053098569,0.37840765023057177,0.348850936088695,0.5813698899131494,-0.0019434037101372023,-0.0033197444181548297,-0.7495796440407579,0.3458327377464982,-0.6529508292500397,-0.0960414964687272,0.014416887898133168,-0.042799991336658905,-0.030965798627207552,-0.40649402245031124,-0.05796019388418705,-0.40382469769749896,-0.5020586325630205,-0.7613131718912804,-0.20388746289852067,0.03959553307072376,-0.13517582204125228,0.7318407424691613,-0.8150403646726082,-0.7246819933059515,0.109672490035537,-0.3229790259196919,0.10003467517245233,0.2192198824532666,1.0058128262823853,0.09035290039464351,-0.14413562510153885,-0.24262778468822593,-0.01603707943619588,0.37781428959025853,-0.07654738202911034,0.10269441456243368,-0.1389157838946767,-0.5016614458229598,-0.4010506726843178,0.39269147601335613,0.7118363496060652,0.42489971365018714,-0.011385395463093605,-0.1690845052719473,1.059918844087875,1.074061199205861
real_0002,0.9049139199103554,0.975599649987033,0.7948077246980164,0.34831749917349053,-0.133761719002622,0.4809200163867932,0.353265322500557,-0.6354932442227756,0.05555896921657704,-0.42224158399369105,-0.011386476465023238,0.06504078870259311,0.23540694769157094,-0.16867159951621327,-0.8198633330862248,-0.2216159977777408,0.33953755526121254,0.10359980604813371,-0.11301799269561863,0.804581741411509,-0.30594355737275053,0.07891718761158345,0.02473146365320475,0.5087462486907248,0.18151614569179714,0.19174900897384958,0.13547619016094736,0.11153021022272155,0.012368200473030999,-0.006772064964806396,0.1573748341014388,0.3110214912183341,-0.2846054482747975,-0.3412244072623082,-0.29747827008094574,-0.010744660943044715,0.029679481442769773,-0.137889196077442,0.736445010499699,-0.24945636533576748,-0.23821737701962073,0.392446138285867,0.6348495337397096,0.10693610868701622,-0.5377320380361997,-0.039275263149942924,-0.439371327041441,0.42878946484755187,0.3805105908388701,0.08224689344702538,-0.3597385149894883,-0.5504971517351622,-0.3110285289230602,0.1640612330838359,-0.15746480493771203,0.8966868855067269,0.5349826155450439,-0.19166106702366725,-0.041285923072780124,0.0748310003891806,0.370674350987489,0.15258490939086322,-0.10111302656042806,0.7300123313037035,0.052220042739564876,-0.16837221236717242,0.2831149112590787,-0.2291540120627047,0.844278007074283,0.9186834780873417
real_0003,1.1675515140436974,0.933715026268907,1.1312164548516153,-0.603466502307998,0.09978810123180738,0.306628292435296,0.21982723305115945,0.10136387857695595,-0.18498050135439276,-0.1543507587280909,-0.30870395264962286,-0.5979521625218907,-0.27922233214310876,0.09536962552065302,0.07936463093946447,-0.32142336601350985,-0.13429068018840853,-0.4520116725711831,-0.869845706959812,-0.4206930043862003,0.4400161179301476,-0.6626289899287012,-0.33182669175810886,0.33155003746047895,-0.41427231363055234,-0.948148132811026,0.21979205330502483,0.4512497011809528,0.16725509337221012,0.10967062883475343,0.11993429424225843,-0.12247330035756737,0.345381004173117,0.23493632946748538,0.32637244250604563,0.020545768796085495,-0.21325209611725487,0.045135673301106904,-0.1010168473720115,0.5692620109209547,0.6067646012362519,-0.5750177226964728,-0.6334882722209411,-0.09339853010462995,0.14177217503366119,-0.03787660427935105,-0.21947100460551622,-0.3783394617982726,-0.7791194160251341,-0.9649001561619976,-0.7377560313380438,0.7115442646780059,0.582118657558884,-0.3549540049337444,0.044916339850626,-0.3290036441777849,-0.24298576558167675,0.3724129209428969,-0.2338903957220807,-0.13505589553829908,-0.5144502338727803,0.18167175972573907,0.5132374500635308,0.018191606398465968,-0.09409116707541759,-0.04132032243453395,-0.33537916207167934,-0.6490357263922916,1.0895206330072262,1.269106948568202
real_0006,0.8140518252490285,1.1829118458863304,0.9013629751080332,0.11216086995340435,-0.03705895759089567,0.2614832179790362,0.33921688024256663,0.20553377079551083,-0.3590212887125608,0.6183625089155987,0.3491428281920391,0.36252377636476063,-0.11853323526367021,-0.15916139932016404,0.3429334296318635,0.13160184100740724,0.3605308573367021,-0.10944204438423227,0.3210351884369339,0.2757012985792314,0.48209965872247856,-0.17998095994916471,-0.44566514661882084,0.14822979702801725,-0.3445717940355003,-0.029571184349549418,0.5863989091003574,-0.10850805094719901,0.3020465507331104,0.19968187293928602,-0.28943090508074115,-0.3939264031987408,-0.34435497208154475,0.35677683908941626,-0.1412828276715129,-0.12707005934567783,-0.02834765935402822,0.18748122196449374,-0.037218645896525765,-0.3647602090102571,-0.3636457409048692,-0.07348470107988878,0.14628984051966976,-0.09529203318627658,0.17084172756864535,0.8631062256919975,0.06815493836077813,0.2674002889955134,0.11558899658836835,0.005326769710694762,-0.09444404781038254,-0.07895370092607584,0.204068380380599,-0.18423463872788975,0.04497237679681283,-0.13543191102646518,0.15257347779321545,0.3509087666694357,0.12602066091621214,-0.17675815443330475,-0.1157711767109957,-0.05352902871226335,-0.44782281002296026,-0.02628205917957206,-0.3486229983188337,-0.3554725537242508,-0.41013455838382323,-0.60004723387078,0.873876995877978,1.1565843534784155
real_0007,0.7686768998463448,0.9948426698142488,0.9477743208828041,0.28922893438799907,-0.12124899296374085,0.4001244074390054,0.28000498815389496,0.036153675386192644,-0.2621572334633284,0.11762800699561096,0.1830107035747924,0.4437295262768463,0.6513108468843574,-0.2625311835706723,0.1763379391303826,0.2416225181394259,0.14852551654338136,-0.018936891981896485,-0.25673997349338273,-0.10463266886368247,0.5871781169226105,0.27259225349057303,0.4923693730727867,0.24961232900583824,0.10978024441587035,-0.15343734470544973,0.04055607791701743,0.14850156451832458,0.2960791915341475,-0.23024855834961627,0.2234354917719919,0.10209678158538585,0.14191079541280827,-0.2689333068607864,0.11338079742693985,-0.120149863339022,-0.0904930605613288,0.10166200207489155,-0.10862350795531653,-0.23339327985437697,0.0463546670905729,-0.14537057143024829,-0.5235025809147701,-0.1253756770927963,-0.18000984054674735,-0.07068996652346943,0.16621502405744693,-0.4221519111956762,0.20327461154285567,-0.03493281689411304,0.08866006499794324,-0.3596203367355708,-0.3967087933410172,0.26334010655354484,0.4314409190684383,0.368771021739616,0.29940656658589104,0.5332581249848538,0.01840284979254881,0.10865155865803491,0.06884227593975337,-0.0441690853780749,0.040259014876176454,0.6011232711332674,0.04082713250563424,0.06624818229497759,-0.02212912575355283,-0.10912058109487051,0.9650212363973961,1.1206199093097022
real_0008,0.8364393120522784,0.8950135674959337,1.1601926414821284,-0.14516232717898778,0.06069502133401805,-0.0489097272009356,0.030288804265255598,-0.41594786946815954,0.2769594953498652,-0.24016533297628495,-0.4066935433097508,-0.28697883105752714,-0.13451030876105843,-0.23376007302193544,-0.35114097249657283,0.19366649720826787,-0.45707305486829364,-0.29565822523737956,-0.37176039247801557,0.054653699523608386,-0.4470511664858601,-0.1638343481667158,-1.0838323549361037,0.03550403962732285,-0.08523350801093899,0.14668868813284097,-0.23927629750238838,-0.7757145992031922,-0.7157527781819956,0.2665968970117162,-0.07844619623051927,-0.1081856043063491,0.03258204138225568,0.6158746913913626,0.14071348883510731,-0.015847526920524935,-0.3611102039622772,0.3155843844380834,-0.036502421467310725,0.5411395248535085,0.12271202930527422,-0.3496429254859155,-0.5011634999261785,0.12860983206116008,-0.30490434305648917,0.04816492323726393,-0.08840772996810951,-0.3223536628776649,0.3029390379900333,-0.35214478583128994,-0.27541711744786423,-0.26018947060805075,0.06049993585358704,-0.21808065503423613,0.6952332215303635,-0.31725218891634877,-0.6464734776448037,0.21154257701725734,0.055194604508198575,0.13312943836461724,-0.10993326930544822,-0.07845874662784653,0.2835866625238902,0.4495392538829314,0.6459907321908618,0.3017266382147055,-0.08679554293967068,-0.03277539369415684,0.94669899728182,1.0976633555021598
real_0009,1.493139897733526,0.8742665851800101,1.1007798219483453,0.21360774820850867,-0.14560308962475657,-0.466307085884589,-0.14547403980644977,0.10222894849969366,0.20722401266490587,-0.15741703045012162,-0.10507946733474859,0.3823187465820312,-0.056768665415352644,0.023621167699220645,-0.42501009643428844,-0.3743080482024483,-0.06451101050956157,-0.5295508079609279,-0.7183372412384285,-0.07605850810081989,0.5186618079616534,-0.12302278051856719,-0.2008564412684743,0.1582332514656743,-0.44753812393545256,-0.3371308194080068,0.10278771848309715,0.10204177938846809,0.8374945346358823,-0.014303726699034458,0.35922205803925145,-0.07340043735520696,-0.11193501861047483,0.06649736897605601,-0.14165549122932578,0.005438718872669224,-0.020154911042578993,-0.16395763818332487,0.2799773788243576,0.37214374492191166,-0.07969566153552898,-0.40021315027593424,0.46914605080964744,0.04621434667278951,-0.5301903891600867,-0.18690292903595462,0.40645356721111364,-0.38379004507567743,0.04938855812384821,-0.6901063395864886,-0.4571077458406802,-0.26986796173971955,0.3632972078105477,0.3224603069113946,0.17514722259562857,-0.6308721890065523,-0.597530228113647,-0.07476224390877478,-0.3120864089795808,0.263149806742493,0.07662795117354002,-0.267510325196474,0.07447447527679607,0.3667446510043048,0.23558262225615317,0.1618397807838188,-0.17924523460022904,0.3928447806630867,1.0278208802787272,0.7208478338394864
real_0010,1.0938754276608809,0.8854308388602603,1.2221369380413685,-0.14596119703820298,-0.0597409046744205,0.5675247085662161,0.4519505313699009,0.2322500431302423,-0.5875514431822215,-0.6589548617768859,-0.44819312697553804,-0.29464224767712427,0.065472666140896,-0.2973386964127738,-0.1513747163168008,-0.49949777736439205,-0.07276002637738563,0.5132822483545999,-0.5391362245854474,-1.0100709326365853,-0.22590851547051763,0.4455505113257008,0.11850353948147994,-0.360999431030103,0.07549787366109612,-0.23846116799579248,-0.5462459743247396,0.0042933996688849785,-0.16203153158419756,-0.5509423765792505,-0.522688451695143,-0.5697062432576896,-0.003449103083868643,0.11570879352828017,0.22733956881848977,-0.028369800647505494,-0.04163351047723468,0.3123703492373752,-0.08511021852586367,-0.07495629369378054,0.42095021132752564,-0.10448986470851684,-0.443914633263407,-0.14576476487940737,-0.6283863876472193,0.05895041192023971,0.06802514786161966,0.058011123544506146,0.4263977482494172,0.08755200910650515,0.2571416405172715,-0.5476378347510927,-0.5259017857677312,0.09489173827012372,0.09676870802056592,0.409102845912634,0.15516032705838587,0.17822318687302868,-0.3190217335409913,0.3697823359514545,0.15807265932123768,0.1983272669859204,-0.4380682307965791,-0.35924835731632815,0.13140263694681004,0.02840325077018184,0.18107489075581643,0.14149391049856136,0.8914821120163956,1.1436758128947264
real_0011,1.2376422457581848,0.8461712057513926,1.1700976884655627,0.17871907759711625,0.5605629447090645,0.5327617645618001,-0.1061672647407251,-0.06510002465223175,0.20241745355891635,-0.37415370767758654,0.3766910690571723,-0.4101113279423063,-0.3121339054764468,0.4489896077432103,0.288271100750011,-0.00047449662308224685,-0.23484690815409684,0.28591451071965895,-0.5709634845426195,-0.17593162083047553,-0.07715585887834099,0.6957078455287842,0.152302133336928,0.24065813854456702,0.9402605437917108,0.013020844604373416,0.14580035585460294,-0.18567343881441362,0.5705947662530446,0.7016369837650216,0.1703871306622674,-0.058251305528338224,0.3073027013173091,0.12605830670285018,-0.20812812757216956,0.12376388170106692,0.17229393077379934,-0.4051577653615801,0.10750172161363347,0.533956629974402,-0.1765275442986851,-0.05708185744464442,-0.24176073783951924,-0.599210155675506,-0.37889224108115305,-0.11304444359751262,0.02498381263539129,-1.021536120691935,-0.5009863982914415,-0.2503084677439409,-0.1003527506775253,-1.0536602773988795,-0.7273826163296165,0.006008217246960939,-0.2507241888997042,-0.7165747897657669,-0.12010183861833244,-0.07512546910949619,0.3750149741031006,-0.06190159314605076,0.11850226198778406,-0.13252037257063737,-0.42455853537719135,0.1986915965642085,0.6037855610496781,0.42828622410041217,-0.37705835256944564,0.06858534515428358,1.1430862475120485,0.7767006084860523
real_0012,0.8461077118717274,1.0309149703847955,1.0422455925881564,0.2537905723910079,0.29818945242100436,0.22388881502716274,0.2699288535058036,-0.14876878906069632,0.4108359640355871,0.1355075370795221,-0.06629669769134593,0.2897367258459643,0.13806068244945463,0.07666027860123059,0.055793252939148844,0.029306034247918056,0.3339460831378987,-0.009088680440532543,0.3240711325312409,-0.8011207734525168,-0.31642181733238095,-0.12496517659865608,0.05349312913841389,0.10849575596822658,-0.14626360822136708,0.05293634213868395,-0.5440590847418844,-0.9289805228377193,-0.1663745224941575,-0.12027159757322015,-0.46530513004163,0.21586002029894724,-0.44482553287798576,-0.004646220813386781,-0.09568814964731986,0.03924190457766202,-0.5101127589479714,-0.16154246713577958,-0.4228158429842872,0.07537138984346123,0.5033187041041128,0.28635532248158757,0.4096077914596117,-0.13897909272877274,-0.09320211910401777,-0.033654050436446925,0.32282727032859365,-0.05478325524371999,0.3785502885512577,0.3829958142463869,0.0630482480127817,0.2324273230105222,0.252596055910529,-0.14521060230902008,0.16414633242865953,-0.2745553283680363,-0.30927957785366855,0.05907744665780517,-0.6343332126952688,-0.3714873559545915,-0.123831186024749,0.5309745319844876,0.18353715596413206,-0.3068013617139868,0.33183999114456375,0.08875216450418867,-0.35328931851714945,-0.31542554744999995,1.1643980012714623,1.1114919588219578
real_0014,0.8299364980586563,0.77391827848006,1.0878964175378116,-0.3233814218323733,-0.2062305555605306,0.684906320169828,0.10541647965536724,0.09172312704516591,-0.12737149216801763,-0.2461591738115998,0.21970698393403892,-0.2083735102365868,-0.4806550344529659,-0.4865987924018521,-0.691556965732265,-0.3715694136163109,-0.4439653056214544,-0.05943191651016884,0.16883400013316463,-0.5855365111216452,-0.7400206073613879,0.09373003841773678,0.01753906940037247,0.7086997669626627,0.45054165650926437,0.6171622857552912,0.049746310257586884,-0.014087459909060462,0.04289821171622207,-0.32716705626106213,-0.1277396477513933,-0.2425910881256024,-0.46613364448768907,0.0001355528924956162,0.29405945211930634,0.023158407736434294,-0.008422945584188768,0.09936841753949945,0.30214503388418107,-0.026047273335894516,-0.15901571884693247,-0.11390117965772417,-0.22489954214208727,0.0808337823722983,-0.29389004931508056,-0.2807961198796329,0.0009059208143677236,0.2954433562208928,-0.34413747268619455,0.02307738583743596,-0.11670331176314631,-0.5415730143418581,-0.12709413259111835,-0.6010063649635146,-0.5330651864719226,-0.28590052770537466,-0.1291798620170778,-0.14018106616042053,-0.595724787968516,-0.7840900900690356,-0.04160089318155232,-0.06810992853198433,-0.49408357544224385,-0.7291675443194293,-0.7143012941328153,-0.34398781313668325,0.17249700921311018,-0.4316737295494498,1.1717076073659398,1.1218191866158966
real_0016,0.6597299381446453,1.2038544932394635,0.9389666451028841,-0.20625153524440298,-0.39447745033402265,-0.09828592786430124,0.17851255385570103,0.260762619408174,-0.24011262606744857,-0.12400141281274757,0.23629127586390986,-0.22732399812105428,-0.02232692813529008,-0.06191209163281518,-0.19609693463194416,0.05991325971252699,0.15792061752138112,0.40629821946189065,-0.3327230730749022,0.6500840660575159,0.3509982048796003,-0.10205482194833428,-0.16971268551665164,0.2968325900800752,-0.3218750209856765,0.1883845107070334,0.4076356483797096,-0.08446956260594463,-0.2500462094471356,-0.6488222054294414,0.2344634717940538,-0.3614624684219591,0.628658011427564,0.848375234058533,-0.10194081626224166,-0.1716565155407092,-0.5723433897155714,-0.09764636411821145,-0.46675618924924167,0.29675812874830765,-0.21226646026282164,-0.7526645499996211,-0.25868524761673306,0.09729357004440749,0.620905142415698,0.3003198042288251,-0.4470475671612851,-0.782993551052737,-0.8695330453837352,-0.10843792178912062,0.31965627295838467,0.325950167507468,-0.006006909588622503,-0.6526133260777686,-0.28932922412214374,-0.0868132457038733,-0.4398861213716101,0.10552854929044725,0.3061688443478836,-0.028177972468256283,0.08049516751054245,-0.10907731037783971,0.14395811830115957,-0.3395882730525154,-0.22398160423295177,-0.8873339194472382,-0.7391818503028558,-0.3522452560935901,0.9000593389170778,0.7741883685761123
real_0017,0.5949743377554908,1.239063587670596,1.0176839063080652,-0.08651608562980234,0.31190455140764173,0.08117602195540927,0.21188184638938895,-0.3164193147930179,0.1651950190403963,0.3573562551494921,0.2444955961722529,-0.12689597504177672,-0.39051455758800185,0.4088461752413128,0.160405406775314,-0.1495192429883348,0.050832974296920054,-0.3621424982324268,-0.23644476316972016,-0.1609434309635804,-0.21645989127101475,-0.22365087385499152,-0.4113975002336712,-0.44506738313246974,0.573596948378975,-0.46168920748835574,-0.30928295274608136,-0.027210236890384584,-0.0930298206757576,0.17315900707595133,-0.26862029354582906,0.9122553297696521,-0.10705877620641735,0.24584874184803604,0.2079156468933925,-0.02917219982747521,0.2968451078691696,0.23231580745084324,-0.0732133483200732,0.12254533937058024,-0.06883087445905389,-0.55384546138432,-0.059069645195212336,-0.5397828641241258,-0.9887727832985469,0.04339424748676041,0.18042050843286556,-0.15712521713080213,-0.09489888244658301,0.0777111792228973,-0.22491613373080094,-0.33877727062930363,-0.1235793177927753,-0.09702575262734661,0.23719568124155913,-0.3609608261679573,-0.40054328691741015,-1.0,-0.11005229887318306,-0.354749255461149,-0.676504779169066,-0.46495273660341635,-0.691851703529652,0.25260016869968593,0.36195224843198087,-0.538250226198325,0.09041735471751322,0.23867403546695337,1.0632057798480907,1.156166391830982
real_0018,0.48751822553107144,1.0388081443480088,0.9062011128916687,0.3050853480860257,0.20060906236842327,0.3153592109171186,0.35490832201838585,-0.4997527977246789,0.07496927112189458,-0.09526998325359609,0.18246222041769627,-0.6980382875954158,-0.6511434762356626,-0.07334147918315022,-0.030401803705749502,-0.8825952474335693,-0.3228189214710251,-0.42560637391825545,-0.3473548235439849,0.08752858232182757,-0.31557497904502363,-0.2339839353860515,0.36827182664486136,0.28345123633025887,0.2745991829299284,-0.07945318827722794,0.2754862918827509,-0.34201885043828517,-0.5200811569336804,0.44193540583178326,0.41526711542354294,-0.10775876678395951,-0.26890665112358736,-0.19053833391403974,-0.15830122130315227,0.037583259963108684,0.17061728117808053,-0.2718064631646066,-0.4421432066501905,0.4098265611705375,-0.6031143050260666,0.4761338977554654,0.4383689075939292,0.09715804861610802,-0.4618778582943386,-0.03296558350287748,0.4333020358816225,0.03368045420695157,0.48067849341358704,-0.07026366664465318,-0.1564959419321514,-0.243199870193718,0.06752727964154111,0.43622354077744496,0.15913855448974737,-0.14287746166916276,-0.052532513105345596,0.6813219776835739,0.19508270818259854,0.525989781791254,-0.6402636735399142,0.026185046387774927,0.020436497884109367,0.558021423370704,0.6790338565427447,0.13122721220234712,0.2506079930265814,0.5469385275900973,0.8603371812416428,1.1085034587901517
real_0019,0.7268490144774007,1.2336135256435972,1.1499512460702845,-0.18442061949428845,-0.19957573927465025,-0.5717911969777316,0.2425352660559322,0.2520272390944283,0.5860061874563476,-0.06622220859273971,-0.04445651811874722,-0.1396547221241557,0.2972443256354209,0.8093376670175669,-0.20263272476449526,0.3426414755695484,0.26694167215439657,0.18145123029029464,-0.19492246304517458,-0.48717979506146436,0.3127555781622185,-0.1265772115049719,0.25624890439782566,-0.06254011243371248,-0.13478070043863347,0.193956232177308,-0.4023160997932998,-0.2511450596613611,0.39819115947854206,-0.34484773243091793,0.38137001706738194,-0.33154709925985715,-0.5078594277889641,0.5212527544803155,-0.3083816955943329,-0.10754908650739375,-0.24529653727875222,0.24823770947303522,-0.37771304377877535,0.17403946206110432,0.27136093906365044,0.15905214155803518,0.3449003665287203,0.48011511840322285,-0.6351480860159759,-0.003334412766383188,-0.2912825086631666,-0.2662068193494217,0.14465768726863742,0.198984784062006,-0.1331421653352709,0.40533940613936353,0.22048364719850466,-0.2750524558949822,-0.45142663845487985,0.06724552760361811,-0.06351343094552109,-0.07748805016119731,-0.3750497530876692,-0.5437682822751407,-0.39459303386149064,-0.08489509223781147,0.2131312025508382,-0.13599055445856745,0.05015311209750455,-0.1705572726479342,0.6847290739650678,0.42131349789485645,1.1551253851192844,0.9217885565516056
real_0020,1.3262037669124893,0.7015820099159147,0.8322411021694143,-0.16689113428773894,-0.5728573180523111,-0.3596794290947344,-0.17743209759507883,-0.6640919092246312,0.09631841616155545,0.15210535918189177,-0.27635661673692574,-0.344833707238814,-0.4296742907888265,0.47293789264457486,0.35968752873508253,-0.24641248736402802,-0.4115592922696538,0.04641007702974815,0.7172201290990413,0.23258925648405818,0.35066858816161556,0.05660512147425077,0.4238630997911195,-0.27153621196692673,-0.4283165513391002,0.2274361360959145,0.19265727187865653,-0.19974313002372235,0.15490576727928018,0.04603613566769921,-0.5230894585475807,-0.24542876934675117,-0.6504379355590814,-0.14189309755462517,0.27099534727787045,0.1766163375263322,0.2504855226850756,0.2422343097528872,0.8487379123391058,-1.039118499828326,-0.2656366132162214,0.2578493217463961,-0.12849966759185522,-0.18318972514302825,-0.17912608762273513,-0.044222375114375476,0.021667892154336663,0.23614791627890963,-0.1649537776671426,-0.4993916402274806,-0.17558400016737696,-0.3471497967417559,0.4565064403104368,-0.04144177023428556,0.033289364920826264,-0.0856149090630195,0.13460787559050708,0.5061907624478112,-0.19975913860372468,-0.1719889188377759,0.04323129031317778,0.41291258869197195,0.6490337979123173,-0.11758386696051451,-0.13192604261021562,0.3360212267630923,0.681727123157055,-0.12029601182116728,0.9630098070991596,1.2689954092614981
real_0021,0.9445736042692676,1.0053696293928784,1.0947888918904227,-0.09046120027975726,0.3859282060222268,-0.023809109492958138,-0.11997841231817477,-0.2530212577320488,-0.21345705211610866,0.3049644193597152,0.043948836164627386,-0.07350457625199872,-0.5517624346467817,0.24526488391076598,-0.006394391264679722,-0.5680873054500221,-0.08339045108765572,0.021018591300675682,-0.11272873833698217,0.040659114257207696,-0.2458030420027205,-0.3441370408145441,-0.15202436048918483,-0.8891400401794703,0.10474602077440703,0.3490829594813202,0.040278101473255834,-0.4479785536594412,-0.1543965672662449,-0.12321922654713485,0.17700219943467954,-0.6927066639922818,-0.18370753332867185,0.22249544663213072,-0.058260275408988954,-0.16343713674336724,-0.6471230365722143,0.24575319281716843,-0.17305460344653742,0.10295619838361897,0.3724140553351707,0.16093511267447358,0.3316354772179236,-0.11396527004965831,0.2303440740626518,0.14253913320412823,-0.4971733942642243,-0.011453219669959547,0.08010183785412939,0.5250241977330273,0.23778806150251988,0.15098657151984266,0.9873461202620233,0.1500912045474056,-0.3143232777720436,-0.5780816388933123,0.0556005895591086,-0.30612768244519784,-0.15052858352035176,-0.5583424043998694,-0.12869778142690416,0.17861558685538992,-0.041754025220838736,0.12241196252506503,-0.30719479965254515,-0.6932618509497028,0.10625366637692281,0.5565190426719647,0.9146707607441436,0.8522095525691721
real_0022,1.25229524458728,0.7880144538608128,0.9817300235900174,0.2791510488290918,0.17100955456994574,0.6372751690055237,-0.1934558877768414,-0.30146471498621924,0.39163466489112353,0.34361019616764393,0.11294122384354505,-0.10133876021204384,0.3655463203302336,0.12438638594678275,0.01845731317473842,-0.5196138603576235,-0.42170808066817783,0.1154975110540237,-0.22089116109968182,-0.06366402603451285,0.31812306110731914,0.01232227607181359,-0.021940121618521574,0.2117666517276829,-0.3649879995539758,0.08313951673959591,0.27527633351518904,0.33714792389915516,0.5311403710641471,0.5571019555222507,-0.4890608730013537,-0.18749250467758782,-0.15517726738302784,0.30099321659235645,0.05084881408656183,0.07083721276798807,-0.15923328668698528,0.28542940258298083,0.22884530803123448,0.043337270384676455,-0.24929811329879892,-0.3866573448002975,-0.562607488000761,0.16190368460383436,-0.3680963237203171,-0.06684623532350895,-0.5612624129653493,-0.3459905617283733,-0.11287585402798588,-0.7711929924668939,-0.1026261390200025,0.366390442463016,0.33644897360334236,0.1120013954682583,0.4271680407111192,0.048944262712301734,-0.026236645358276106,-0.5419088588602317,-0.34594793211833585,-0.004021468856031787,0.21525259707077266,-0.27437014488175415,0.5752522839172802,0.31058106179891,0.00931861630219476,0.21384888290048615,0.3970159348402957,0.43887778637786096,0.8949026820659055,1.0450330468906424
real_0023,1.0855446775414341,1.0661402706992502,1.1435711960339314,0.16192159827693867,-0.24709834679198345,-0.17464841630827496,-0.23161758100813662,-0.13402225598695372,-0.27574798207176543,-0.06595420950348599,-0.31686475185443697,-0.16561817700418197,0.011964694627054698,0.1190959722410784,0.11296499219667144,-0.13303717201366994,-0.26549686391652527,-0.11675718977602013,0.38691525732439314,0.1163764839165145,0.09698488719124501,0.4780312932989465,-0.1381319539563027,0.3316832639752417,-0.3123020306702132,0.11234720382225921,0.5693272875255229,-0.06807378087103194,-0.19943143585087636,-0.45578159499295773,-0.06077212312427149,0.016961659529990625,-0.4186700407836409,0.14977508194750477,-0.00029316759794273395,0.02843173204716498,0.41827279824837155,-0.15685853713815656,-0.003235626713367079,-0.7652663156012665,-0.38495845453522365,0.05251257736964715,0.724250502865891,0.2479731617917638,0.010233727425756622,0.3345738919398265,-0.21689113996039086,-0.08506568792254277,0.3438772516149132,0.5761587501882619,-0.34987400122061635,-0.22428577526354898,-0.09869274346292797,-0.4328693271625062,0.30528920869366877,-0.4209291041340099,-0.1180651896778174,-0.23466543043056107,0.754065648185132,0.17354145736790988,-0.40457647165356375,-0.07949740608801076,-0.5582247767080977,0.06084307459872379,0.0643840119791694,-0.07377958302938051,0.25732251156841596,-0.033079110253422,1.173649561318651,1.1106600298119431
real_0024,1.2085063910694291,0.8886053841512314,1.0844708404780863,0.059011209373485876,0.16522249350223844,0.4589984370582035,-0.015621954680495237,0.179318231214729,0.02298511541948592,0.4203390466161895,0.24724495076021702,0.5075396486285235,0.11267381409591869,0.44485261125959197,0.5690323539696183,0.3580130572139566,0.3254839965202997,0.2533619357536185,0.10381944770078805,-0.12938773860336575,-0.24871573591561258,-0.14678205639297137,-0.17435917006126975,-0.021179986966206613,-0.36709195571866754,0.07376254067216725,0.416985845379699,0.3080097607807724,-0.33494097614091156,-0.6877382790561817,-0.061977647982495804,0.2729759921479346,-0.08354358128289335,-0.8824932374851845,-0.021691009259416014,0.006017578775796645,-0.020228089287859602,0.3344510467981829,-0.19489849944215765,0.37144826175960627,0.106931040396059,0.3659303700795796,0.13038002818565797,-0.06751638250601186,-0.0305419768082993,-0.0205633922620254,-0.36621550820818416,0.18357672190337576,0.3712182632095332,-0.021015541136603685,-0.35405528849223056,0.5391830200351774,-0.07475584747230613,0.08264745469742439,-0.40859029468855307,0.07438783042742401,0.0566368896686675,0.010972939360607618,-0.13656222827968467,-0.5433633285356795,-0.10670038159152608,-0.12258906437649848,-0.8066467111538062,-0.32663215702926773,0.12567951028934116,-0.13509253712863856,-0.46278620688640876,-0.9794280387444392,0.962206066352568,0.906972500396689
real_0025,0.7596905108219724,0.9505375935045419,1.2671254725152064,-0.038690909468934956,-0.14719506898936785,0.0815322570480749,0.3329785124394013,0.5537681633973761,-0.03872565405408554,-0.05114834601490309,-0.03488606939064906,-0.0580693501089118,0.3339309505024535,0.0015550997939159927,-0.6195364365129872,-0.24498594268958124,-0.21981558961975553,0.11772380806024045,0.05315083876061054,0.6326850510908234,0.3086307030768215,0.030349981175595828,-0.402326581587706,-0.19296093318108315,-0.48685454780882603,-0.11439362894574989,-0.4637533780509354,0.13191058044437448,-0.13909037204667618,-0.2877925717360439,0.4317996050764234,1.1282934130751965,0.07930292796824173,-0.6243822348734123,-0.1000914998459359,-0.05857701500612145,-0.4576872143100432,0.18864655689205573,0.8074596681294622,-0.28755725781715064,-0.8011085343575434,0.24716639530781295,0.050104589566809715,-0.6661105389363353,-0.1344194962899833,0.6078055479621596,-0.5071595104711786,0.05582261713469053,0.4955292747781935,-0.013435555139634847,-0.7844764972246362,-0.12578818004449732,-0.23799516657710634,0.4201753511460488,0.5100125450712745,0.04954742430307617,0.7082694982785355,0.03843629525264698,0.5096769744256666,0.15174898529808545,-0.355280946439524,0.10767974533169662,-0.0995731379226147,0.10495942153937775,-0.032548457099477006,0.04658964853031475,-0.5787235700197026,-0.38172483072061797,0.981706846977655,1.1198753548753355
real_0027,1.2223762254919917,1.1038465479798543,0.7281021897862152,-0.49629037359134487,-0.4885506621427568,-0.01925624693222104,0.16002810471938506,-0.6356829434620008,-0.21063945852113675,-0.37331676657954155,0.10815288816610255,0.08178441726583358,-0.40849151526310146,-0.43341449780548585,-0.11772492054611627,-0.03489202009093503,0.30079535773833893,-0.19177961789642556,-0.22893223086042813,0.27085758969740586,0.5437170239573673,0.1980386331800486,-0.2622247178929852,-0.06694922168543496,0.1192429658601514,-0.07070552101405919,0.8369712898885507,0.17593150231012078,-0.4805232198722814,-0.5555378802599702,-0.20212215558559213,-0.12279855578628691,0.44075702984917664,0.40496367009822,0.10571711803316791,-0.19425917288721195,-0.3080609522744758,0.28207342921452655,0.5302671163686786,-0.5329882438545268,-0.3568923104975684,-0.23896746796109397,-0.6296257015576288,0.02101039252859635,0.2640257657904327,0.09135468838925562,0.27618648266935003,-0.31769004130419887,-0.57664966321214,-0.2506279682740269,-0.05071249608705367,-0.01417801358464614,0.39128172558716595,0.18960670618379305,-0.5813194813228626,0.3415807420138559,-0.03448426020047779,0.255866242065212,0.019552198638687887,-0.19754615242358817,-0.39112147053864815,-0.042459930573247005,0.15234985003652207,0.1073881757423645,-0.1897783652947853,-0.604116447332648,-0.3391141155067272,0.07560931938170436,1.0654487963443524,0.9158392721755905
real_0028,0.8216246260730738,1.1373138593088743,0.9684871540602178,-0.18935142170611013,0.3149037126468105,0.2614703486577479,0.3113888958768116,0.3887009736751616,0.28209083077165104,0.9042170788552467,-0.07044495090062518,0.2037102292076891,-0.4314321107859279,0.013490685961378014,-0.02643721411982919,-0.30589090779896905,0.389345130322227,0.10102454808429226,0.046464553709059664,0.3701536958302216,-0.26217757990622215,-1.0546674226498676,-0.5585945366760087,0.7318510499615796,0.23991898340442297,0.20318436035176138,0.36986948251161006,-0.058139432968394675,-0.6192916599745129,0.7978065946255064,-0.4741929073105793,0.1543107052939857,0.5457754876707258,0.030971047412956726,0.12361246623997235,0.014480145558304014,0.07008428643401923,0.04513403391900059,-0.04248546981476492,0.49543484493767276,-0.13732051616335414,0.04756074689546441,-0.3527414415879223,-0.6126264759380459,-0.7691616774026097,-0.5111333088337804,-0.0408895792004112,-0.61330921019398,-0.5808854353654247,0.14554676062813798,-0.40776002866209937,-0.5452508197351781,-0.7322790577512602,0.01639255556895802,0.05125506471809427,0.38156695965075804,0.5051543084647202,0.6478921047208742,-0.11626242477253766,-0.026800033221669572,0.8285761061382497,0.44560948354039404,0.3869116493529506,0.1913090179157671,0.000604378569701608,0.20357508033184243,0.350462905831441,0.23837138982122263,1.0351493876336633,1.2755977180978901
real_0030,1.178631431736184,0.9038645483109563,0.9375892739670638,-0.47932970622916243,-0.2801401786964958,-0.6272848139310506,-0.2447321096221341,-0.8127025136371561,-0.3891404020675666,-0.27444888331793815,-0.5103980183647905,-0.7439558073559293,-0.5735373784062889,-0.25089192367099666,-0.17289755568619175,-0.46354365235062367,0.14884947204562732,0.3423001793122489,-0.2895788724970313,-0.1997225202080972,0.24984644164080916,-0.03810790535090039,0.14995797599398353,0.016392582162948838,-0.0928085127363385,0.25626915059846145,-0.4784352452852791,-0.18818199908958877,0.10614020395587803,0.1537243760227229,-0.20666325112154332,0.07744252007286329,-0.10015278396112831,-0.01166372112906422,0.35290269181377454,-0.07235153527011062,-0.06695965513989002,-0.10846371501276861,0.6349242214400503,0.2597482633108317,0.2254952163119145,-0.645181745902337,-0.5314934338458265,-0.48646024897884077,-0.10601979187833785,0.012192769717736585,-0.3373509718854911,-0.6205592749609408,-0.062157161833099994,0.3610674189364161,0.12291312167603331,-0.4869777010670629,-0.09316334396732412,-0.39241502305135334,-0.8211272999800266,-0.2901053328443877,-0.07668526968934415,0.352206746730821,0.1600517632887395,0.028428497279617118,-0.11521186738713379,0.015192460526833797,-0.10425302044419962,0.434120801649707,0.004494751202547526,-0.12370225345282002,-0.09029815845087054,-0.20736078667839322,1.0565473206511606,0.6768209860597733
real_0031,0.7857243537134546,1.043326260066752,1.2240663830632477,-0.04734234932544387,-0.05667825631498091,-0.07614353487079192,-0.3031680274386419,-0.3412429813531792,-0.12810162033566855,0.0451994355171845,-0.16268678439312556,-0.4086859466361161,-0.4205443794249667,0.18419938029347116,0.16367289422863202,0.16901954869653568,-0.19899095886091922,0.3116096894886098,-0.5096925305506989,-0.021766391489202647,-0.8216844354167779,-0.3462355876774623,0.25684700806139005,-0.3045658774881631,0.0686234244181371,-0.466216982483887,-0.0031496753304672276,-0.3299417555931136,0.3557133396584742,0.12626741287069798,0.04777921424663556,0.07146771157564571,0.1956364993393025,0.4049896792530221,0.10117268584598726,-0.04973685995399313,-0.261081194463036,0.4251328449402781,0.46910637132048844,0.14308620566986208,0.6014832070461632,-0.7238601066956257,-0.8327793524261413,-0.6120808724124804,-0.23370109244958054,0.35056789632606755,-0.025777668559098132,0.06338722309930847,-0.8483520298425811,-0.8108795854731379,-0.04840927623740943,-0.15321987535183162,-0.2454189603025227,0.18034997624547427,-0.24011086789761166,0.14690595952625912,0.02879760378378257,-0.38735755706399977,0.21136109778498138,0.5537927230103511,-0.06458801148225247,-0.22110490357027807,-0.5327183282703938,-0.014091442079240232,0.7430355675115983,0.2781733799650897,-0.22517732134334267,-0.6363928296845401,1.2693356674920024,1.2995921351215909
real_0032,0.7564549084785592,1.1744596420977647,1.0643186160753972,0.06527632249616007,-0.13292848230174534,-0.12064902490676242,-0.023841442430200685,-0.047686450938770185,-0.2790339099796065,-0.4829274069652844,0.30012957191208534,0.05980760669278927,-0.34718288877872244,0.1256800659095133,0.2828310584481428,-0.2608622810278105,-0.49650869054828517,-0.06917303120944447,-0.11206093810983099,-0.33070193587722274,0.2718903263021182,0.15966585464720306,0.4894863137580069,-0.38107891494863755,-0.15360044321194843,0.10117732984387709,-0.2902093240504537,-0.010858453840339788,-0.3001416581263331,0.14680626829785348,-0.04521980476774545,-0.12661534203130204,0.07842592824663223,0.08561456652528433,-0.0952572072589507,-0.13801448837816904,-0.4244611459958356,0.20936958509873022,-0.076436552879041,-0.026938215323092478,-0.007976097123737896,0.40657279344956915,-0.1381141298213196,0.21933766730101328,0.0528373454412881,0.035205100326107325,-0.10666575739315576,0.7468415346369225,0.15710876186892214,-0.1886597241954113,0.32511455489755714,0.6028475684918612,-0.10902399701706915,0.2950648294362274,0.6083843670562893,0.5433597892579666,0.2911087613817545,-0.03137956131062416,0.23742024095702258,0.0023881419711825336,-0.43362077735110827,0.0921677841077148,-0.3320632022527375,0.04117974611723257,-0.1690338204576703,-0.14042964407640843,0.20375160848412505,0.39242415200841857,0.9330190923726979,1.4829700838572635
real_0034,1.003179477040181,1.293346129576601,0.8448684313676468,-0.3889633188625868,-0.32549454985490706,-0.06550127035032552,0.2604379100130458,-0.03532641419548802,0.19457418710865754,-0.3774815744179548,0.18804972055978214,-0.09331881366662444,-0.2053838094581501,0.2375125587306016,0.22848229100979184,0.036916327395194126,-0.6955043117251486,-0.18274661816192805,0.06586620286422394,0.43224878578403636,-0.17129966900535748,0.05945811366171724,0.05337394461114715,-0.48956193717650714,-0.08105623886661101,0.24464099367156755,0.054976611515379414,0.23640000718085608,-0.1163209654504239,0.3585304533072551,0.09476735736246683,0.17679107258352517,-0.12354402491086183,0.10055495595239655,0.028226027459255218,-0.18554646587923773,-0.4470140124972846,-0.11959984996510081,0.6037492166216549,0.03351715690512666,-0.11441568592517945,0.044912614972178126,-0.051007136003715814,-0.18868354710733576,0.26890282589661263,0.10844045707975475,0.033291875521557324,-0.7734907978560518,-0.5155462893429845,0.11874966993458716,0.2949324298198805,0.27564202707867763,0.09975749896767597,-0.20792631154816082,-0.059455079508177223,-0.06357091930756467,-0.36747164292711537,-0.23625227987751565,0.39871654996101824,-0.09228569499916182,-0.0018519299568166558,0.030478394253160325,-0.3164499640278204,-0.024352038749041217,0.18815220491571397,0.23593796260634925,0.3449964428593532,0.35221560837585864,0.9027298077068764,0.6444755126380413
real_0035,1.1766062298319329,0.9830825545252887,0.9957674460662131,0.3904050091317335,0.28031748301649045,0.37388681841823773,0.10219990326423897,0.2679657211686315,0.19592678140423547,0.4274271055950781,0.06871978631091791,0.08144919046087548,-0.16156564872728868,0.7543866372141488,0.4983053364532166,0.12473375109714777,-0.22678240097447006,-0.2096275734668673,0.16424599889836658,0.5349909343686697,-0.09544160835860419,0.25015281401037437,0.07515899262970621,-0.11171296698119002,0.08795219874275992,0.1187818228712069,-0.028119546617407017,0.2414913323227589,0.08793121298504036,-0.08533906443734363,0.2263393680015145,0.21744420576188364,-0.0876353601163613,-0.2797804830286625,-0.056240541207318424,-0.005920712303718045,-0.24118670589053692,0.2759137854862641,-0.015561714827249122,-0.2101948259984735,-0.5331170399553354,-0.1706176804067072,-0.222711492092834,-0.14041596848914487,-0.14840605628997205,0.25613548336683395,-0.5538198709955537,-0.6493586906260694,0.3802643783116689,0.42821655535502134,-0.026469652103016494,-0.6601502639318797,0.0866743272798691,0.10480073065588316,0.006711599635942617,0.227026769496199,-0.4035351965349624,0.5430617053619136,0.2260438179574133,0.15944782574147887,-0.4551766181768883,-0.36040572698258866,0.32351357995720725,-0.18406662464123674,0.637800709510957,0.5123785371398374,-0.031043983231677223,0.054740779893963865,1.1076100387789025,1.0268391699685189
real_0036,0.8590253807160178,1.0855125579839062,0.8218550767863655,0.402465975869005,-0.34590943792604,-0.3499761270652373,-0.37154005364844367,-0.07636235792796028,0.428470364591821,0.3060996395191744,0.3114448352421449,0.08639931438225389,0.26217601741098095,0.4523871593630858,0.5181586877769494,0.5315863986608788,0.7764116637585841,0.3482067202710022,-0.20943748658499467,-0.7506100740085826,0.012083665666895643,0.6160763016916737,0.051434814659162026,-0.17365168776764922,0.005657230980996436,0.2333745522582021,-0.2624046923822317,0.1474285899112631,0.3874630541084796,-0.2733257406756273,-0.12091251125576323,0.7587247958486122,-0.15335258305637367,-0.1065836602180022,0.14670785381858986,-0.10591523285462254,-0.2597550764316621,0.5326227845221656,0.027731771082661207,-0.1190995565651557,-0.34243433383469635,-0.09372917199100803,-0.11304800967511935,0.17967900685220023,-0.24026315678779225,0.3382697709286072,0.003425019758415637,0.057188423956128734,0.243321559415128,0.0793696088819272,-0.7221511895636368,-0.9316755804036713,-0.010492659056773636,-0.46156924788767206,-0.09293114560086108,0.10009037939688639,0.3668907486865691,0.34133022775063887,-0.11745404832426415,0.026120849551640648,-0.3936468825100141,0.8377379758244442,0.9319753086304867,0.16461496033878245,-0.1513977740135966,0.28645416378051825,0.06463295239480807,0.38651445525367206,1.1768000360498339,1.0028303914308268
real_0037,0.9774612216551667,0.7211855842935982,0.895088676506084,0.15334555530632377,0.3197998740407088,0.3549736719949968,-0.4313201807668219,-0.2416082913583684,-0.043477207308686795,-0.3058080705368404,0.18363219573254588,-0.16292787238832349,-0.6070159480627901,-0.6763594901724177,-0.21440557274397054,-0.6919678915955099,-0.7097886028049748,0.08963945196361175,0.11213074963769525,0.2843377439253889,-0.1838897808373856,0.719932962798678,0.6266977072163327,0.47268820864571454,0.6858094281051186,-0.2678817798695034,-0.08282858119992872,-0.10445889234185708,-0.2287050459440425,0.2080121179131195,0.09631687434895085,-0.2877642630330489,0.46925731118824865,0.2622854814104891,0.03576308296382555,0.16712901541016745,0.1595880347093184,-0.46411443569287336,-0.5181033709204206,0.3317553542241968,-0.08185333416163977,-0.2913911508620316,-0.3171730067580827,-0.00643109646911208,-0.19425325222264636,0.30363280871798737,-0.40402672114535443,-0.6385409885430076,0.1404001465959266,0.42456800018997126,-0.37040757553774484,-0.14461119691605656,-0.5377489948179954,-0.08404495518742641,0.20018908492136547,0.11710270585507672,0.030035311465395242,0.217422231045036,-0.2749023691999383,-0.3972375222788171,-0.20908594650267356,0.02583120356616454,-0.6131596244175722,-0.35707897554929957,0.2636915049680737,0.09545745554566687,-0.18938920195643139,0.12674107592084424,0.9874143805696493,0.9694060364290199
real_0038,1.146547864984121,0.9934069050818303,1.0486942643160462,-0.5883577599964962,-0.09578229358536695,-0.1145026001343483,-0.5560767424354555,-0.5188459882619064,-0.2684610692986397,-0.02128956746715987,-0.13909926330545255,-0.08851389443284677,0.17223559711037692,-0.1973408175197737,0.18662075483789142,0.11332039922579212,0.11599707438172695,0.5196538389843227,0.026460609790353234,0.8081086798247435,-0.23796136803010962,0.1714568011945764,0.10690492050877817,0.027803258484057333,0.44261137576478315,-0.39564239357237385,-0.24399870992418587,-0.20193460033753338,0.006529837335719543,-0.6651421057023763,0.35256055423296473,-0.3642389738403722,-0.12967487289204938,-0.3668164690973245,0.1970338491338552,-0.0949284673786326,-0.20647927553317982,-0.010977614189236207,0.013931816039663668,0.6514141911103596,0.19868374994086258,-0.12506099967634599,0.3732465240798892,0.09475013441252539,-0.03495271035855031,0.31950300751772265,-0.4556973032245879,0.14711967467209225,0.05291197933042617,0.1116498861586659,-0.002789563247092293,-0.21259547664959133,0.21518776628905087,-0.2276089777765518,0.10969108628537752,0.523368370247895,0.6268560329986185,0.2575061366001614,-0.3492186420707832,-0.6186094734428528,0.21099679253129375,0.3482405176656117,0.2218440334223418,0.2284757791601557,-0.40384637703902254,-0.5373137363810219,-0.5167434521630082,-0.9795196103241677,0.8773491207463583,0.788901490587484
real_0039,1.0615660321454876,1.1394627244346778,1.1679469736604409,-0.6215413276921641,-0.5371774003989936,-0.24980557474677068,0.041672601052207714,-0.29319097229723456,0.012869941243685457,-0.11581395515561507,0.06273451724597964,-0.18135292503079692,0.011816732652016049,-0.2255257147040916,-0.10521576080884387,0.311516363312857,0.13596508659037565,0.6040412351656737,0.2252226271156686,0.3992073647749054,-0.6804824846336139,-1.0774801734810695,-0.5941322281180954,-0.07662997429291181,0.05822321324349977,-0.3170749105498401,0.5114976309060155,0.03215591094804837,-0.2558895179781765,-0.40018531037662,-0.4691273740116564,0.19276567989589719,0.023127486668513275,-0.5652643375664547,0.022114858420186678,-0.15077388016665888,0.018021747398630328,0.09238676922307329,0.22833626885864283,0.3280275153980069,0.10366543229937542,0.20821606029385148,-0.10594617291529992,-0.20797936226901653,-0.44361041654559963,0.1427285465819911,-0.0428473110255303,-0.15686863962250652,-0.7716517407411488,-0.07285054576157896,-0.3455070959599696,-0.4191207746010477,-0.25472241893020403,0.20483449301570641,0.03031997717951576,0.08815068227244158,0.13206438925409275,-0.19503790872150975,0.2996279530795717,0.0006110552208713343,-0.32730878458057217,0.23717544238818508,-0.18821171857347893,-0.004407205559992966,0.05190509270405781,0.15118911579091504,0.6471329491580284,-0.17813225848018266,0.8454925952257516,1.0390473973728234
real_0040,1.3816760006106839,1.1773018612571298,1.0949768501934005,-0.3151373635242549,-0.19613163143030574,-0.234672679006958,-0.06434381054641615,-0.3221757162074895,-0.35608501664676573,-0.14474806582183325,0.10530820480611193,-0.42851014465078335,0.27561818607052496,-0.020748336859547002,-0.011455771570946162,0.1666600324984202,-0.11742722913973525,-0.40780292048960143,-0.14338125388260045,0.5891500997819872,0.11924094604159058,-0.15702646725731062,-0.04676853211373223,-0.08150078394902782,0.47981651568606054,-0.07413774760095387,-0.15760257424858928,-0.4697361090904938,-0.4028466215800652,-0.19569652344281335,0.28989869828572445,0.5505579128742752,-0.3697325055777946,0.28479294675123334,0.052291423210589355,-0.15773494551145534,-0.2343385577939982,0.5299166230852645,0.055533435189956376,-0.11925894975975457,0.3415344384620969,0.4318691128452659,0.11999565801443306,-0.4193673983001651,0.18805584620193283,-0.11786794285367641,-0.005183852746578239,-0.10734077020449115,-0.2967948046996451,-0.6780219372490122,-0.46292017214897807,-0.4132643296369857,0.1054367451722075,0.07351748201521778,0.45448123795218637,0.4252453799589742,-0.14502715560513385,-0.16771018236019505,0.13886311587963074,0.07215492896797535,0.38245609492781946,-0.09693842928398509,-0.17116101175071408,0.3651477996906025,0.7747897982799804,0.3026058130838184,0.6229784135623341,0.4356983332577959,1.0956989096238545,1.0735794696150023
real_0041,1.324834846112351,1.0952475437979567,0.6202468823655334,-0.3625560635058074,-0.03962234052507996,0.08798018809898248,-0.029015985061320228,0.447496153485189,-0.1621700252841607,-0.3206563380254149,-0.09900794822476955,-0.2913435198167702,0.3155752139655887,-0.34637029698905275,-0.11288947912466808,-0.13735174671597933,0.24657945143482818,0.5969008703429324,-0.9878733757403706,-0.036585457546058436,-0.06156349299697758,0.12256411515218289,-0.16941952084464146,0.45357116320921265,0.1623508578885231,-0.9296950548288592,-0.7290813885463824,-0.048285588249352696,-0.36722797681804165,0.23868595705949056,-0.16889711745076375,0.2556543586247928,-0.6439444551724622,-0.4168325349210903,0.1251395179915021,0.012343656115331503,0.1588264546818765,0.16520936178002263,-0.2661186751958603,-0.022390721956661697,0.4733115673489197,0.3303960481225452,0.5721854810945518,0.13867225376357428,-0.36988699877166265,-0.03595856098276415,0.3470353966076581,0.9806266387156102,1.1007404616148,0.83478234219741,-0.19751851341939541,-0.9628929400796142,-0.23313411214499208,-0.772129598330226,-0.4345621847215422,0.12725210545678725,0.39283233886232716,-0.006992378812785131,0.08728124986798566,0.38802513539001016,-0.16214504567031784,-0.020665916147863447,0.11426607475606568,-0.11093601222430527,-0.09601452916477062,-0.0028763711906526716,-0.20305348833563355,-0.07335389329459488,1.1020165759832625,0.7563254690599597
real_0042,0.820953404462548,1.1504850911514803,1.0061715680281884,0.14744370542072907,0.16331907734727827,0.018378573136591428,0.10439389143452427,-0.07766396097966993,0.3434804806994511,-0.23422541921907677,-0.29279791783065645,-0.2950622030463319,0.13276526369986777,-0.21190015020254233,-0.030134949675481137,-0.008592721776032264,-0.23557720521060405,-0.030138618587822602,-0.5060478504284107,-0.5156585449003266,-0.19630584950569108,0.4269832247062247,-0.3517233682723838,-0.2274921203216238,-0.2662401816587008,-0.5060231642114483,0.10043638906340269,-0.03745619034157677,-0.0700788686839936,-0.01442056051389784,0.2677744157501198,-0.28241499754072047,-0.2343212179420719,-0.4206556788603547,-0.17691417534606596,-0.06579905689369592,0.02228537429138666,-0.03218128855268554,-0.030695312164755965,0.12293161086257742,-0.1712039128328936,-0.32681493296696545,0.1874323980601077,-0.44420131927825124,-0.43403630341240873,0.2021152425204404,0.6852432632529533,0.2440481655951955,0.21378598428527262,0.31017755293710497,0.00077818734267604,-0.35452547889759906,-0.255886716271848,0.37739523661865804,0.4195938800384583,0.624963970334467,-0.11359193998234116,0.13456519072437567,0.27375256152574035,0.07559690921655823,0.4257158537057417,-0.05864427059718964,0.17226931378793015,-0.002781465282902129,0.125251848963536,0.3236951870672924,-0.01683288667218514,-0.022853559836721937,1.0168741158508225,1.2457551949937393
real_0045,1.351588273171416,0.9775879913046682,1.2395087014413868,0.21258143466825674,0.24452978181847634,-0.05766588482902607,0.45024332948475054,0.7678360035840228,-0.5671722801494226,0.23794519809586118,-0.263083667019017,-0.3565433382458453,0.42512502065014857,-0.31431892053290955,0.17160564147248383,-0.18183124309275356,-0.06255952072283663,0.44197664847700135,0.2976403169514143,-0.2103639271218301,-0.29439432627365786,-0.05593152366332084,-0.4126638380215599,-0.09809260140295176,-0.1138735095142645,0.4558126227155749,0.5230031747712643,-0.26728181328802775,-0.13310702064361596,-0.45415476950934214,-0.338955546967503,0.11146124196120304,-0.0242197342005242,-0.28761779421200323,0.38926145251375216,-0.19411260212221793,-0.5649806321689953,0.14938199690724868,0.07250101735513927,0.17433293280197348,-0.6698437908313951,0.21333933410773365,0.263775515854698,0.09576032929883038,0.37117907909979,-0.018850838576512343,-0.649449102582132,-0.21053461432043247,-0.1004834245079369,0.3824056488581319,0.37245893119190204,0.08385661598010048,0.28862790104586705,-0.08929136324086465,0.05813141037665989,0.002723109609496288,0.12508666299003093,-0.5445099851883818,-0.2955683512478581,0.22303878101839233,0.004999181277112963,0.01364524779373279,-0.9419467204094781,0.18126065265681343,-0.11032890061806822,0.559426194023789,-0.06534153031551546,-0.5201458553026596,1.0116641519818084,1.049136634392719
real_0046,1.044432287842916,0.9488332246135888,0.6830387113032541,0.5026178142694617,0.18455713111313787,-0.19762606501072724,0.18719495303569803,0.30524008899624777,0.24330034295342604,-0.2204086745586619,-0.22193919375942064,-0.2632882437334899,-0.38075245900593657,-0.43901157890983905,0.3211739938873211,0.23100347960135326,-0.22132744059498813,0.11590472932607561,1.0576965126486328,0.2453156143688125,-0.5403991200262452,-0.40880289602774245,-0.14603911849480444,-0.08266974194713543,-0.2358083635816684,-0.09061891807355636,0.016727850623379087,-0.6820262150652209,-0.15709680334296733,-0.24775432630767408,-0.029731688037119897,-0.18592278563066572,0.0739433581629508,-0.14579005604210332,0.18101996056036362,0.03547369355941965,0.02814262339031233,0.5905748787902513,0.5382829759062469,0.2015630098414738,0.13782800141539434,0.23457841236633514,-0.06507699313295161,-0.024943337034121785,-0.7778374472605075,0.3614434074289674,0.21999208507097634,-0.42289666398715536,-0.19327559238660924,-0.16371122933537005,-0.3102247417076628,-0.28398314719550377,-0.3346556758727483,0.19976745668375398,0.29387851342008525,-0.01844522989109992,-0.21085569908550947,0.36841430562645305,0.2894053615923402,0.22781660801303527,0.6126066672600283,0.35152726266556683,0.1874333116757289,0.1370223169038568,0.15204465280367577,0.36783563426115595,0.43885344171459323,0.08912820385366772,1.0229307036876718,0.966141872566288
real_0047,0.9408043493971262,1.126630047880484,0.8969009861115309,-0.5208706986173046,-0.2929489050218293,-0.1691941917181905,0.12162879076471617,-0.2654228750413593,-0.1279371028748026,-0.3812004061254768,-0.07365873986600179,-0.008382249455076114,-0.026262267607418597,-0.011785324721899061,0.0602959396102151,-0.41263260616451813,0.11105903090462733,0.4597885047560287,0.34653900870763393,-0.020942034412704067,-0.031185476790273815,-0.06670517618109138,0.3408129721879071,-0.5530445502376621,-0.40936773890149136,0.003234304276633357,0.45103513678794,0.4034036710799659,0.529521362714524,0.2285157975546369,-0.2916376765126236,-0.30063019893834125,0.013721045100575058,0.3334205360038319,-0.20628599293950803,0.08434222120999213,0.5113480234122856,-0.025534423857138527,-0.027789706099481212,-0.13942598408404544,-0.18276512120441626,-0.4532653327813334,0.23547727603526702,0.09769767290461101,0.04500587939573056,0.13821085390354335,-1.0666061730264138,-0.2206494649070064,-0.595185449398227,-0.28657398974890363,-0.7221370146968382,-0.10420965000742186,0.15040292512026132,-0.42616069311210675,-0.2616527050799028,-0.0759918038210129,0.5021701866667518,0.06503908915464249,-0.29169621072705276,-0.5788639442042305,-0.37600475582469184,0.22857808138577398,0.2608753412016332,0.33491647971957345,-0.6650995440351833,-0.5562896118497215,0.2898017174110319,0.16801407436510957,1.1199369651600357,1.1450607982045142
real_0048,0.611882974025654,0.6552641362145691,1.0323596061672056,0.4151490183651213,0.1579702969272629,-0.030571882432640196,0.08154453753980268,0.23108168644892804,-0.1250079032272216,0.16209528352677519,0.0030642957590219537,0.23045725704036438,0.5013256926205829,-0.06789144709592573,-0.11982188188628456,-0.15170997696476318,-0.2597612124370643,0.148094086004226,0.20274620118348213,-0.02227029062391428,0.5109352365070613,0.37102712536581484,0.350440113916488,0.14305351038135833,0.0034522111136149336,-0.7253375044738445,0.01875199820953083,0.819056450631612,0.3523951544059468,0.4527830827573267,-0.5133877828562461,-0.6958364682353251,-0.655700177206376,-0.20852113515883014,-0.2714595745717606,-0.15657526660228327,-0.20597467928040314,-0.2191545358168661,-0.05218370988363416,-0.3552889138329135,-0.5107585259667679,-0.2813908426055187,-0.22550700399022838,-0.22586108299991794,0.10634750663754644,0.5710873057154231,-0.38596302689533163,-0.3597621629944472,-0.8982239194731696,-0.48096232982626563,-0.2831852124073584,0.4332365563091799,0.8126164235035784,0.03164827891919718,-0.09007036196335745,-0.378947411504559,-0.1768842645429885,-0.03517634056951328,0.1492896887742824,0.10989232386459494,-0.5108684973011123,-0.3751919893635171,-0.49665753487880926,0.03549314001447235,-0.04657710239026462,-0.46063380959108,-0.3519516816600824,-0.18934935332542915,1.0345464721407198,0.6703262227775528
real_0049,1.0439713211121986,0.9596330327330646,0.7711822199463207,-0.012849674518669488,0.2019503810853555,-0.10576137442114404,-0.430834371354373,-0.12886348278253437,-0.513523389920686,-0.4181442197288751,0.16254380469269789,0.56114405323496,0.17789213681017663,-0.1568752480312674,-0.19963235610237134,0.11173209090450947,-0.19692208460578373,0.4220265642271225,-0.38505619362959453,-0.1928183279397499,0.20491797495316033,0.3675232743556399,0.37537419498388935,-0.23937775708031528,-0.33339530083832936,0.15404522055914194,-0.27015443029345815,0.5495639786545301,-0.14006298823612975,-0.27849137562771376,-0.8706680866524525,-0.32424206965666036,-0.2485456029516922,0.04528725897153716,-0.1091029318650513,-0.025513015227551727,-0.03193429147538435,0.43260441345071976,-0.11994082649155752,0.22949140074587981,0.16482609145001303,-0.0478495044277939,0.11380730100563191,-0.317609881867699,0.5949093459445612,-0.3923889839752607,0.32860504166655063,-0.06116670273621295,-0.4312351449788897,-0.2377593905950825,0.24747697924849585,0.3133174749184123,0.005867030066829593,-0.09634150090773977,0.2588283450132676,0.04270814451848422,0.578795877217333,-0.026100930982035267,0.11122397363157475,0.19594783676777214,0.6473011060855932,-0.17633824199255527,-0.7444056063546157,0.148580430823421,0.5089985832613038,0.6176439643008731,-0.05331829302178524,0.12357820766247558,1.1259962414702378,1.2026176905046073
real_0050,0.6717810388350589,0.5567461613220882,1.1857885928404543,0.4875506324640507,0.586571373578238,0.012226154771703808,0.3681110238107309,0.11881225662762086,-0.2082463770298319,-0.08615902905979497,0.521228756995351,0.20322805224664364,-0.24002799815140047,0.07013893195384462,0.16253907449250862,0.30275221210841186,0.3414701210706056,-0.016611487516982097,-0.4308421568098777,0.4559745704454883,0.49669952884277724,0.10660588082109287,-0.04991583130251337,-0.9815144440727684,-0.2345020169268395,0.23810514775328717,0.17412375233502897,0.398992634680709,0.5432372845040957,0.4515345867749221,-0.7956761162696439,-0.06717702828033034,-0.2850398567081998,0.4529309334199314,-0.11922923573980639,0.3487656315170436,0.29887014010143526,0.3722350626733913,0.1255247149101973,-0.28235476871039733,-0.43745752374459973,-0.3674046922176716,-0.6152834773551432,-0.3382360508609224,0.028336873154022807,-0.0891602691609954,0.044498308846646684,-0.18856413903383173,-0.08896022656787139,-0.06049405528802909,-0.07014109435936339,-0.4215105783876825,0.05214549494045648,0.02587272476787679,0.34748399318584966,0.4201087156410766,0.6154578916992117,0.19738976949484477,-0.40092162666860576,-0.15311813845650307,-0.32498433091018897,0.253541567829187,-0.03614339137975284,0.19339392967649555,0.6395982158526279,0.19164626505110516,0.050731385598096285,-0.043581161099863756,0.9748887991682706,0.9846575290984092
real_0053,0.7708103944611223,1.1073316035828529,0.9070302709602851,0.04501760424214134,-0.3111175584840641,-0.13254689815374976,-0.20743503626634058,-0.20584166503023696,0.021409631239679275,-0.13142353287525835,0.01246374895803165,-0.2304194976183963,0.2994086995276745,-0.6025853300397102,-0.1529385638777308,-0.6578182543263736,-0.8052324801348607,-0.5512711617102287,-0.03676065784691149,-0.16955829938520034,-0.5522001946237485,0.3036441601078145,0.12104213646541279,0.06723529299915733,-0.6065605551269393,0.3884991849241012,-0.10768400674114015,0.7480794385162899,-0.17839649569957036,-0.6989434738096306,-0.054761156789448984,0.4659589421674158,0.6256511659148024,0.5130016987474636,-0.11504637600118715,-0.14593222141373385,-0.1805132455864526,0.015477245306026843,0.6259697959970937,0.3507118583648548,-0.6243256245793852,-0.5037010005474909,0.5321910356141472,-0.2756277549854671,0.09754452232293867,0.13858631174153105,-0.11732876679122686,-0.5994481638744128,-0.279680127442994,0.020376320570201858,-0.007734210930491495,0.2530324915350578,0.15757587357025707,-0.35337502616046235,-0.2767616498776581,-0.4754387480744193,-0.12247388444785115,0.6691177951003988,-0.31625013562051824,-0.5685242141937605,-1.0,0.04017673336612422,-0.32608268814514396,-0.24153457707669224,-0.22925371038898718,-1.0,-0.2970123080372418,-0.378466024680063,0.7659575550795388,1.3079974751478043
real_0054,1.0931600889629705,0.7831474994567,1.125196158946971,0.0896507551518541,0.3421577209210991,0.11811242638104065,-0.41957420156776715,-0.7434154215531454,0.5160078215802717,-0.22737201254125006,-0.6268609843337162,-0.6409542676209246,-0.9275049002584925,0.26379937075437987,0.37808575251880927,0.2026662683857498,-0.09089400375744273,-0.4358139221509361,-0.23028503123269367,-0.41635462465736844,0.5125530300938848,0.3627667777935451,0.30543190507450346,-0.11207617050352922,0.6146320526469611,-0.6285123173887972,-0.12521101738510795,0.005686921803739753,0.438307179810641,-0.12084734349155055,-0.006271121592549979,0.04566819200914676,-0.5051656280239505,0.027484214124664258,-0.0338322570058657,-0.013832632043979144,-0.4367874776866444,-0.1601523842938904,0.19703139601334388,0.22296187102455123,0.06282846985057755,0.10427362343696889,0.02780836970713524,0.17193524511045497,0.5311581825774657,-0.32264370622961985,0.21489084585544593,0.7999849384909219,0.03424279471946963,-0.06327232867391819,-0.11739041894653979,-0.17529730392569937,0.11645959704887808,0.3617931828700657,0.22341392286095468,0.44660951401155463,-0.13515404917082932,-0.8929433666955169,0.3448776591513196,-0.021215162108056112,0.2153440928601611,0.24371283273374508,0.20176143183688214,0.3137154113348338,-0.051764729410057636,-0.31625187713019226,0.4010713025347404,0.8209498101797253,0.9326867391076037,0.7955752224105781
real_0056,0.9851427647536171,1.1041715619097785,1.0002623363845926,-0.5184714738767175,-0.5083114439078603,0.3046245584910523,0.40139748069093906,0.12096098473574496,-0.08003933734587865,-0.9286257057672482,-0.47101067686188913,0.34149812586620343,0.566436524730958,-0.651942005822666,-0.5172207791723605,-0.6620090240845896,-0.04492457833499497,0.2102124766170726,-0.22156972932585361,-0.5331156592717776,-0.16835600050460095,-0.16097845528786647,0.3205960458742453,0.20124204322181533,0.1457140622360739,-0.6410420193017485,-0.7153631664101189,-0.372482106807705,-0.30135272846633415,0.3757639622297748,-0.43146748106261607,-0.28643119835702874,-0.11979884616405892,-0.3240021254085631,0.22011642022370254,-0.1410335113072878,-0.38605674849759275,0.07012840992211078,-0.02520258926542085,0.004114363149526328,0.07447625845130632,0.08977356763848199,0.15992036921312092,-0.3920832351677675,-0.009042004571283763,-0.2060873568883099,0.5391741205994698,1.0573682321776587,0.38471259390247364,0.49641745432302237,0.2862206222365424,0.02703721499385999,-0.00551962896543895,0.1439554260747172,0.08455084327937014,0.3799387228735789,0.059516474266809304,-0.3871081943506534,-0.1253238173250787,-0.1455381970627685,-0.3002925342674584,-0.20818747534933968,-0.1796964162786436,-0.6066842948029735,0.0970909731453906,0.050712729874625884,0.00907104611135489,-0.3326235094189792,0.9125785589818992,1.280198737427612
real_0057,1.2578816158341681,0.7546622826791705,1.0003171951095473,-0.40210134279262394,-0.5109506997738567,-0.46105803324741923,-0.6944896699362614,-0.3592722997608701,-0.5043123223901633,-0.5371888394002888,-0.6814251476776146,-0.25756612061324075,-0.07591283129002249,0.13766681615664816,-0.07327841749962402,-0.09712268855522327,-0.0622115029200178,0.2404810160954463,-0.1649945611279688,-0.05927657707397005,-0.2272989272152863,0.5117365336939136,0.34181579348305013,0.17908188767382172,0.0009370458847444141,-0.18460607160681985,-0.4074264017171961,0.11881096258648083,0.13704875192116317,0.23362213394447295,-0.21067991927936247,-0.2054706722016083,-0.009527568814625742,0.13499894126614306,-0.03860689488669408,0.06811905254524664,-0.1771518566486041,-0.1942196225655468,0.4517141557897734,0.1876083336113158,0.02862344490704892,-0.3352848659943582,-0.3006303285686785,-0.6290284624640321,0.041303192035376246,0.1968593855191243,0.21760315947848438,-0.046369621637913,0.028333415698606812,-0.42496549054862853,-0.25096089787618736,-0.5136179244956902,-0.4087188150404085,-0.059318476085239324,-0.18357714481486254,0.3398101668970576,0.13894093232640525,0.5945583971648897,0.04528415157280119,0.1225188418280907,0.03022152894193228,0.5259955981473556,0.2802435861472953,-0.20929562706723276,-0.14583160035659132,-0.1661362148488482,0.20637041186508262,0.26840283900443473,0.9476142517661343,0.9089890249850041
real_0058,0.9426207315104562,1.3802807780037618,1.0236037578624801,0.44097883271713056,0.27048329803722354,0.17115989485083224,0.17803018082443903,0.6490826639990526,0.5772794720400897,0.005581643968165018,0.1658643602099822,0.013966785557480266,0.5686619886743314,0.5583975649703251,-0.1240749648513165,0.46353210353643604,0.1287963776317123,-0.4504843782720922,0.287945844130967,-0.4100458404895946,-0.37148106666858965,-0.300418515254667,-0.945858788059139,-0.4524849056672801,-0.21017566991965336,0.15826310513822794,-0.5265298274880744,-0.6587533676792771,-0.43913424165772974,-0.13063035446302848,-0.01005465299635721,0.0026515081132764684,-0.15680135535660306,-0.039035868957810416,-0.14646775269412576,-0.021942925331749408,0.6788265773842033,-0.351361244684377,-0.7647373177736744,0.12584756774789851,-0.015177858515287523,0.221786215040765,0.15042520165162332,0.6118276674138855,-0.28478643061330866,0.07774377706314001,0.33717185960765594,0.05867942393193787,0.29518651827900655,-0.8028339517659486,-0.1614973669325098,-0.1635173197661177,0.06917829037833653,0.3228270368503665,-0.2083160233560554,-0.4221581777441693,-0.11006753622456275,0.04760050745215147,-0.2924420554257821,-0.2558747081329401,-0.08190380330270483,0.03989750069101969,-0.4325264333996871,-0.23998506929296037,-0.5564685738088904,-0.0974641360576178,-0.34396109081068543,-0.02879007829098158,1.1928622118011019,1.0180486348892677
real_0059,1.4070640460622292,0.9737615100229007,0.8741026641507922,-0.08223110698438738,0.44666841255375755,0.20244372277349126,0.3687369511000722,-0.09463248411661182,0.370119376364149,0.132277418723028,-0.1397857819444706,0.004020950128294461,0.5917073887213661,0.5507555855310943,0.07430944749938506,-0.03623192006171766,0.16776574364668725,0.7449534002647585,-0.47462633583959885,0.10315993052226852,0.11559798041826323,0.7238391510911882,-0.0646785906449842,-0.11079618248580869,-0.2052769526260012,-0.018165425679317948,0.1853619787742639,-0.4349094976997163,-0.18497785104386508,0.8130210246237729,0.5061247131123762,0.29564202086823316,-0.07029541942942993,-0.2105733637913627,0.1390489864494175,-0.012314482453916462,-0.2537353710007652,-0.41918624795271947,0.48686033066373946,-0.04557251044380144,0.2568325714650827,0.20280089116635788,-0.12560507322535192,-0.6632193413738113,-0.45656849148358536,-0.09622278553237976,0.10665060966136976,0.41820053815370206,0.22610075271102242,-0.779848976456408,-0.37674932796913907,0.4059520291129377,0.6952463611501498,-0.001010305907697663,-0.5181144797059628,-0.3063971810705568,0.5294825635669553,0.8049482150685175,0.21434143699920352,-0.2905612986956736,-0.6739182685611333,-0.2912256970698001,-0.02387083464320822,-0.47748692762675604,0.064039873452055,-0.21579968702804408,0.6007606357759193,0.06390054443750268,0.8799516794932712,1.247666900404753
real_0060,0.8345949567449096,1.071027521714568,0.9934303293460027,0.012289414534193008,0.13962374637859354,0.25069592507310684,0.526631375668249,0.10899292660798682,-0.39477523964705824,-0.09890685740463487,-0.30717413349027195,0.13042909891117327,0.46044074898471116,0.06837915036359678,0.053221380582160416,-0.3615815675439566,0.12530602231546803,0.6459205562941395,0.7074742778677542,-1.170379283331762,-0.37612447721407566,-0.9809348272302013,0.3442911734024122,-0.09980223431282749,-0.12807307350358443,0.11708245890738389,-0.14631180892709458,-0.36939937789143446,-0.6744230947072963,0.22256524712548098,0.5251158556169822,0.15668047002159266,-0.5976085180618264,-0.019375008314501785,0.3754922852001783,-0.15218913997561123,-0.2518973680290404,-0.047491922858748016,0.24574658557276263,-0.5515613379765896,-0.047172679460488975,0.2509392786690882,0.5556922956874706,-0.8102643615367033,0.030806525486826452,0.10230409433259574,0.34320420424903064,0.46569260718436084,0.3483578114826034,0.4688904106785704,-0.17387175807154118,0.02050906718271102,-0.09315753591167547,0.04145843274903111,0.6459041044211149,0.5749523384191284,0.14115427603765196,0.3091357119612705,0.18735431560578553,0.3654833464781905,0.24684310708837318,0.17638286912598194,-0.028429040065118805,-0.4141921919501911,-0.11591560778667483,-0.05180278060079943,-0.5742836709859903,-0.24020428863651888,1.1097224546236057,0.9041047913698396
real_0061,1.2831787531160623,1.36513295149663,0.9484161664390772,-0.20736576792380468,0.47230411716368237,0.27164032417026823,0.5475068645511605,-0.5311527260301007,0.45474825005102326,0.5017578890014439,0.03291283177749296,-0.538048636622035,-0.17273577488924374,0.003918346686264906,-0.11339095315012623,0.016831008204049203,0.1700227253795542,0.2074469531704749,0.03272882192909701,-0.1354581489530986,-0.20084775251488388,-0.48500821468030875,-0.4778796083496047,-1.0828662027947527,0.17390867629556753,-0.3806686756868698,-0.16178950095385744,-0.5019362347739826,-0.179620497843612,-0.04224936091302675,-0.33907119889423065,-0.4343898852656807,-0.08343849819793073,0.03511586379196546,-0.1912697214961856,-0.14590942329243456,-0.10462838550735441,0.37528320834526946,0.6181941296389688,0.8072112460640681,0.1776431442625722,-0.16603588258862517,0.19650323804791545,-0.26868011081432325,0.10814043720347977,0.2498274686019792,0.7498727214734905,0.4848476062237763,-0.719370881751626,-0.12465663600082702,-0.17774223984715978,-0.27114529392336356,0.06634438094398754,-0.4012458933559592,-0.05502841008125814,-0.2974464585871851,-0.17989755210205355,-0.5780840947581096,0.1400579086233364,0.06675812012830097,-0.37990608236149787,-0.42236637080328804,-0.23270437862078702,0.183465780020071,-0.8215121634507143,-0.24388484280749798,-0.23075958343674796,-0.779840199208183,0.7652859468772777,0.6915044772542183
real_0062,1.0498049314061206,1.0724854914554123,1.0561161418814642,-0.4556564844209268,-0.195265700492148,-0.23821196934521455,-0.37353993473480757,-0.7560350793664523,0.28154456139242867,-0.44505536800633533,-0.10221659577816178,-0.2573210384550497,0.41419528687603296,-0.3520388744078017,-0.6334757480273882,-0.3733967089609874,0.22464830614316372,0.44230412504998096,-0.6486244262574096,-0.13081683303377717,-0.5241785600598864,-0.39491693733610145,0.3501922332066749,0.2864830226196292,0.5626947783420257,0.3734029526497125,-0.1277332460161047,-0.00021723204490775583,-0.23906135937189588,-0.27647893518610506,-0.11740478226590753,0.2184947182659828,0.18486087854512878,0.03355315720282595,0.15740199888043893,-0.00835500801054981,0.1908826558060251,-0.21134017590459353,0.287921282848434,0.33916975673186933,0.2691423401670312,-0.20474735637523156,-0.2549491039817868,-0.16159881329638834,-0.4049563449772448,-0.6997377955959043,-0.054951976531006724,0.10876026487739401,-0.8812017323436826,-0.010398046793675755,-0.5468929481565165,-0.03586194582859971,-0.6763843352097085,0.21116672829998973,-0.1897304749784768,0.3754913959253618,0.1103779473290095,-0.28237635591608373,-0.20974732336074822,-0.34055779957748356,-0.1548188048675279,-0.34118156219671314,-0.3707840023874037,-0.7664712350400369,-0.1634212235731647,-0.08546713745387738,-0.5873986125044728,-0.7349294501460844,0.9538508041185034,0.98030338702512
real_0063,1.2508721143621353,0.84243524945472,1.1284794767056276,0.2694220373102793,0.4164275017979006,0.06636165387449267,0.0836655046039416,-0.4166938208865449,0.612917393140647,0.06827068847034416,0.2914401951058572,0.30147051856533347,0.10570010427117407,0.5906667380869569,0.3700834840027526,0.22353009651385697,0.16663183058167524,0.2619900539219963,-0.4008662929944205,0.30418418714351914,-0.19421205560132934,-0.25721697269541155,0.3130064248714858,0.2698232960839914,-0.051032863161520524,-0.5509007213084846,-0.045958380301854604,-0.05440574471872269,0.3095826460872011,0.49934348866162503,0.23934783535009718,-0.6517577604890412,0.0005350546803370715,0.0462128136564357,-0.185436711686531,0.07537921604209742,0.017222931146137876,-0.2660328471786494,0.19291282423833273,-0.5704393705530203,0.5750900109277158,0.2598964481152691,-0.12011877052570896,-0.4490051831571743,0.46492690471477216,0.5275442372336259,0.17165481309573047,0.2874219515638873,0.2858810261325432,0.25516196773644745,0.05111287442208956,-0.15276212551260906,0.2997634741612264,0.3733742798989395,0.2460444668666848,0.006715635235203202,-0.017955978951152647,0.2681517378757271,0.5628711588229797,0.6362490815376591,-0.19017163247945665,-0.12337387194462758,-0.13825147576534913,0.1408389243801528,-0.299144310662797,-0.283240664841354,0.05279120636043114,0.31508280422426926,1.0075093991725033,0.8501514615140228
real_0064,0.9983769756529027,0.9691937799280951,0.8339803820549295,-0.5028937918018689,-1.0,-0.5031372435755241,-0.23261814884890666,-0.336623211746908,-0.34253261883093866,-0.2852470292605234,-0.9130580375983,-0.4704536271572364,-0.05502125012455218,0.00011175481684097543,-0.6406921920701395,-0.44979441736245573,-0.4199917697755576,-0.08064573929098082,-0.8172440260481063,-0.012578306323339665,0.030668434399772376,-0.11303070417230868,0.1876589517506596,0.34881702958362426,0.06333070792543573,-0.5046075943591306,0.30840473232530696,-0.20680222138567056,-0.4283631067540016,-0.03469142728280711,-0.16117270407070922,-0.05450666494336906,-0.17190880369365813,-0.18615855316285126,-0.16758084936626663,0.09678493106833025,0.11579913018557036,-0.0306634154305524,0.29281371741970635,0.13652528658670798,0.25515776802745893,0.08812312637766172,0.32650751378833115,0.027409010844782977,-0.178454230570244,-0.27011978578261125,0.47255186435089075,0.1694125392306405,-0.10539868335678636,-0.23357798391240836,-0.05966788387118105,-0.18274643776341976,-0.7822126357024822,0.16838114706788232,0.20201815047439503,-0.2314805212953664,-0.2858880595364658,-0.13975463346521566,0.043117991853175,-0.0015522682156579384,0.43590409636426364,-0.017361179458225066,0.2881875623587853,0.3336823128447386,0.19249056345901938,0.205863843513507,0.08380836016768989,-0.1344870299589918,1.0953014919707522,1.0132603616913078
real_0065,1.0060714119946805,1.049561899806731,0.9741856031763322,0.020747350572199647,0.017661726976905004,0.3006734201875431,0.09428985477912862,-0.11712758869935623,-0.2006034096515436,0.18302264997889997,0.35554141668697425,0.8132149931309937,0.18219173771741295,-0.1495618173509406,-0.10173059518826842,0.020032185662501673,0.2922612080057259,0.3544331283510511,-0.1180419513063638,0.11437982652279491,-0.19757743547006823,0.048500600621567684,0.07927052800939771,0.4838344999381611,0.32731528362181717,0.05941710529183539,-0.09198572803190558,-0.013910471731628238,-0.17922027045352568,-0.14598424291742013,-0.6449133961699499,0.24687425444514438,0.18325277158936498,0.19428534870318864,0.3202727476750888,-0.023557703871255012,0.10899970837611506,-0.23835619512470568,0.058885996978023214,-0.271726149616036,0.43036981127451857,-0.5197971806326582,-0.07642815127627513,-0.5427231801614192,0.24233256735723135,0.4112385485868008,-0.025250696510434267,-0.10830019947529948,0.009205107264515802,-0.4378398540700251,-0.2662818703331446,0.17597520908255368,0.2976093543871128,0.019401216963067625,0.14696198514172865,0.08847379352505837,0.39794554610559063,-0.053318253703434265,0.6269021541274551,0.4396030065817403,-0.07302232489054425,0.19735137034180206,-0.19705546777871724,0.18068769166870968,0.22813570632404662,0.06275467312133051,0.44588393864705544,-0.13917659360620177,1.0585852902500417,0.9272137907391215
real_0066,1.0460184067910867,0.7808833038947737,1.207138987725404,0.06429930008956303,-0.2945784445423471,-0.18920510777688324,0.20589153679066602,0.645496626718046,-0.0748870276662571,-0.48752443986580346,-0.06337401440877014,0.5670001464157939,0.3413955150429348,-0.5099064339385389,-0.17450948426573928,-0.043199399963520166,0.37536522331294053,0.220157827996736,0.053710278649009964,-0.11671720784854195,-0.39990207784474524,-0.27674750459375996,-0.10558401362047565,-0.029047675719040517,0.1166581751792212,-0.27978741186754874,0.11284600251994738,-0.09608823425761089,-0.311138020924955,0.034721350739879836,0.17898171114230932,-0.07980454218117017,-0.09243852403413416,0.4196297382331282,-0.04175210353662823,0.10498925882773527,-0.17361459722911768,-0.11117765274760166,0.3702688974523439,0.03895345795935032,0.44483350293564355,0.14048845642493804,-0.37077267568192723,-0.4191331002322951,-0.047928066176817274,0.12286126697539679,-0.12690352662099516,-0.3051878094632082,0.5846751768127483,0.13251096162077072,0.146701788300196,0.0329853528075435,-0.12748939500500536,-0.12569975319802174,-0.08180699264825159,-0.1569675171785718,0.7432180351297547,0.5182888115199974,-0.3311639159581736,0.18000727692510313,0.6389206605704006,0.31324324928758496,0.7238235079566134,-0.016864732636961838,0.6251139134352118,0.9678841544967807,0.7899725622496163,0.3449634655456931,1.1120339540020174,0.6783378450578951
real_0067,0.8410940857173647,0.9142211290156325,0.9142304709507034,0.032070642886957684,-0.09246190174443991,-0.035864615899364044,-0.022405804215759023,0.5140710866206514,-0.24340225135578247,-0.6413181824500794,-0.28818006466946694,-0.33912823472622794,-0.2258534422091123,-0.37672597913595546,-0.0691777961051569,-0.029296555866050053,0.06812071995212303,-0.46409591885078566,-0.09098922086001594,0.3677542720836084,0.5598667221319306,0.6037737151713212,0.16245160563978034,-0.020644272466278285,0.5729588856944761,-0.1851545135619369,-0.35887280910528463,0.0834003368156393,-0.3428100673508916,-0.21462814308506234,-0.10057961649813585,0.003736683798923196,0.3745289442904376,0.6010558035477196,0.138342560282536,-0.16787017440760607,-0.3218760645218788,-0.3625764086316445,-0.022840067021899634,-0.8544205561488836,-0.49230681437471335,0.5348482378394578,-0.28425491097578587,-0.11031333686364933,0.12355967324971906,0.6994661314222217,-0.44098377008417877,-0.23453093561624505,-0.3010165092100353,0.06836562842969374,-0.35664724359806294,0.34035042933638204,-0.07539091933866672,-0.012682235469329221,-0.5423892901409353,0.29870698355240766,-0.04102518454845937,-0.1955516849249645,-0.23831706342664777,-0.3983841003224911,-0.7255387745278629,0.10017103341660308,-0.147937648451002,-0.8499837845017949,-0.2709763177721982,-0.4932391296801035,-0.5984630607520156,-0.2891714468936982,0.9079723216242601,0.7862250199988272
real_0068,1.2138057320666744,0.9366887706110716,0.8606647559269268,0.17754848353096175,0.1971077554187275,0.0863148082207456,-0.5724828907484618,-0.06682920185660593,0.07563527821706928,0.3405831096789865,-0.4488215309692605,-0.2778987458166445,-0.1837767285274402,0.18529324603328867,0.23648092459850095,-0.493917615041531,-0.39444351479910056,-0.08121891523302602,0.149059907028845,0.07280876089177979,-0.09434276056906601,-0.6646711226434676,-0.3954446633631221,-0.21276390157003422,0.021626784193230685,0.06183027201009561,0.7881062855322815,0.38272317060273114,-0.16756330916385517,-0.30347473450889384,0.14070690649833367,-0.8058321304579582,-0.8439487208621765,-0.8160612667767702,0.23877197299005384,0.12942299503187824,0.2633404613416319,-0.2183543936749321,-0.5136137934923559,-0.6475798515333171,-0.5936922044832467,-0.7454262240387827,-0.31419391323681434,0.29794316649055635,0.3287246968101649,-0.4725140741251118,0.39400593535981165,-0.2979441121931131,0.10495033143626512,-0.19039965854022814,-0.1638072477797067,0.14568162848987587,0.06936569957785221,-0.1985256935376615,-0.4161741961036939,0.4553831086313825,0.08524420865435112,-0.20940766181347034,-0.09994918423334438,-0.342948334650495,0.33916551631964925,0.2152767156265073,-0.03515473956137133,0.2656437585469595,-0.10279458192447624,0.17337047242471704,-0.04223506974964848,-0.15121963729366616,0.9337510225319416,1.0915542464444317
real_0070,1.1440863609859957,1.095288701804476,1.1090728504481766,-0.014757127914816592,-0.5789878349258625,-0.4835364671028578,-0.3156673812955935,0.006448213204282311,-0.4258735670632732,-0.3157956162231312,-0.3602456089775248,-0.32683020171550864,0.15064960477220243,-0.034892453775546464,0.0684895521800789,-0.3802081678245615,0.19134720977449435,-0.12115533655344715,-0.08585520671023276,-0.1560763712136071,-0.5023607374327467,-0.04742536741968658,0.41835400787474203,0.1210932166989018,0.6465552850883172,0.39852369406658206,0.2348187742466697,0.09972211895787494,-0.10701318675281572,-0.20518149447638773,-0.05373247058034991,-0.1575534978515099,-0.2234840576263173,-0.050810580100560665,0.18101074961850183,-0.1822456825342761,-0.029477601088703217,-0.36794798013015695,0.24595635514741504,0.3021121670280509,0.0672922946374,-0.34698310327383713,0.3826203188784061,-0.25692624775074757,0.10771201952757488,0.1856781442238643,-0.029533589631944385,0.2508900140134369,0.0824057047139989,-0.011901337640612165,0.486132964913681,0.058088525777836963,-0.3450565282290843,0.2053806595546749,0.23812544264702745,0.22596414008539234,0.45767885183267254,-0.011412254725344878,-0.016735227573076064,0.030815505351453276,0.13165335399778444,0.4546170832078144,0.5771119577848198,-0.36197238774351537,0.44794446707315166,0.41936667441599007,-0.13632064140828223,0.3032302227723037,0.9280859808685837,0.5094920431405869
real_0071,1.3661533207134062,0.9147917283394688,0.9851193729930288,-0.1599528926685989,0.17842623100387,0.43930985304229064,-0.043382997042774415,-0.0901529475066207,0.22230053469816463,-0.37927113962104964,0.5882912476115014,0.628996634683819,-0.037424058949885576,0.2316950595432921,0.2309040882821774,0.14361389542856082,0.45242084109749875,-0.29928704828919905,0.3897550710119303,0.1813485944509172,-0.3516178908881853,-0.17781094993469423,-0.15551746623835377,-0.6080829603002098,0.07799999456868742,-0.30333313474656615,0.02824567095543931,-0.3175743047200069,-0.7657057887135951,-0.17560063915561192,-0.18218937555341108,0.3602359723376127,0.0223764538941576,-0.2741721665825467,0.08490403763837867,-0.06373642927007062,-0.10206748481757179,0.183560943354484,0.30292983991930544,-0.04980938401850252,-0.022909695042705375,0.2364017088944501,0.37526814905927347,0.12050515060018036,-0.06596633998989118,0.5123139672446358,-0.08745117449215213,0.26105449748137244,0.008092944234287247,-0.49963609117710817,0.018908443841325055,-0.06259591066862591,-0.08439854040973907,-0.8772183853897492,0.1292844925887221,0.074293574398929,-0.2926464416410488,0.24432334294867977,-0.07273972445353996,-0.3270241704716505,-0.08633248395531859,-0.561591305976955,-0.39586765736612073,-0.10437269120609663,0.33516404676410555,0.4029688908154587,0.36904955827405495,-0.09470095157869521,0.8333547413545047,1.1623438382481597
real_0072,1.3206225213945033,0.8673525246242676,1.2068973618588559,-0.062060851943049285,0.25016592121290315,-0.1833997928147127,0.04974384174090832,0.24468672258239751,0.04327262335188169,0.1077749201563401,0.6437115816469803,0.092414974150072,0.004851928497893954,-0.39889954630612495,0.24495752041344307,0.4157367486894009,-0.23353476353837715,-0.3006850964013688,0.18464636938412915,-0.43754569536594257,-0.6897380300818782,-0.31890877721663846,-0.6237275279779915,-0.3929962484725761,-0.27900443989929846,0.386584817785038,0.7991643800452352,0.3216889030352159,-0.002965565862246989,-0.10321112615759592,-0.2536858159269621,-0.3338035801918635,0.35163653479754836,-0.1391839374568009,0.07041885617053463,0.06289243677391264,0.19697976943229578,0.2044414135501583,0.27251508144098097,-0.23082967531677218,-0.4530686728233053,-0.635526626298829,-0.31573951035542347,-0.004732418400313524,0.25968310807613904,-0.04030322990425872,-0.12537860496429337,-0.301801346829474,-0.9151089280065677,0.32247371719619655,0.5007603230630793,-0.3454148939232843,0.43900419764562515,0.22480307819340534,0.2613751997095551,-0.07247974590734983,-0.5105062076816211,-0.5875645745909871,0.17748697779215955,0.20166745681103243,0.28673707396664594,-0.5579783748376455,-0.2562340010584168,0.33352266129138247,0.5609771780571247,-0.43455525533542017,-0.02387035707638798,0.0191388968572003,0.8794134082781856,1.0830353328121995
real_0073,1.02614853553725,1.0998539077411704,1.0947953623329008,0.23342069957450604,0.23978615084494365,0.11456891404647157,-0.12761593727259468,0.13339737906444077,0.6513237850223628,0.476386396334441,-0.14550993009523497,0.42884861903226124,0.21708944800706745,0.14527227658925085,0.207324063161025,0.09753988993243909,-0.01084790498143156,-0.18441959976675,-0.0824669195910021,-0.44009753336255,-0.619205268630054,0.09930009612673973,0.13260239856620204,0.37934134045163354,0.05087429943181751,-0.20149719194715815,-0.25087649498237913,-0.11160131981859128,0.24657596516603034,0.2550812990066041,0.4320936839601118,-0.20730358893318063,0.7766015096145529,-0.7811273197041689,0.1362717987414998,-0.05447399655369445,0.028576700068092042,-0.04080995381474378,0.11997775743637507,0.789988059588596,-0.2646471851795924,-0.05412493127786137,0.5043243516525496,0.0331603246091024,-0.31235752649602355,-0.16620822901370705,0.1574782016288191,0.1601703603554328,0.3780475985601849,-0.10255669605950002,-0.20372238753845573,0.054410803869717445,-0.5602121399916971,0.5549779156452995,-0.048827305927498815,0.10327121290232584,0.2669301007271516,-0.3261803480788892,0.152959340576215,0.01111620702475176,-0.6326579449754192,-0.5210898194715788,-0.13434048173098356,0.6339258785348985,0.2605941374833289,0.13094190021376761,0.14137403040214536,-0.18895535600521568,0.8496335704705245,0.9790786868150566
real_0074,1.1911130759620678,1.0782143661268275,1.1076565351839411,-0.09369457331400785,0.5739748023927707,0.33901262699901114,-0.1593879975007244,0.05508824417645246,-0.17671501980778836,0.5765011540090117,0.22150262487002037,0.12092337510310737,-0.47176032125086803,0.2851611816076001,0.35665919944964175,0.006992938722721026,-0.23436157042207073,-0.06294521769295372,0.16241954377606,0.5005507989041068,-0.056788399397249126,-0.5569353835220889,-0.29165650698225476,-0.23340104282897384,0.47379408659321554,-0.32485964609193574,-0.09755029311387335,0.737245374619689,-0.1605668450988481,-0.2555211292669835,-0.14939706539451078,0.7397252147387527,0.16840920329126569,0.28406860786841504,-0.06771420763769251,-0.0461057870658953,-0.05258405612975592,0.06471741820737748,-0.041335208458290286,-0.0327394913744883,0.014656654841585917,-0.3182937542894571,-0.19384244710355256,0.719114594659521,-0.8976037544012365,0.1487737153111873,-0.32088531779423113,-0.27000538907846217,-0.687243459509615,-0.04168884054358912,-0.16675766129491496,-0.4092237018070303,0.4919894373971737,-0.41403320906773833,0.055689363528743846,-0.47751394403055636,0.2419850367469662,-0.37578384456308395,-0.11203739466009803,-0.3205293994752639,-0.40306969404619286,-0.007058650677709533,-0.3452241701815207,-0.07141437887357856,-0.21061123739660711,-0.18597807712884978,0.14901312059485228,0.27934645319529655,1.0566418200874237,0.8692745798984186
real_0075,0.8787169084738397,0.8133258394900998,1.0705882189506364,0.3659924577680187,0.4743344831458195,0.29479934903908084,-0.40666301600693194,-0.1243447895536533,0.390723963711055,0.6392604936193187,0.33519010565133833,0.2960634825862857,-0.11907817692495465,0.1700574046342876,0.05602648087224861,-0.0716745672365595,0.7030695342710106,0.35712710355039057,-0.14252354000190606,0.3011496581462467,-0.1568949373230188,-0.27208534978750437,0.2413187046847877,0.3232448368122241,-0.2897364194643025,0.12198500020749416,-0.28821254652411754,0.15242692564958019,0.7349556199501319,0.09618911024606813,-0.31275926256702213,0.3048917207465218,-0.3304797489605508,-0.027822079252069327,-0.22885144243492636,0.04418986868021914,-0.2735441307553992,-0.008494432426858545,0.045231097422676114,0.20200680707329896,0.520464957210411,-0.14352868767684362,0.0969003012804678,0.6275939123353231,-0.04188147442990908,0.420944075056917,0.06570100294613779,-0.5911756814500534,-0.4750061052540651,0.554994527646544,0.011146232634510478,-0.3480805084337341,0.06315583986299182,-0.0033905365775350055,-0.0011853148107749956,-0.2405557691906757,-0.1641542206941916,-0.10399680166613819,-0.24601435424089715,-0.18688516229779717,-0.009514548836412808,-0.4459031917492939,-0.8273646630191172,-0.3844646298238557,0.3724190573748262,0.3906595332875211,0.05435857787514391,-0.15319333575679978,1.0075971481232997,1.1819342658300926
real_0076,0.9936218850304345,0.7786148677684702,1.3550013048652378,0.276656225599701,0.3898391861192572,0.44177583249547986,-0.06408292805482926,0.013489844204924351,0.3080085770600329,0.03173362113512178,0.24162272612695468,-0.052666628992149585,-0.46060552119615294,0.224963805406872,-0.2415063883694898,0.05067385797365177,-0.2712281712109343,-0.453189190282135,-0.3331166123232854,-1.0619012720262633,-0.5107499952768689,-0.7081102322577231,-0.16628833934850365,-0.5069369338717523,0.760735547029943,-0.7570947894199127,-0.2256608292747723,-0.23587429692943981,-0.0403948472272862,-0.14458983743084397,-0.02060649549781307,0.2013827554695077,0.25919646906028065,0.36506258989320217,-0.0034922245546412205,0.1117610871943519,0.053704134458673225,0.15405111760017537,-0.22272817081039478,0.006116172894484684,0.4426060192423349,-0.03786944850701365,-0.17778147175547754,-0.20282708339156658,0.16541415377350616,0.0807132327232175,0.04670827781823268,-0.06973495524841637,0.055593767347198286,0.516473077138374,-0.12393211052625569,-0.20571357972763463,-0.18805404483182586,0.9983029429172818,0.3017395392701499,0.36620342613489076,0.7443733302548231,0.33825692756085946,0.4322234744272374,0.003715194322794428,0.40661315583458985,0.08417831699166481,0.2179002073165247,-0.25066844604792016,0.13376869061944335,-0.05799120334377599,0.04380506491137052,0.20124479344184287,1.1177383038243383,1.0667366661660367
real_0078,1.3843933567733329,0.9555704883085481,0.6747507199360315,-0.036636320790768145,-0.06946041990762275,0.0921800884264127,0.16846087202442878,-0.04014995179916753,0.3297968194693598,0.10713429032978979,0.05626071593183121,-0.08761087916173643,-0.365718722580849,0.3117795716906793,-0.004568187502993537,0.07966491347729424,0.049716202171377705,0.3025642991410307,-0.10739808442624316,0.32082717384663484,0.4395872687563688,-0.22505329517895037,0.027327973322757312,-0.09147234323690928,0.0031784981442268267,0.10318961424695289,-0.20912201794721036,0.6836412596556362,-0.3708480774712094,-0.034650112083642715,0.15982174188464837,0.04972794817022547,0.22440779478981054,-0.11816434567989827,0.20393698449788822,-0.1509336414538306,-0.5738364973708305,-0.23309054197441326,-0.5061862533467574,0.40657082600385114,-0.35195003830225313,-0.4775954446510294,-0.03150231227067099,0.13015212821715472,0.13962539011910602,0.4663726686662424,0.0495199478370624,0.2642806962686824,-0.36263059467330105,0.21923059857047592,0.053923081440692355,0.8623034454905747,0.7412263964806333,-0.35557760971928537,-0.32223330605470474,0.43688919469962584,0.1857062587624592,0.11814458512925367,0.4052462438409954,0.036649066009690034,-0.07957295651011935,-0.2657230425604358,-0.020480362186501032,0.5090387972369933,0.2462006066493573,0.13674347070354267,0.5068862127472702,-0.13537815554105176,1.0145158405609596,1.1054831411570565
real_0080,0.9594049054405493,1.030544919183254,0.9454390707849208,-0.14819335439786996,-0.15836718724849655,0.13779685504768616,-0.2960866251987654,0.07368761711199695,0.010580816475983554,-0.4503252763836293,-0.22808569505539866,0.34879267427185795,0.4516829580821596,-0.025393016861349642,-0.6835000080468037,-0.1038209755756549,0.5601858912904801,0.7669380568494046,0.09525030520702613,0.30651668801000465,0.1260049892188983,0.21565757615212283,-0.6400536135175446,-0.6948955098223981,0.5747646673761614,-0.09493732198139776,-0.4585675413609429,0.1032080514895006,-0.12390109633822607,-0.0024776146722821496,-0.003190122171187748,-0.09026855697240127,-0.41801926317101035,0.03748978728537791,0.2571226700417964,-0.07383460508696113,-0.15654065769086,0.3469950005168392,-0.5351629732681854,0.07256530201759684,0.10615289008574036,-0.5985706755436366,0.47348355867285596,-0.07345772493012676,0.16191043336226257,0.451007450872378,0.7844122908561048,0.19577659158715105,-0.6928245776820654,-0.1962795864917215,-0.4021634312950026,-0.5165497067118608,-0.2951849870301701,-0.40915964104567815,-0.0753773223248374,-0.230763559447364,-0.6273132818015186,-0.2175575569939675,0.18142806635399605,0.023992583638131976,-0.29716148762634487,-0.211235520176429,-0.023723146212684284,0.30177777260899247,-0.08373001717862463,0.05431113247120928,-0.23465834988619133,-0.04450245884821601,0.9688309234186888,1.033964872463976
real_0081,1.26676708110758,1.0235084148780864,1.0226032552600006,-0.07614842827370721,0.0077725557353446675,0.18689204088901004,0.287034086570428,0.352886004239744,-0.399181779707509,-0.5171100318928877,-0.6838768244150291,-0.430561844287963,0.31844217594950164,-0.06707195424999075,-0.16599471677623334,-0.07779624247300591,-0.015929665910029284,0.15808640523771916,0.3946910385005646,-0.4030252935775447,-0.6214799727362933,-0.20753157666659358,0.2737424806863822,0.6078750700002247,0.45238049783266293,-0.12436431311544732,0.10838148107859333,-0.11182625574969697,-0.07730260157267912,0.22066598833644724,0.03807331117049084,0.4987833578977142,0.13647109701628699,-0.31169207578349656,-0.07968901938045844,-0.05739583542947693,-0.3540057425708696,-0.07749665882171664,0.14467656153099318,-0.22836015418674419,-0.15680024063282375,0.2604370319904027,0.38966863812034064,0.04657308362787277,-0.7144003013611864,0.2449627214177982,0.19131678960006654,0.6381181077545988,-0.43966753737967607,0.722405637803873,0.4710488214754388,-0.4555082550743101,-0.16363177855802322,0.4268340361983207,0.48542673329728486,0.8930278092399303,0.09896549009408731,-0.1594421819014366,0.22302712958544646,-0.08332954376757964,0.2566242161777454,-0.48900612920967307,-0.22071134598473877,0.3254237953335395,0.293774374991478,0.26968981447047674,-0.029779598483783025,-0.4953661305014615,1.100161172854237,1.2038696911713997
real_0083,0.4536052698817875,0.9889484432150786,0.7537023572865957,0.05177026162934237,0.6751870404707998,0.49800693689313535,0.6471443910617346,0.15905472919797875,-0.3337892141498406,-0.19653237704450402,0.24627125754535564,0.5063814006457588,0.7469422518424736,0.10782468499679262,-0.32163799422241285,-0.016878256730402934,0.24541900965482472,-0.28866570341626957,-0.3286020255356966,-0.6673945383946983,-0.0017000257779783284,-0.6136938637846254,-0.21205839447160374,-0.5186185310389364,0.4023467923849937,-0.2891099943076354,-0.12351578055174241,0.01995025995989775,-0.4484595251773677,-0.7425848535067532,-0.4631601653324636,-0.6211610933583323,-0.02071167315939465,-0.20334355335697957,0.04465152986941938,0.016054291577329266,-0.15378698423231474,-0.3545289198733542,0.8045802784481877,-0.21065604319568682,0.6814343196163377,0.004985216711609994,-0.12976915085752944,0.2286378873936028,0.12961751511234354,0.43001164929195823,0.4503142546037487,0.5963170243923211,0.2657133930192347,-0.4844020494557635,0.0271243734003751,0.6590306114691953,-0.3331514508830692,0.5693430027200336,0.23799384710023225,0.5070555452379026,0.5745546751988885,-0.06885456622195403,0.3562394565611772,0.22379851545357515,0.6159933691176338,-0.06389322579505174,0.2703776158926434,0.030783600806009254,0.5466939302731074,0.06787399251520948,-0.034228025962135755,-0.08968037179615918,0.9724110195302894,1.2813316776331878
real_0084,1.1622864660415602,1.0709612660987915,0.82652104433961,-0.310694466854585,0.02102091536928724,-0.27734116522030455,-0.334753484855062,-0.1918795634566151,-0.022617547967701587,-0.35275895042355443,-0.5687149507419007,-0.4265927625561636,-0.49559582525770957,0.07880796901742113,0.26700687631044867,-0.016597229092040616,-0.05069281115869431,-0.6073857871427253,0.17029160335697363,0.2344644014022283,-0.23131163665520013,0.11665929149484286,-0.9446972378466794,0.02292583200208996,-0.4633164092987262,0.3057970195678155,-0.10279519809316179,0.22389297601953514,-0.2472461815172678,-0.45824157959116496,-0.4182704669811558,-0.40884321037696353,0.11709728344723097,-0.4764808461488359,-0.1003372195241593,-0.1571527471247583,-0.33058359032614515,-0.38839631153566356,-0.20610023526359425,-0.5596853336334167,0.41132191670211304,0.44800244533923084,-0.01620184930939802,0.3850526537006974,0.18269225290350627,0.38891030286488615,-0.3114966598803819,-0.11254069457857444,0.7874610591915125,0.9641583996326921,0.4981765515829241,0.7463450823401003,0.7419307970696254,0.37725698761837345,-0.20228788197259126,0.12954393703681685,0.3306604572287922,-0.0480669316882875,0.25078747101911525,0.488860879489959,0.19525513551293827,0.4058405068789602,0.09734297894943049,-0.15156137665194436,-0.22790501452153406,0.24581671794836496,0.17415027201658373,-0.01401773687986027,0.9600234358134848,0.8822369197115436
real_0085,1.0062297510056246,1.1218485843388928,0.7290720149817662,0.10021897954927371,-0.30353564842197756,0.023402278621567702,0.0222145379599579,-0.08303060825919698,0.1665221637462288,-0.18015609037837962,0.19580944153599855,0.568519111898997,0.5059074503844152,0.018031490757229457,-0.6236280195095647,-0.038226073227805885,0.21845229114382259,0.30868153961840256,0.7753710265236768,0.3345804689912366,0.3131570663850861,0.5624404352922352,0.32535585658229554,0.5268262492225191,0.034265715823127596,0.4885716523854321,0.1712817189069883,-0.08944500526928845,-0.2009090712017074,-0.3293414807387482,0.22630850476847597,0.00424282534124637,0.1691149833075568,0.11207620326022716,-0.2912533989117512,-0.07960258204467707,-0.5977555170281528,0.021639995630009734,0.5609524201980634,-0.5817134421779491,-0.5351159028872617,0.28513375980319544,0.4756328105896794,0.26917343125463444,-0.23492785336021604,0.17502314840585487,-0.31263951546265706,-0.22688310494771785,-0.1219882058316738,0.30209682274876637,-0.13071911203520184,0.015268445794721391,0.30595701536275133,-0.1291950473334268,-0.07578662673269657,-0.32290718329990364,-0.28532609145480126,-0.1346204495623786,0.027519876983604585,-0.056841781782763334,0.06030971748895142,-0.706965878437478,-0.13237497813445626,0.23232226237257808,0.06986739837966746,0.2172633839177048,-0.24665888896427896,-0.017918254627570546,0.7589514976941893,0.8184369282501642
real_0086,1.0242393870435538,1.0904134093689208,0.8796763761462708,0.07714217317208556,-0.28688554541735445,-0.6890594945619858,-0.6900813399106719,-0.3808239309531068,-0.016253746326196417,-0.4858159577954187,-0.6311231423004898,-0.6210084201444811,-0.24619498841764265,-0.21706688289447076,-0.4606869358848985,-0.25875726478104,-0.28582541666946215,-0.36122522154845116,-0.716644324192615,0.6977849407041228,0.020550433274046917,0.2605011454262711,0.16229740996475264,-0.33740029535976074,-0.062116270687317676,0.117605902461132,-0.11467437268278807,0.6115957954059721,-0.5272863554952945,-0.7354194476992029,0.23760760105141748,0.13221892830545498,-0.0786851811367637,0.08995433763205096,-0.10344593907078559,-0.06859157973763175,-0.019215191024328504,-0.19071777961284864,0.2532824142547738,-0.10618349727748022,0.14470031699396252,0.7829142808500855,0.3014840096672002,0.3984051919790297,-0.33159684059105077,-0.2388464922562898,-0.7526023592469662,-0.2293267988581853,0.08864931653461498,-0.3242517844974917,-0.24699773742600184,0.361413350479441,-0.05147151968078076,0.2452802216028506,0.006479220071593565,0.32285485449951334,0.13638752913783153,0.0797290076924434,0.0035442821994611795,0.7715448273134122,0.6492780920723598,0.28339064246914497,-0.3298850693709347,-0.04381341524310628,0.4116510178444645,0.5385404656122615,0.041124160825409706,0.2179794098848382,1.126882864097388,0.9457288239828081
real_0087,0.709239576753907,0.8495709447760168,1.0215881119606987,-0.2914533859114829,-0.44405769589916666,-0.1664030277849115,-0.08031684325789659,-0.02702496307909466,-0.31024231181145806,-0.167990101539721,-0.38392044417234505,-0.395430867635568,-0.1094887999965338,-0.1053998119012907,0.11949365536888573,-0.06281067783476081,-0.20278536878817668,-0.40029859679024926,-0.5703247848012777,-0.4930858401531529,-0.4008307914219004,-0.6972742369333512,-0.38529996887536905,0.11063930647132177,0.3942836567929016,-0.35587615783273113,-0.15792440442349948,-0.24244622369415603,0.08312613802763594,0.15246969659576107,0.35262601915135294,0.143854925203022,-0.17576728220577717,0.29091670033163075,-0.06145054416851792,-0.07507360776138916,-0.15825149314896028,-0.5131847896031648,0.23717537991303161,0.00518201478594138,-0.5440492927940122,0.06023067944712557,-0.18904483880295114,-0.4351047051124505,-0.7260165125167425,0.5485717079377004,0.8454675900169494,0.04839321801378123,0.3154205602874301,0.031543894383743915,0.2991013926799799,-0.0841994496957895,-0.814654282199743,0.4456129947337374,0.19671416991256055,0.360785946609358,-0.3768136984451298,-0.5520073339469443,-0.19759395187797602,0.3433740145243731,0.12230267822007673,-0.09687661213821008,-0.3287266869759234,-0.510048928855456,-0.1927339612913787,0.21776347279763883,-0.050106873546893096,-0.25404159199679427,0.9358246626530826,1.1729098992758467
real_0088,0.9354133516737717,0.9277745129771627,1.0724564002632488,0.09488171782836718,-0.10946855359680252,-0.3863692283682366,-0.8145747442731506,-0.6655145876300315,0.08582536856965162,0.1209897102387287,-0.007517901797549777,-0.3523035621641039,-0.602170365580419,0.18805757152003946,0.4264310343834627,0.10986185991154254,0.253573557310797,0.14139787831686332,0.346070112783491,0.22423197284947888,0.4211986091139048,1.10804219370146,0.4063333315589224,0.46594530216699237,0.12824806603649413,0.05674199697592791,-0.11834366844305677,0.09282962705987935,1.1510203245363624,0.5620041342041835,0.28819204577265267,-0.011616038668864376,-0.1071255807260236,-0.07214336595639434,0.15417102841078217,-0.05903801385405483,-0.46105127287099723,-0.558479802536775,0.29097365898119654,-0.27608669451572865,-0.5998925741400151,-0.2317484775360397,-0.9960511880938628,-0.3306313333265244,-0.17270183839632547,0.5849143009244666,-0.6650623757935339,-0.6701762000478211,-1.0999903761561514,-1.042563192199694,-0.6270164335013158,-0.43382013269556896,-0.11795096036029279,-0.32929384450275256,-0.056564255886031894,0.48225541429072305,0.9127873936566202,0.3212284942545449,-0.0023920536351390576,-0.00974487880367128,-0.07229049697859673,0.1714513467742808,0.2687369750407201,-0.020078011818989806,-0.33617523179043246,-0.34688972793537604,0.14534022583943457,-0.23274669216831897,1.021811762937685,1.2221048951799853
real_0089,1.5074839487987117,1.0164442270942062,1.0104844486378606,-0.21024191525689037,0.5711760898035192,0.40877275842924327,-0.0011954504746972197,0.29224042238038656,0.3067135105998079,0.9252964195995111,0.46722623019930015,-0.04510272057002801,0.20089850225012665,-0.16177554588344206,-0.11160885489241619,-0.1330459237527694,0.3141045512142002,-0.3172119313982537,0.12217780950287235,0.5190504173059914,0.47183195373184234,-0.5692592188401833,-0.8203787201524703,-0.21498584359515546,0.12174993025336342,0.24161521408285216,0.005295577883558528,0.2725666896799842,0.06652173196490349,-0.2545499359773031,0.3788030124097287,0.7104064442001699,-0.5032627298786112,-0.5010021632060299,0.003108319326448866,-0.06571136588230697,0.08989202357047346,0.026490660621927953,0.08772105853005374,0.3886685990585897,0.21017180166434185,0.025776517463794314,0.18083128210804958,-0.23376348049947038,-0.04926945355703638,0.06483342333617659,0.4971047811695286,-0.20143513953686498,-0.0035751030104752834,0.1723513516674913,-0.038552413872429664,0.23266561187726104,0.36685844914276156,-0.032396484940090384,-0.05652582461891711,0.1284790763203592,0.6767744066057684,0.06588452380145828,-0.07442498303250666,0.3245746352969569,0.3184287452100754,-0.021046664679178356,0.11321074926304063,0.20606597834504464,-0.18741019229387612,-0.25948552917451906,-0.039914748237214054,0.5106783299652136,1.0390817924911544,0.8619564573794836
real_0090,1.24347443602322,0.9503585828800738,0.7778527935636826,0.19378654051432823,0.30146920773192815,-0.3650705808716948,0.03655659721214268,-0.013059279071088798,0.1538910132034614,0.15377432278081155,-0.12387717426699699,-0.04609187530493314,0.1429216316773646,0.09528033103576082,0.2928006048913664,-0.4140602406572311,-0.3149298227673782,0.16652985778218274,-0.48241009520339106,-0.39810459436744106,-0.167231399174437,-0.3880276226376445,-0.350175441485351,-0.2789545808126603,-0.5136401354067263,-0.05192233088380135,-0.1168359453933282,-0.33948062816054186,-0.5379330259076424,-1.0926666902135302,-0.5145493875124723,0.05381535368799134,-0.4553985254808804,-0.20678100154112966,0.16238487991023662,-0.04603961492180329,-0.32278039203884945,-0.608708035980267,-0.11670525527660475,-0.18050359820014844,0.6287364654506327,0.1931418160277472,0.41798779631604754,0.789165871017119,0.5459220209306566,0.2551010518336865,0.10874252075528058,0.5403153696959243,0.3368241692370716,1.012346568190226,0.8124150616090575,0.9890719830390429,0.3232005943720384,0.235357330471446,0.37650375736925934,0.44976557400856676,-0.009531070472052372,-0.2677070015018408,0.1517164213539649,0.6494073571324983,0.8352569513018685,-0.5210268123723257,0.12086573659310974,0.010124314520482791,0.22647668934174392,-0.06172989103345718,-0.8067037777709836,-0.23805451533005617,1.0457083244799945,0.8773088011252673
real_0091,1.0546952928455746,1.1387493073625128,0.6514830516300151,0.4411535686383364,0.5573079051966241,-0.0500141033668173,-0.06603722879695098,0.03509926741205088,0.5048262403163476,0.2028167389395284,-0.321014262504475,0.24965951018278063,-0.48579645485478856,-0.45915799134681623,0.14808792534988974,0.06340088067150357,-0.5017181629097429,-0.17469242202349433,0.4800110484983905,-0.34239144139898425,-1.0865867074355484,-0.1843991102243086,-0.20930861996142944,0.028449452332602654,-0.5154158814416602,-0.11212085633307874,-0.1622622108492264,-0.6529524760473765,-0.16444585440644716,0.6385488040588058,-0.4550488836856026,0.04569622418811367,0.572134830729344,-0.15225045285904162,-0.03669107192882884,-0.016523519133450043,0.020528874013005245,0.10673935148894609,0.38933364366788537,-0.09606896005954724,-0.3287198925405599,0.07150555545261075,0.3269707504337718,-0.1452009717399769,-0.363204969001988,-0.20968706233110393,0.49152920163015584,0.5993679135656328,-0.010605465623729882,-0.0943158297340383,0.15344949754751147,0.4504472572528677,-0.0725182595231148,-0.42070598807423154,-0.039944830979886554,-0.11858742341042282,-0.5950999926597172,-0.5514988334990812,-0.05265768145050719,0.17946530626380794,-0.3670575895873827,0.22686218926764035,-0.5748814915472718,-0.13223620468268996,0.0004756071452841071,-0.5800385439539829,-0.5375255555223516,-0.27525122147590214,1.112344363296106,1.0621377747744962
real_0092,0.8496599819208711,1.108809949710401,1.0084000481298168,-0.0938464168011374,0.19843586905715482,0.3436491330714714,0.6446710422730619,-0.02177553978054461,-0.10813124985044564,0.42776572131697066,-0.20393483411824437,-0.09878097503235003,-0.29090380315040804,0.24291746924626292,-0.010362088694703536,-0.3365120809184384,0.08144987418974581,0.06877715652094232,-1.1263848762507556,-0.03344602893118642,-0.05022862514885518,0.34780306622308205,0.12662770732534917,0.1758340852233211,0.3056959595491525,-0.5311172126244587,0.12589890218703254,0.4039944383406911,-0.00685148030401761,-0.10149339265053381,0.3699378626716118,-0.0020057875755112864,-0.2308710697925641,0.24509939127953065,-0.0716177442890634,-0.18501287461600058,-0.5244560086543608,-0.12904128105278503,-0.11694087706864816,-0.5341270186367746,0.1947010584965737,-0.5782106536508644,-0.09770829735631409,0.29973815542601856,0.054979843458774935,-0.14962354601560246,0.2651347463168132,0.9899511492857849,0.6664705214629142,-0.026829076013621528,0.08461638577463493,0.481797173550296,-0.05567267912871075,0.011095221127185084,-0.07844013945267911,-0.2964882929723862,-0.13561061235410438,-0.44683683911431016,-0.054533120429105214,0.09117553666443609,-0.13743339831816798,0.0283489006270424,-0.35096788811167373,-0.2325816387478134,0.0006940306080912796,-0.254955518106546,0.28922842007536254,-0.03075139155610762,1.018361081638699,0.8906227464075162
real_0093,0.8930116224482321,1.3629726488656602,0.9408579950698387,0.3413717470455839,0.12108269518294872,-0.11569863669361544,-0.011650130806245523,-0.0015133478166318888,0.25754119136915427,0.3501091307143812,-0.40702112500556775,-0.21049553740135946,-0.013195078491688994,0.0400514060974747,-0.048051616269147376,-0.26787928010206574,-0.29087365876318283,-0.13610969769689452,-0.12892491021304392,0.6719640014250773,0.26717878611660306,0.7110215535231825,-0.4366787553976672,-0.16685855241712347,-0.3049998776788906,-0.16964263024914122,-0.21572629597512152,0.4776132151540585,0.3223951355851414,0.41325484733941686,0.11177750842057803,-0.18196524694370064,-0.45155610285870507,-0.8353547372791372,0.25419846191896917,-0.16381236228152327,0.008321605495951748,0.21566406909441907,0.45285957102093116,0.13014843841680107,0.16138866497547313,-0.05354216579102812,-0.49431711763751174,-0.33817421573271483,-0.540848011419052,-0.24510315683526906,0.07946548397731953,0.08415835153097023,0.19353417657218955,0.7406355372579839,0.2789607187215015,0.6043842173590466,0.09586676115424939,0.16026477595580108,-0.06376226865376962,-0.4278812751645277,0.2156016973704434,-0.3877148702761491,-0.014777365897152193,-0.5443216709852949,-0.9453028004352236,-0.30000020710316316,0.13319775728154967,-0.4604025275059394,-0.7705468391010665,-0.31230255278395325,0.24696854600649312,0.2578254361997028,0.9262886880987456,1.2000448838150763
real_0094,0.7205419372379916,1.065588559760838,0.9877110619411282,0.21029729972267835,0.13964836469825873,0.2588680048546149,0.42047104167374205,-0.19914607261106249,0.4441858369359553,0.3042720667459921,0.47106911318541983,0.23622161351342263,0.1252596379154194,0.2273956024928146,0.08083086372901582,-0.14942546954189037,0.3850946981853476,0.31083337744884243,0.1935841295279419,0.4880876656490024,-0.47999951210710595,-0.3656701196191864,-0.4628835169031821,-0.16207557435664946,0.027203348388053827,-0.009483577249653992,0.6136534261376393,-0.16226140932578872,-0.3470605306584048,-0.4525604032603293,0.26056901381212233,0.13187247948263625,-0.1620056443092601,-0.14302866436679737,-0.16369728587279936,-0.08628315053806757,-0.11844754751308395,-0.05609324133628213,0.006736796491654262,-0.2703006528747649,0.38836536447651715,0.14530578102749042,-0.11072710905074667,-0.09038297559393499,-0.12866352099085712,0.3395404171096105,-0.22755617014825397,0.2399519468437831,-0.23048072496854238,-0.160733425739288,-0.19429169995695944,0.19979201092854415,0.2299581656706053,0.49187743309802734,0.13447344337929365,-0.26138187538749924,0.5347971647561642,0.13415614150425026,0.07795014307149967,0.2074734381875311,0.1882773727158588,-0.05214525714365589,0.06684838987784869,0.3167842841023053,-0.30232914199965505,-0.04286105394265342,0.02886428244992014,0.14722527134592564,1.017202998519143,0.9889681834067174
real_0095,1.2234235937308857,0.8563752434962711,1.0886273154025337,-0.03422388863454304,0.339982433907432,-0.22256304698846602,-0.35650007930483774,-0.18220583209104182,0.07808316670640852,0.7838976910367041,0.30939630850068683,-0.17810590106025675,-0.293592704800074,-0.17213056414615732,0.10179324673856333,0.313805915931772,-0.27651224551837705,-0.39709155501540955,0.17671213978733924,-0.3077808112140469,0.04145218451658034,-0.7294743607340674,-0.36402573107514846,-0.8026144012739808,-0.21384876404139025,-0.08980177662954,0.11733791265901464,-0.21521544410354432,-0.20149614401592386,-0.7171326799034441,0.12565832190219356,-0.7781746983572335,-0.06642558196122966,-0.01842033942538976,-0.29715107457371764,0.08132832510868676,0.04381016670695259,-0.12795588749768746,0.2521483489994563,-0.1804177080093795,0.43732125419778184,-0.0334587704419832,0.11868345910672184,0.5140359860864402,0.19199166544055335,-0.30225767655891483,0.16757995689877156,0.03936901954716879,0.6354658306154604,0.315080498095883,0.48097986457594194,0.11134875877144554,0.5507594871726795,0.24565057939631776,0.33516786562536993,1.0,0.19022300010075008,0.0012242126855400576,0.42479164640895417,0.30225727898188504,0.1679120852783762,0.030338660499159495,-0.036659819220360254,0.16496827900161712,-0.184049814399049,-0.06470660666837486,0.17716992356002909,0.12670574135834348,0.7647090678167247,1.0664336250553783
real_0096,1.1646512077575477,0.9321589663168833,1.0333679705155827,-0.23639464085944864,-0.007627608019855358,0.0049446400441703064,-0.3072321108154272,-0.47353581931508654,-0.524532446083013,0.45519576119439376,-0.06740200620962761,0.01864757911060741,-0.3517646654743025,-0.17018340696406556,0.3945248728594565,-0.4865827112524716,-0.17017255891297844,-0.18315418388387655,0.4776012577370504,0.10818860492213611,0.33245031063216113,-0.30535794259103244,0.371839904286247,0.25079813117838473,-0.18403724422131734,-0.23936369799184737,-0.04176342290460916,-0.11575758330697014,-0.1848720944835399,0.3070238805305161,0.00019967782471241868,-0.4738599672715555,-0.36608321483068107,-0.038755633385468335,-0.10253888452504378,0.011309376465359844,-0.10688861461339885,-0.21101783849253264,-0.46107028952135765,0.2727118972631023,0.07870290357731605,-0.16071196012878816,-0.043525176638433805,-0.1371081696218047,-0.22982117680497072,-0.12334619020134124,0.5244090802021919,0.06267214010446936,-0.18734285796869624,0.12368060205111302,-0.384640467847186,-0.12213318244871418,0.21285225593680943,0.1894940917285803,0.0026781488922367758,0.17684609251551922,0.34549848500867575,0.2235291344253592,-0.1312802102256832,-0.1406702658233584,0.1826538010182066,0.2810383953140662,0.6562527615257725,0.03719576585384713,-0.06952429920403672,-0.6707178038281595,0.5115896959142135,0.038124828450230325,0.8583380473034957,0.8870965665078038
real_0097,0.7637167901688917,1.1476536807798243,1.0783341726366493,-0.075368221918827,0.08500822139034553,-0.2067303074574276,-0.5532193099450441,-0.380790996655377,-0.4715386369204297,0.44478645884603163,-0.5110615709756245,-0.4716148764334789,-0.11083470699588038,0.06315435385005053,-0.3002242917127885,-0.27554501706531037,-0.31509901306406796,-0.38261434495135954,0.032688146833799336,0.27210266821006057,0.5373398267107381,0.14306967133513854,0.4805302944696938,0.06405857389192188,-0.6139191307952474,0.5416040126225781,0.22382987549079184,0.23863831355640175,0.8498299890781504,0.5785181945375566,-0.3241936319095506,0.17316236997412185,-0.07240876949489249,0.08431969108272225,0.09167379263092282,0.0040583485244579665,-0.08872836484839292,0.062163553270866145,0.3755443372696417,-0.4083482915096722,-0.708744338459453,-0.5336329097683192,-0.44386162077944474,-0.03446338403001256,-0.07443206407385056,0.5875170256638956,-0.6222834698873009,-0.6037204586098828,-1.110958866530713,-1.1040064722314489,-0.6793857215416976,0.3263583927320733,-0.2848677245706417,-0.0031402802981416525,-0.13381973373477132,-0.2031389501618524,-0.5175385592650636,0.3134023462117427,0.34950107092666327,-0.5204988750031113,0.37455187967450293,-0.14582282282581147,0.10152120135005838,0.10820361705722797,0.6419160258750563,-0.24191768737768443,-0.19027734557944948,-0.5499229494027901,0.8072628983116984,0.7336364874983927
real_0098,0.7521792138166029,0.8792150278170766,1.0418764999587125,-0.508083584803176,0.08928042500921099,0.17427752433472105,0.12600019113191224,-0.014210206808747627,0.4729342287556354,0.24685791975096705,-0.27022224953724394,0.24199540485625903,-0.055189179144144104,0.2162482615075117,0.4110882620568165,0.03383325185909561,-0.40887710151600815,-0.09889961225101845,-0.6982081635127102,0.3624449682391302,-0.2566733903739004,-0.19434940318946883,0.05206726019982877,-0.5700667333167906,0.5816105477976402,-0.5736118642580298,-0.32350335054406765,-0.014126276607531185,-0.48740586727249663,-0.3023437264219334,-0.7250028932636436,-0.8079559163811567,-0.24926515275693323,0.3069235403724203,-0.011624801566493037,0.026201186296414547,0.19364159863843544,-0.09150347323302022,-0.38717248845033087,0.24513471252417185,-0.22919456134784622,0.017693265339235376,-0.28109934754910154,0.42056728515328445,0.03438046607674583,-0.11289145673832973,0.51727018742676,-0.09639263874882305,-0.03395713387668936,-0.2194203807942025,-0.4145288930665113,-0.13303419184884563,0.33639436364046726,0.12390984276572688,-0.005770909120052153,-0.44588652905903525,-0.6688456713906356,-0.31897834533889496,-0.08473745225942034,-0.2780942610730719,-0.5298119791382968,-0.6528457949298265,-0.5032597401350661,0.4964485307306461,-0.15034100804810827,-0.3176065420475877,-0.5587172649789518,-0.49849343875599567,0.8606659203523788,0.8346779389245074
real_0099,0.7967943522284767,1.0809365422024972,1.0770052631800102,-0.2908275097090761,-0.04528681702596701,-0.04150975988202989,-0.2988798508791012,-0.041535125220486135,0.09430448809419306,-0.22567676023613534,-0.4935591918974773,-0.018880601280311056,-0.2858628353302102,-0.0035562980304228164,-0.5657126568579974,-0.06567162638623839,0.1041377448148568,-0.3260281100179986,0.17219393086698495,-0.06258905279240468,0.0034721718967268347,0.6674800039804087,-0.028038554151290584,0.3690074658294694,-0.21737128392283414,-0.8192696766236194,-0.4732593261563338,-0.10793214697558706,-0.20995704710258015,0.19038644984761577,0.17192670862006976,0.23782071812878045,-0.22261168829624983,0.2753465420643945,0.24671740826601057,-0.1673569745459737,-0.4725532448472446,-0.35079445222421884,-0.27442956902362037,-0.17090640020278533,0.40448240661356377,0.3302396143541904,0.1367564342132652,0.6463865441667107,-0.20330736496688648,0.1672253618843505,0.2730186792646422,0.27118504298750246,0.1577344797129312,-0.05104579792795378,0.17729700306910912,0.5849154070066445,0.11102841982944081,-0.3385816951202168,0.06403935121213897,-0.5882590641876798,-0.2827535186451189,-0.08994689953843754,-0.21181727524116747,0.024990563674348737,-0.26432266771209745,-0.26795541444280463,-0.5431056972906999,-0.27143712837084566,0.24501073938623275,-0.24182625403407035,-0.15336506365510297,0.3673096927819613,1.0310677375055697,0.9093841178257447
